date,source,destination,transfer_type,gb_transferred,cost
2026-01-01,service-1,service-2,cross-AZ,526.51,5.27
2026-01-01,service-2,service-3,cross-region,2495.58,49.91
2026-01-01,service-3,service-4,internet-egress,2076.81,93.46
2026-01-01,service-4,service-5,VPC-peering,925.22,9.25
2026-01-01,service-5,service-6,cross-AZ,1122.89,11.23
2026-01-01,service-6,service-7,cross-region,722.06,14.44
2026-01-01,service-7,service-8,internet-egress,1941.07,87.35
2026-01-01,service-8,service-9,VPC-peering,1013.74,10.14
2026-01-01,service-9,service-10,cross-AZ,1912.45,19.12
2026-01-01,service-10,service-11,cross-region,144.16,2.88
2026-01-01,service-11,service-12,internet-egress,425.49,19.15
2026-01-01,service-12,service-1,VPC-peering,975.94,9.76
2026-01-01,service-1,service-2,cross-AZ,361.38,3.61
2026-01-01,service-2,service-3,cross-region,1542.71,30.85
2026-01-01,service-3,service-4,internet-egress,222.0,9.99
2026-01-01,service-4,service-5,VPC-peering,2163.43,21.63
2026-01-01,service-5,service-6,cross-AZ,1927.14,19.27
2026-01-01,service-6,service-7,cross-region,619.02,12.38
2026-01-01,service-7,service-8,internet-egress,1261.1,56.75
2026-01-01,service-8,service-9,VPC-peering,1184.35,11.84
2026-01-02,service-1,service-2,cross-AZ,1839.68,18.4
2026-01-02,service-2,service-3,cross-region,1063.62,21.27
2026-01-02,service-3,service-4,internet-egress,179.04,8.06
2026-01-02,service-4,service-5,VPC-peering,756.97,7.57
2026-01-02,service-5,service-6,cross-AZ,1218.87,12.19
2026-01-02,service-6,service-7,cross-region,2438.78,48.78
2026-01-02,service-7,service-8,internet-egress,2214.78,99.67
2026-01-02,service-8,service-9,VPC-peering,535.37,5.35
2026-01-02,service-9,service-10,cross-AZ,1835.86,18.36
2026-01-02,service-10,service-11,cross-region,2348.38,46.97
2026-01-02,service-11,service-12,internet-egress,121.1,5.45
2026-01-02,service-12,service-1,VPC-peering,1830.27,18.3
2026-01-02,service-1,service-2,cross-AZ,1202.4,12.02
2026-01-02,service-2,service-3,cross-region,1732.57,34.65
2026-01-02,service-3,service-4,internet-egress,1553.41,69.9
2026-01-02,service-4,service-5,VPC-peering,2463.2,24.63
2026-01-02,service-5,service-6,cross-AZ,793.16,7.93
2026-01-02,service-6,service-7,cross-region,1986.74,39.73
2026-01-02,service-7,service-8,internet-egress,663.14,29.84
2026-01-02,service-8,service-9,VPC-peering,1145.46,11.45
2026-01-03,service-1,service-2,cross-AZ,2440.91,24.41
2026-01-03,service-2,service-3,cross-region,1938.73,38.77
2026-01-03,service-3,service-4,internet-egress,857.97,38.61
2026-01-03,service-4,service-5,VPC-peering,1586.49,15.86
2026-01-03,service-5,service-6,cross-AZ,219.26,2.19
2026-01-03,service-6,service-7,cross-region,739.35,14.79
2026-01-03,service-7,service-8,internet-egress,1824.14,82.09
2026-01-03,service-8,service-9,VPC-peering,1468.22,14.68
2026-01-03,service-9,service-10,cross-AZ,1227.21,12.27
2026-01-03,service-10,service-11,cross-region,1758.1,35.16
2026-01-03,service-11,service-12,internet-egress,1056.3,47.53
2026-01-03,service-12,service-1,VPC-peering,162.77,1.63
2026-01-03,service-1,service-2,cross-AZ,1158.46,11.58
2026-01-03,service-2,service-3,cross-region,2265.11,45.3
2026-01-03,service-3,service-4,internet-egress,2155.88,97.01
2026-01-03,service-4,service-5,VPC-peering,1081.59,10.82
2026-01-03,service-5,service-6,cross-AZ,153.33,1.53
2026-01-03,service-6,service-7,cross-region,1627.14,32.54
2026-01-03,service-7,service-8,internet-egress,1878.87,84.55
2026-01-03,service-8,service-9,VPC-peering,806.18,8.06
2026-01-04,service-1,service-2,cross-AZ,1243.99,12.44
2026-01-04,service-2,service-3,cross-region,2480.46,49.61
2026-01-04,service-3,service-4,internet-egress,1483.22,66.75
2026-01-04,service-4,service-5,VPC-peering,942.58,9.43
2026-01-04,service-5,service-6,cross-AZ,1605.97,16.06
2026-01-04,service-6,service-7,cross-region,532.05,10.64
2026-01-04,service-7,service-8,internet-egress,578.21,26.02
2026-01-04,service-8,service-9,VPC-peering,2319.82,23.2
2026-01-04,service-9,service-10,cross-AZ,674.08,6.74
2026-01-04,service-10,service-11,cross-region,845.89,16.92
2026-01-04,service-11,service-12,internet-egress,1405.07,63.23
2026-01-04,service-12,service-1,VPC-peering,2259.26,22.59
2026-01-04,service-1,service-2,cross-AZ,1975.48,19.75
2026-01-04,service-2,service-3,cross-region,205.08,4.1
2026-01-04,service-3,service-4,internet-egress,1763.27,79.35
2026-01-04,service-4,service-5,VPC-peering,1309.75,13.1
2026-01-04,service-5,service-6,cross-AZ,1241.33,12.41
2026-01-04,service-6,service-7,cross-region,1759.74,35.19
2026-01-04,service-7,service-8,internet-egress,570.96,25.69
2026-01-04,service-8,service-9,VPC-peering,2455.57,24.56
2026-01-05,service-1,service-2,cross-AZ,1648.74,16.49
2026-01-05,service-2,service-3,cross-region,977.57,19.55
2026-01-05,service-3,service-4,internet-egress,1540.49,69.32
2026-01-05,service-4,service-5,VPC-peering,619.53,6.2
2026-01-05,service-5,service-6,cross-AZ,1621.22,16.21
2026-01-05,service-6,service-7,cross-region,167.72,3.35
2026-01-05,service-7,service-8,internet-egress,918.84,41.35
2026-01-05,service-8,service-9,VPC-peering,1894.04,18.94
2026-01-05,service-9,service-10,cross-AZ,2039.15,20.39
2026-01-05,service-10,service-11,cross-region,707.01,14.14
2026-01-05,service-11,service-12,internet-egress,1394.58,62.76
2026-01-05,service-12,service-1,VPC-peering,1368.38,13.68
2026-01-05,service-1,service-2,cross-AZ,1111.49,11.11
2026-01-05,service-2,service-3,cross-region,648.24,12.96
2026-01-05,service-3,service-4,internet-egress,1787.75,80.45
2026-01-05,service-4,service-5,VPC-peering,705.67,7.06
2026-01-05,service-5,service-6,cross-AZ,2286.46,22.86
2026-01-05,service-6,service-7,cross-region,1368.4,27.37
2026-01-05,service-7,service-8,internet-egress,2189.15,98.51
2026-01-05,service-8,service-9,VPC-peering,797.78,7.98
2026-01-06,service-1,service-2,cross-AZ,2036.99,20.37
2026-01-06,service-2,service-3,cross-region,372.79,7.46
2026-01-06,service-3,service-4,internet-egress,1940.39,87.32
2026-01-06,service-4,service-5,VPC-peering,1028.67,10.29
2026-01-06,service-5,service-6,cross-AZ,1227.98,12.28
2026-01-06,service-6,service-7,cross-region,500.34,10.01
2026-01-06,service-7,service-8,internet-egress,144.71,6.51
2026-01-06,service-8,service-9,VPC-peering,1698.87,16.99
2026-01-06,service-9,service-10,cross-AZ,1510.52,15.11
2026-01-06,service-10,service-11,cross-region,1593.83,31.88
2026-01-06,service-11,service-12,internet-egress,712.0,32.04
2026-01-06,service-12,service-1,VPC-peering,674.27,6.74
2026-01-06,service-1,service-2,cross-AZ,2092.71,20.93
2026-01-06,service-2,service-3,cross-region,1927.01,38.54
2026-01-06,service-3,service-4,internet-egress,908.3,40.87
2026-01-06,service-4,service-5,VPC-peering,1630.73,16.31
2026-01-06,service-5,service-6,cross-AZ,2087.56,20.88
2026-01-06,service-6,service-7,cross-region,2233.19,44.66
2026-01-06,service-7,service-8,internet-egress,113.94,5.13
2026-01-06,service-8,service-9,VPC-peering,2052.31,20.52
2026-01-07,service-1,service-2,cross-AZ,940.94,9.41
2026-01-07,service-2,service-3,cross-region,1824.11,36.48
2026-01-07,service-3,service-4,internet-egress,991.36,44.61
2026-01-07,service-4,service-5,VPC-peering,1555.0,15.55
2026-01-07,service-5,service-6,cross-AZ,1652.28,16.52
2026-01-07,service-6,service-7,cross-region,1071.98,21.44
2026-01-07,service-7,service-8,internet-egress,1330.68,59.88
2026-01-07,service-8,service-9,VPC-peering,1843.15,18.43
2026-01-07,service-9,service-10,cross-AZ,1243.13,12.43
2026-01-07,service-10,service-11,cross-region,133.55,2.67
2026-01-07,service-11,service-12,internet-egress,130.97,5.89
2026-01-07,service-12,service-1,VPC-peering,1687.15,16.87
2026-01-07,service-1,service-2,cross-AZ,2133.37,21.33
2026-01-07,service-2,service-3,cross-region,1984.66,39.69
2026-01-07,service-3,service-4,internet-egress,844.96,38.02
2026-01-07,service-4,service-5,VPC-peering,1230.71,12.31
2026-01-07,service-5,service-6,cross-AZ,661.99,6.62
2026-01-07,service-6,service-7,cross-region,2473.96,49.48
2026-01-07,service-7,service-8,internet-egress,725.22,32.63
2026-01-07,service-8,service-9,VPC-peering,1099.03,10.99
2026-01-08,service-1,service-2,cross-AZ,1734.71,17.35
2026-01-08,service-2,service-3,cross-region,2202.44,44.05
2026-01-08,service-3,service-4,internet-egress,223.54,10.06
2026-01-08,service-4,service-5,VPC-peering,822.45,8.22
2026-01-08,service-5,service-6,cross-AZ,1465.57,14.66
2026-01-08,service-6,service-7,cross-region,1583.95,31.68
2026-01-08,service-7,service-8,internet-egress,268.07,12.06
2026-01-08,service-8,service-9,VPC-peering,1693.79,16.94
2026-01-08,service-9,service-10,cross-AZ,1367.35,13.67
2026-01-08,service-10,service-11,cross-region,2086.31,41.73
2026-01-08,service-11,service-12,internet-egress,633.25,28.5
2026-01-08,service-12,service-1,VPC-peering,568.06,5.68
2026-01-08,service-1,service-2,cross-AZ,2004.01,20.04
2026-01-08,service-2,service-3,cross-region,1789.29,35.79
2026-01-08,service-3,service-4,internet-egress,2000.02,90.0
2026-01-08,service-4,service-5,VPC-peering,1976.64,19.77
2026-01-08,service-5,service-6,cross-AZ,349.6,3.5
2026-01-08,service-6,service-7,cross-region,768.6,15.37
2026-01-08,service-7,service-8,internet-egress,724.2,32.59
2026-01-08,service-8,service-9,VPC-peering,2343.01,23.43
2026-01-09,service-1,service-2,cross-AZ,1269.92,12.7
2026-01-09,service-2,service-3,cross-region,366.54,7.33
2026-01-09,service-3,service-4,internet-egress,794.99,35.77
2026-01-09,service-4,service-5,VPC-peering,2192.56,21.93
2026-01-09,service-5,service-6,cross-AZ,2132.96,21.33
2026-01-09,service-6,service-7,cross-region,2260.81,45.22
2026-01-09,service-7,service-8,internet-egress,1032.47,46.46
2026-01-09,service-8,service-9,VPC-peering,1639.22,16.39
2026-01-09,service-9,service-10,cross-AZ,767.62,7.68
2026-01-09,service-10,service-11,cross-region,533.98,10.68
2026-01-09,service-11,service-12,internet-egress,152.56,6.87
2026-01-09,service-12,service-1,VPC-peering,636.26,6.36
2026-01-09,service-1,service-2,cross-AZ,1550.5,15.5
2026-01-09,service-2,service-3,cross-region,2270.1,45.4
2026-01-09,service-3,service-4,internet-egress,420.21,18.91
2026-01-09,service-4,service-5,VPC-peering,2303.23,23.03
2026-01-09,service-5,service-6,cross-AZ,928.92,9.29
2026-01-09,service-6,service-7,cross-region,1124.39,22.49
2026-01-09,service-7,service-8,internet-egress,975.95,43.92
2026-01-09,service-8,service-9,VPC-peering,1080.66,10.81
2026-01-10,service-1,service-2,cross-AZ,722.06,7.22
2026-01-10,service-2,service-3,cross-region,1776.65,35.53
2026-01-10,service-3,service-4,internet-egress,1919.64,86.38
2026-01-10,service-4,service-5,VPC-peering,2075.47,20.75
2026-01-10,service-5,service-6,cross-AZ,919.1,9.19
2026-01-10,service-6,service-7,cross-region,1935.1,38.7
2026-01-10,service-7,service-8,internet-egress,1630.42,73.37
2026-01-10,service-8,service-9,VPC-peering,2399.0,23.99
2026-01-10,service-9,service-10,cross-AZ,1119.48,11.19
2026-01-10,service-10,service-11,cross-region,2481.54,49.63
2026-01-10,service-11,service-12,internet-egress,1876.95,84.46
2026-01-10,service-12,service-1,VPC-peering,1963.07,19.63
2026-01-10,service-1,service-2,cross-AZ,161.69,1.62
2026-01-10,service-2,service-3,cross-region,1293.76,25.88
2026-01-10,service-3,service-4,internet-egress,1368.01,61.56
2026-01-10,service-4,service-5,VPC-peering,197.44,1.97
2026-01-10,service-5,service-6,cross-AZ,849.11,8.49
2026-01-10,service-6,service-7,cross-region,2393.55,47.87
2026-01-10,service-7,service-8,internet-egress,1122.67,50.52
2026-01-10,service-8,service-9,VPC-peering,548.08,5.48
2026-01-11,service-1,service-2,cross-AZ,1332.01,13.32
2026-01-11,service-2,service-3,cross-region,181.04,3.62
2026-01-11,service-3,service-4,internet-egress,1338.37,60.23
2026-01-11,service-4,service-5,VPC-peering,1526.24,15.26
2026-01-11,service-5,service-6,cross-AZ,958.47,9.58
2026-01-11,service-6,service-7,cross-region,1930.18,38.6
2026-01-11,service-7,service-8,internet-egress,425.71,19.16
2026-01-11,service-8,service-9,VPC-peering,2207.64,22.08
2026-01-11,service-9,service-10,cross-AZ,2393.07,23.93
2026-01-11,service-10,service-11,cross-region,102.96,2.06
2026-01-11,service-11,service-12,internet-egress,2122.53,95.51
2026-01-11,service-12,service-1,VPC-peering,1314.65,13.15
2026-01-11,service-1,service-2,cross-AZ,1207.37,12.07
2026-01-11,service-2,service-3,cross-region,672.83,13.46
2026-01-11,service-3,service-4,internet-egress,1173.58,52.81
2026-01-11,service-4,service-5,VPC-peering,2381.03,23.81
2026-01-11,service-5,service-6,cross-AZ,605.89,6.06
2026-01-11,service-6,service-7,cross-region,529.7,10.59
2026-01-11,service-7,service-8,internet-egress,680.55,30.62
2026-01-11,service-8,service-9,VPC-peering,1424.4,14.24
2026-01-12,service-1,service-2,cross-AZ,2332.72,23.33
2026-01-12,service-2,service-3,cross-region,1477.32,29.55
2026-01-12,service-3,service-4,internet-egress,684.36,30.8
2026-01-12,service-4,service-5,VPC-peering,1157.09,11.57
2026-01-12,service-5,service-6,cross-AZ,1036.96,10.37
2026-01-12,service-6,service-7,cross-region,211.77,4.24
2026-01-12,service-7,service-8,internet-egress,1325.54,59.65
2026-01-12,service-8,service-9,VPC-peering,402.42,4.02
2026-01-12,service-9,service-10,cross-AZ,2121.39,21.21
2026-01-12,service-10,service-11,cross-region,1417.51,28.35
2026-01-12,service-11,service-12,internet-egress,2127.06,95.72
2026-01-12,service-12,service-1,VPC-peering,2394.51,23.95
2026-01-12,service-1,service-2,cross-AZ,2363.65,23.64
2026-01-12,service-2,service-3,cross-region,341.03,6.82
2026-01-12,service-3,service-4,internet-egress,2367.56,106.54
2026-01-12,service-4,service-5,VPC-peering,2009.79,20.1
2026-01-12,service-5,service-6,cross-AZ,1966.38,19.66
2026-01-12,service-6,service-7,cross-region,316.31,6.33
2026-01-12,service-7,service-8,internet-egress,530.84,23.89
2026-01-12,service-8,service-9,VPC-peering,2440.39,24.4
2026-01-13,service-1,service-2,cross-AZ,612.09,6.12
2026-01-13,service-2,service-3,cross-region,505.73,10.11
2026-01-13,service-3,service-4,internet-egress,969.64,43.63
2026-01-13,service-4,service-5,VPC-peering,2292.05,22.92
2026-01-13,service-5,service-6,cross-AZ,1242.86,12.43
2026-01-13,service-6,service-7,cross-region,2309.4,46.19
2026-01-13,service-7,service-8,internet-egress,902.41,40.61
2026-01-13,service-8,service-9,VPC-peering,643.67,6.44
2026-01-13,service-9,service-10,cross-AZ,1288.49,12.88
2026-01-13,service-10,service-11,cross-region,1577.14,31.54
2026-01-13,service-11,service-12,internet-egress,1039.6,46.78
2026-01-13,service-12,service-1,VPC-peering,930.47,9.3
2026-01-13,service-1,service-2,cross-AZ,623.34,6.23
2026-01-13,service-2,service-3,cross-region,760.02,15.2
2026-01-13,service-3,service-4,internet-egress,1715.48,77.2
2026-01-13,service-4,service-5,VPC-peering,987.7,9.88
2026-01-13,service-5,service-6,cross-AZ,291.42,2.91
2026-01-13,service-6,service-7,cross-region,431.57,8.63
2026-01-13,service-7,service-8,internet-egress,993.71,44.72
2026-01-13,service-8,service-9,VPC-peering,2318.81,23.19
2026-01-14,service-1,service-2,cross-AZ,1009.67,10.1
2026-01-14,service-2,service-3,cross-region,245.54,4.91
2026-01-14,service-3,service-4,internet-egress,1103.19,49.64
2026-01-14,service-4,service-5,VPC-peering,1705.16,17.05
2026-01-14,service-5,service-6,cross-AZ,1524.63,15.25
2026-01-14,service-6,service-7,cross-region,769.13,15.38
2026-01-14,service-7,service-8,internet-egress,1751.41,78.81
2026-01-14,service-8,service-9,VPC-peering,1613.5,16.13
2026-01-14,service-9,service-10,cross-AZ,513.22,5.13
2026-01-14,service-10,service-11,cross-region,489.15,9.78
2026-01-14,service-11,service-12,internet-egress,1413.24,63.6
2026-01-14,service-12,service-1,VPC-peering,1682.65,16.83
2026-01-14,service-1,service-2,cross-AZ,2408.59,24.09
2026-01-14,service-2,service-3,cross-region,1112.63,22.25
2026-01-14,service-3,service-4,internet-egress,1935.85,87.11
2026-01-14,service-4,service-5,VPC-peering,379.65,3.8
2026-01-14,service-5,service-6,cross-AZ,2235.06,22.35
2026-01-14,service-6,service-7,cross-region,1619.46,32.39
2026-01-14,service-7,service-8,internet-egress,1609.67,72.44
2026-01-14,service-8,service-9,VPC-peering,441.86,4.42
2026-01-15,service-1,service-2,cross-AZ,195.0,1.95
2026-01-15,service-2,service-3,cross-region,1783.48,35.67
2026-01-15,service-3,service-4,internet-egress,380.94,17.14
2026-01-15,service-4,service-5,VPC-peering,404.73,4.05
2026-01-15,service-5,service-6,cross-AZ,550.0,5.5
2026-01-15,service-6,service-7,cross-region,334.59,6.69
2026-01-15,service-7,service-8,internet-egress,1600.94,72.04
2026-01-15,service-8,service-9,VPC-peering,1112.81,11.13
2026-01-15,service-9,service-10,cross-AZ,738.63,7.39
2026-01-15,service-10,service-11,cross-region,1157.8,23.16
2026-01-15,service-11,service-12,internet-egress,2125.94,95.67
2026-01-15,service-12,service-1,VPC-peering,2324.99,23.25
2026-01-15,service-1,service-2,cross-AZ,1269.94,12.7
2026-01-15,service-2,service-3,cross-region,1460.21,29.2
2026-01-15,service-3,service-4,internet-egress,717.28,32.28
2026-01-15,service-4,service-5,VPC-peering,1332.64,13.33
2026-01-15,service-5,service-6,cross-AZ,1895.49,18.95
2026-01-15,service-6,service-7,cross-region,1281.13,25.62
2026-01-15,service-7,service-8,internet-egress,824.97,37.12
2026-01-15,service-8,service-9,VPC-peering,1496.88,14.97
2026-01-16,service-1,service-2,cross-AZ,2371.97,23.72
2026-01-16,service-2,service-3,cross-region,2231.16,44.62
2026-01-16,service-3,service-4,internet-egress,1946.18,87.58
2026-01-16,service-4,service-5,VPC-peering,762.9,7.63
2026-01-16,service-5,service-6,cross-AZ,679.74,6.8
2026-01-16,service-6,service-7,cross-region,2112.49,42.25
2026-01-16,service-7,service-8,internet-egress,535.16,24.08
2026-01-16,service-8,service-9,VPC-peering,1553.47,15.53
2026-01-16,service-9,service-10,cross-AZ,1153.43,11.53
2026-01-16,service-10,service-11,cross-region,1223.17,24.46
2026-01-16,service-11,service-12,internet-egress,1190.9,53.59
2026-01-16,service-12,service-1,VPC-peering,2259.88,22.6
2026-01-16,service-1,service-2,cross-AZ,309.03,3.09
2026-01-16,service-2,service-3,cross-region,1978.96,39.58
2026-01-16,service-3,service-4,internet-egress,2104.03,94.68
2026-01-16,service-4,service-5,VPC-peering,2362.91,23.63
2026-01-16,service-5,service-6,cross-AZ,1186.24,11.86
2026-01-16,service-6,service-7,cross-region,1300.16,26.0
2026-01-16,service-7,service-8,internet-egress,2407.11,108.32
2026-01-16,service-8,service-9,VPC-peering,1200.28,12.0
2026-01-17,service-1,service-2,cross-AZ,1308.52,13.09
2026-01-17,service-2,service-3,cross-region,897.41,17.95
2026-01-17,service-3,service-4,internet-egress,175.91,7.92
2026-01-17,service-4,service-5,VPC-peering,1139.33,11.39
2026-01-17,service-5,service-6,cross-AZ,1672.22,16.72
2026-01-17,service-6,service-7,cross-region,1755.87,35.12
2026-01-17,service-7,service-8,internet-egress,115.62,5.2
2026-01-17,service-8,service-9,VPC-peering,2022.53,20.23
2026-01-17,service-9,service-10,cross-AZ,1281.8,12.82
2026-01-17,service-10,service-11,cross-region,1349.79,27.0
2026-01-17,service-11,service-12,internet-egress,2408.18,108.37
2026-01-17,service-12,service-1,VPC-peering,782.71,7.83
2026-01-17,service-1,service-2,cross-AZ,1927.96,19.28
2026-01-17,service-2,service-3,cross-region,1479.46,29.59
2026-01-17,service-3,service-4,internet-egress,1781.92,80.19
2026-01-17,service-4,service-5,VPC-peering,1102.76,11.03
2026-01-17,service-5,service-6,cross-AZ,770.1,7.7
2026-01-17,service-6,service-7,cross-region,1410.7,28.21
2026-01-17,service-7,service-8,internet-egress,999.86,44.99
2026-01-17,service-8,service-9,VPC-peering,634.99,6.35
2026-01-18,service-1,service-2,cross-AZ,2114.17,21.14
2026-01-18,service-2,service-3,cross-region,1242.0,24.84
2026-01-18,service-3,service-4,internet-egress,2133.56,96.01
2026-01-18,service-4,service-5,VPC-peering,1237.68,12.38
2026-01-18,service-5,service-6,cross-AZ,1436.31,14.36
2026-01-18,service-6,service-7,cross-region,2488.67,49.77
2026-01-18,service-7,service-8,internet-egress,2383.61,107.26
2026-01-18,service-8,service-9,VPC-peering,752.06,7.52
2026-01-18,service-9,service-10,cross-AZ,2184.77,21.85
2026-01-18,service-10,service-11,cross-region,1036.97,20.74
2026-01-18,service-11,service-12,internet-egress,271.0,12.19
2026-01-18,service-12,service-1,VPC-peering,1481.87,14.82
2026-01-18,service-1,service-2,cross-AZ,2444.92,24.45
2026-01-18,service-2,service-3,cross-region,2438.35,48.77
2026-01-18,service-3,service-4,internet-egress,403.52,18.16
2026-01-18,service-4,service-5,VPC-peering,1950.97,19.51
2026-01-18,service-5,service-6,cross-AZ,2026.8,20.27
2026-01-18,service-6,service-7,cross-region,984.99,19.7
2026-01-18,service-7,service-8,internet-egress,1680.63,75.63
2026-01-18,service-8,service-9,VPC-peering,1271.58,12.72
2026-01-19,service-1,service-2,cross-AZ,646.94,6.47
2026-01-19,service-2,service-3,cross-region,1927.03,38.54
2026-01-19,service-3,service-4,internet-egress,730.61,32.88
2026-01-19,service-4,service-5,VPC-peering,917.07,9.17
2026-01-19,service-5,service-6,cross-AZ,556.04,5.56
2026-01-19,service-6,service-7,cross-region,1826.25,36.53
2026-01-19,service-7,service-8,internet-egress,1200.94,54.04
2026-01-19,service-8,service-9,VPC-peering,1164.1,11.64
2026-01-19,service-9,service-10,cross-AZ,1550.95,15.51
2026-01-19,service-10,service-11,cross-region,477.43,9.55
2026-01-19,service-11,service-12,internet-egress,2255.57,101.5
2026-01-19,service-12,service-1,VPC-peering,1216.26,12.16
2026-01-19,service-1,service-2,cross-AZ,979.66,9.8
2026-01-19,service-2,service-3,cross-region,404.06,8.08
2026-01-19,service-3,service-4,internet-egress,503.09,22.64
2026-01-19,service-4,service-5,VPC-peering,2308.86,23.09
2026-01-19,service-5,service-6,cross-AZ,1195.88,11.96
2026-01-19,service-6,service-7,cross-region,1833.24,36.66
2026-01-19,service-7,service-8,internet-egress,293.24,13.2
2026-01-19,service-8,service-9,VPC-peering,1644.31,16.44
2026-01-20,service-1,service-2,cross-AZ,2311.65,23.12
2026-01-20,service-2,service-3,cross-region,819.91,16.4
2026-01-20,service-3,service-4,internet-egress,1489.94,67.05
2026-01-20,service-4,service-5,VPC-peering,2356.53,23.57
2026-01-20,service-5,service-6,cross-AZ,1826.37,18.26
2026-01-20,service-6,service-7,cross-region,249.58,4.99
2026-01-20,service-7,service-8,internet-egress,1008.97,45.4
2026-01-20,service-8,service-9,VPC-peering,305.85,3.06
2026-01-20,service-9,service-10,cross-AZ,2167.16,21.67
2026-01-20,service-10,service-11,cross-region,1591.99,31.84
2026-01-20,service-11,service-12,internet-egress,2395.32,107.79
2026-01-20,service-12,service-1,VPC-peering,147.42,1.47
2026-01-20,service-1,service-2,cross-AZ,1115.41,11.15
2026-01-20,service-2,service-3,cross-region,350.47,7.01
2026-01-20,service-3,service-4,internet-egress,941.17,42.35
2026-01-20,service-4,service-5,VPC-peering,488.53,4.89
2026-01-20,service-5,service-6,cross-AZ,889.11,8.89
2026-01-20,service-6,service-7,cross-region,2066.23,41.32
2026-01-20,service-7,service-8,internet-egress,485.68,21.86
2026-01-20,service-8,service-9,VPC-peering,1236.8,12.37
2026-01-21,service-1,service-2,cross-AZ,2311.8,23.12
2026-01-21,service-2,service-3,cross-region,2497.07,49.94
2026-01-21,service-3,service-4,internet-egress,701.54,31.57
2026-01-21,service-4,service-5,VPC-peering,2345.36,23.45
2026-01-21,service-5,service-6,cross-AZ,727.33,7.27
2026-01-21,service-6,service-7,cross-region,1092.47,21.85
2026-01-21,service-7,service-8,internet-egress,2207.02,99.32
2026-01-21,service-8,service-9,VPC-peering,1986.82,19.87
2026-01-21,service-9,service-10,cross-AZ,2157.97,21.58
2026-01-21,service-10,service-11,cross-region,2020.62,40.41
2026-01-21,service-11,service-12,internet-egress,664.15,29.89
2026-01-21,service-12,service-1,VPC-peering,1441.11,14.41
2026-01-21,service-1,service-2,cross-AZ,1024.6,10.25
2026-01-21,service-2,service-3,cross-region,1203.31,24.07
2026-01-21,service-3,service-4,internet-egress,469.5,21.13
2026-01-21,service-4,service-5,VPC-peering,857.84,8.58
2026-01-21,service-5,service-6,cross-AZ,2158.35,21.58
2026-01-21,service-6,service-7,cross-region,2254.14,45.08
2026-01-21,service-7,service-8,internet-egress,1564.37,70.4
2026-01-21,service-8,service-9,VPC-peering,1295.84,12.96
2026-01-22,service-1,service-2,cross-AZ,1810.82,18.11
2026-01-22,service-2,service-3,cross-region,1561.25,31.22
2026-01-22,service-3,service-4,internet-egress,2460.82,110.74
2026-01-22,service-4,service-5,VPC-peering,556.21,5.56
2026-01-22,service-5,service-6,cross-AZ,1177.71,11.78
2026-01-22,service-6,service-7,cross-region,2303.78,46.08
2026-01-22,service-7,service-8,internet-egress,2295.37,103.29
2026-01-22,service-8,service-9,VPC-peering,1288.83,12.89
2026-01-22,service-9,service-10,cross-AZ,423.54,4.24
2026-01-22,service-10,service-11,cross-region,2055.9,41.12
2026-01-22,service-11,service-12,internet-egress,1504.4,67.7
2026-01-22,service-12,service-1,VPC-peering,1955.6,19.56
2026-01-22,service-1,service-2,cross-AZ,1210.06,12.1
2026-01-22,service-2,service-3,cross-region,589.32,11.79
2026-01-22,service-3,service-4,internet-egress,157.57,7.09
2026-01-22,service-4,service-5,VPC-peering,1441.93,14.42
2026-01-22,service-5,service-6,cross-AZ,486.51,4.87
2026-01-22,service-6,service-7,cross-region,549.13,10.98
2026-01-22,service-7,service-8,internet-egress,1147.13,51.62
2026-01-22,service-8,service-9,VPC-peering,1160.98,11.61
2026-01-23,service-1,service-2,cross-AZ,758.53,7.59
2026-01-23,service-2,service-3,cross-region,416.61,8.33
2026-01-23,service-3,service-4,internet-egress,2367.89,106.55
2026-01-23,service-4,service-5,VPC-peering,415.94,4.16
2026-01-23,service-5,service-6,cross-AZ,941.85,9.42
2026-01-23,service-6,service-7,cross-region,831.68,16.63
2026-01-23,service-7,service-8,internet-egress,2179.21,98.06
2026-01-23,service-8,service-9,VPC-peering,1084.15,10.84
2026-01-23,service-9,service-10,cross-AZ,397.7,3.98
2026-01-23,service-10,service-11,cross-region,124.63,2.49
2026-01-23,service-11,service-12,internet-egress,1832.68,82.47
2026-01-23,service-12,service-1,VPC-peering,1814.8,18.15
2026-01-23,service-1,service-2,cross-AZ,1102.68,11.03
2026-01-23,service-2,service-3,cross-region,403.14,8.06
2026-01-23,service-3,service-4,internet-egress,991.92,44.64
2026-01-23,service-4,service-5,VPC-peering,1515.72,15.16
2026-01-23,service-5,service-6,cross-AZ,1789.46,17.89
2026-01-23,service-6,service-7,cross-region,287.78,5.76
2026-01-23,service-7,service-8,internet-egress,1435.14,64.58
2026-01-23,service-8,service-9,VPC-peering,762.7,7.63
2026-01-24,service-1,service-2,cross-AZ,1581.44,15.81
2026-01-24,service-2,service-3,cross-region,1655.54,33.11
2026-01-24,service-3,service-4,internet-egress,2285.45,102.85
2026-01-24,service-4,service-5,VPC-peering,1084.91,10.85
2026-01-24,service-5,service-6,cross-AZ,1390.22,13.9
2026-01-24,service-6,service-7,cross-region,743.72,14.87
2026-01-24,service-7,service-8,internet-egress,787.74,35.45
2026-01-24,service-8,service-9,VPC-peering,210.48,2.1
2026-01-24,service-9,service-10,cross-AZ,786.57,7.87
2026-01-24,service-10,service-11,cross-region,253.19,5.06
2026-01-24,service-11,service-12,internet-egress,2413.4,108.6
2026-01-24,service-12,service-1,VPC-peering,1598.23,15.98
2026-01-24,service-1,service-2,cross-AZ,515.56,5.16
2026-01-24,service-2,service-3,cross-region,380.24,7.6
2026-01-24,service-3,service-4,internet-egress,988.29,44.47
2026-01-24,service-4,service-5,VPC-peering,838.35,8.38
2026-01-24,service-5,service-6,cross-AZ,770.21,7.7
2026-01-24,service-6,service-7,cross-region,1223.67,24.47
2026-01-24,service-7,service-8,internet-egress,2290.9,103.09
2026-01-24,service-8,service-9,VPC-peering,1463.32,14.63
2026-01-25,service-1,service-2,cross-AZ,1350.96,13.51
2026-01-25,service-2,service-3,cross-region,2035.72,40.71
2026-01-25,service-3,service-4,internet-egress,109.66,4.93
2026-01-25,service-4,service-5,VPC-peering,573.73,5.74
2026-01-25,service-5,service-6,cross-AZ,1290.85,12.91
2026-01-25,service-6,service-7,cross-region,1792.74,35.85
2026-01-25,service-7,service-8,internet-egress,1264.07,56.88
2026-01-25,service-8,service-9,VPC-peering,492.92,4.93
2026-01-25,service-9,service-10,cross-AZ,2331.96,23.32
2026-01-25,service-10,service-11,cross-region,888.8,17.78
2026-01-25,service-11,service-12,internet-egress,1991.72,89.63
2026-01-25,service-12,service-1,VPC-peering,2239.39,22.39
2026-01-25,service-1,service-2,cross-AZ,931.48,9.31
2026-01-25,service-2,service-3,cross-region,2128.75,42.57
2026-01-25,service-3,service-4,internet-egress,1805.86,81.26
2026-01-25,service-4,service-5,VPC-peering,2270.27,22.7
2026-01-25,service-5,service-6,cross-AZ,703.15,7.03
2026-01-25,service-6,service-7,cross-region,2335.07,46.7
2026-01-25,service-7,service-8,internet-egress,256.74,11.55
2026-01-25,service-8,service-9,VPC-peering,2004.81,20.05
2026-01-26,service-1,service-2,cross-AZ,1145.6,11.46
2026-01-26,service-2,service-3,cross-region,526.94,10.54
2026-01-26,service-3,service-4,internet-egress,290.57,13.08
2026-01-26,service-4,service-5,VPC-peering,1034.91,10.35
2026-01-26,service-5,service-6,cross-AZ,1034.38,10.34
2026-01-26,service-6,service-7,cross-region,651.9,13.04
2026-01-26,service-7,service-8,internet-egress,617.24,27.78
2026-01-26,service-8,service-9,VPC-peering,1058.83,10.59
2026-01-26,service-9,service-10,cross-AZ,1084.27,10.84
2026-01-26,service-10,service-11,cross-region,1161.68,23.23
2026-01-26,service-11,service-12,internet-egress,2185.02,98.33
2026-01-26,service-12,service-1,VPC-peering,1567.01,15.67
2026-01-26,service-1,service-2,cross-AZ,149.04,1.49
2026-01-26,service-2,service-3,cross-region,1345.84,26.92
2026-01-26,service-3,service-4,internet-egress,1929.88,86.84
2026-01-26,service-4,service-5,VPC-peering,235.39,2.35
2026-01-26,service-5,service-6,cross-AZ,1114.26,11.14
2026-01-26,service-6,service-7,cross-region,1182.9,23.66
2026-01-26,service-7,service-8,internet-egress,2389.65,107.53
2026-01-26,service-8,service-9,VPC-peering,1241.64,12.42
2026-01-27,service-1,service-2,cross-AZ,1899.76,19.0
2026-01-27,service-2,service-3,cross-region,826.96,16.54
2026-01-27,service-3,service-4,internet-egress,1970.34,88.67
2026-01-27,service-4,service-5,VPC-peering,874.39,8.74
2026-01-27,service-5,service-6,cross-AZ,1132.06,11.32
2026-01-27,service-6,service-7,cross-region,1250.76,25.02
2026-01-27,service-7,service-8,internet-egress,2323.27,104.55
2026-01-27,service-8,service-9,VPC-peering,228.29,2.28
2026-01-27,service-9,service-10,cross-AZ,572.48,5.72
2026-01-27,service-10,service-11,cross-region,1793.78,35.88
2026-01-27,service-11,service-12,internet-egress,1486.19,66.88
2026-01-27,service-12,service-1,VPC-peering,703.68,7.04
2026-01-27,service-1,service-2,cross-AZ,794.08,7.94
2026-01-27,service-2,service-3,cross-region,981.54,19.63
2026-01-27,service-3,service-4,internet-egress,1180.83,53.14
2026-01-27,service-4,service-5,VPC-peering,2063.27,20.63
2026-01-27,service-5,service-6,cross-AZ,133.16,1.33
2026-01-27,service-6,service-7,cross-region,2255.25,45.1
2026-01-27,service-7,service-8,internet-egress,1091.27,49.11
2026-01-27,service-8,service-9,VPC-peering,653.19,6.53
2026-01-28,service-1,service-2,cross-AZ,1320.19,13.2
2026-01-28,service-2,service-3,cross-region,1683.21,33.66
2026-01-28,service-3,service-4,internet-egress,207.41,9.33
2026-01-28,service-4,service-5,VPC-peering,1817.87,18.18
2026-01-28,service-5,service-6,cross-AZ,1925.83,19.26
2026-01-28,service-6,service-7,cross-region,498.84,9.98
2026-01-28,service-7,service-8,internet-egress,502.92,22.63
2026-01-28,service-8,service-9,VPC-peering,589.08,5.89
2026-01-28,service-9,service-10,cross-AZ,2011.91,20.12
2026-01-28,service-10,service-11,cross-region,752.81,15.06
2026-01-28,service-11,service-12,internet-egress,2010.25,90.46
2026-01-28,service-12,service-1,VPC-peering,1397.26,13.97
2026-01-28,service-1,service-2,cross-AZ,1941.21,19.41
2026-01-28,service-2,service-3,cross-region,1428.82,28.58
2026-01-28,service-3,service-4,internet-egress,905.85,40.76
2026-01-28,service-4,service-5,VPC-peering,2285.71,22.86
2026-01-28,service-5,service-6,cross-AZ,1816.71,18.17
2026-01-28,service-6,service-7,cross-region,1261.73,25.23
2026-01-28,service-7,service-8,internet-egress,1629.83,73.34
2026-01-28,service-8,service-9,VPC-peering,1578.02,15.78
2026-01-29,service-1,service-2,cross-AZ,959.48,9.59
2026-01-29,service-2,service-3,cross-region,1117.05,22.34
2026-01-29,service-3,service-4,internet-egress,863.82,38.87
2026-01-29,service-4,service-5,VPC-peering,2498.84,24.99
2026-01-29,service-5,service-6,cross-AZ,1492.15,14.92
2026-01-29,service-6,service-7,cross-region,320.93,6.42
2026-01-29,service-7,service-8,internet-egress,1345.86,60.56
2026-01-29,service-8,service-9,VPC-peering,219.91,2.2
2026-01-29,service-9,service-10,cross-AZ,792.76,7.93
2026-01-29,service-10,service-11,cross-region,1170.31,23.41
2026-01-29,service-11,service-12,internet-egress,1382.25,62.2
2026-01-29,service-12,service-1,VPC-peering,2442.84,24.43
2026-01-29,service-1,service-2,cross-AZ,2457.33,24.57
2026-01-29,service-2,service-3,cross-region,335.37,6.71
2026-01-29,service-3,service-4,internet-egress,1391.52,62.62
2026-01-29,service-4,service-5,VPC-peering,2061.06,20.61
2026-01-29,service-5,service-6,cross-AZ,670.51,6.71
2026-01-29,service-6,service-7,cross-region,1901.35,38.03
2026-01-29,service-7,service-8,internet-egress,2208.69,99.39
2026-01-29,service-8,service-9,VPC-peering,1689.97,16.9
2026-01-30,service-1,service-2,cross-AZ,886.49,8.86
2026-01-30,service-2,service-3,cross-region,2315.52,46.31
2026-01-30,service-3,service-4,internet-egress,2220.45,99.92
2026-01-30,service-4,service-5,VPC-peering,1817.98,18.18
2026-01-30,service-5,service-6,cross-AZ,972.8,9.73
2026-01-30,service-6,service-7,cross-region,2000.55,40.01
2026-01-30,service-7,service-8,internet-egress,858.66,38.64
2026-01-30,service-8,service-9,VPC-peering,707.09,7.07
2026-01-30,service-9,service-10,cross-AZ,1336.03,13.36
2026-01-30,service-10,service-11,cross-region,2493.12,49.86
2026-01-30,service-11,service-12,internet-egress,2030.37,91.37
2026-01-30,service-12,service-1,VPC-peering,1851.5,18.52
2026-01-30,service-1,service-2,cross-AZ,1184.83,11.85
2026-01-30,service-2,service-3,cross-region,848.68,16.97
2026-01-30,service-3,service-4,internet-egress,2154.16,96.94
2026-01-30,service-4,service-5,VPC-peering,1462.56,14.63
2026-01-30,service-5,service-6,cross-AZ,2051.81,20.52
2026-01-30,service-6,service-7,cross-region,1270.61,25.41
2026-01-30,service-7,service-8,internet-egress,1909.5,85.93
2026-01-30,service-8,service-9,VPC-peering,2182.58,21.83
2026-01-31,service-1,service-2,cross-AZ,1039.34,10.39
2026-01-31,service-2,service-3,cross-region,132.57,2.65
2026-01-31,service-3,service-4,internet-egress,711.82,32.03
2026-01-31,service-4,service-5,VPC-peering,2295.8,22.96
2026-01-31,service-5,service-6,cross-AZ,1750.1,17.5
2026-01-31,service-6,service-7,cross-region,1869.32,37.39
2026-01-31,service-7,service-8,internet-egress,880.69,39.63
2026-01-31,service-8,service-9,VPC-peering,1783.06,17.83
2026-01-31,service-9,service-10,cross-AZ,1651.08,16.51
2026-01-31,service-10,service-11,cross-region,528.1,10.56
2026-01-31,service-11,service-12,internet-egress,2424.86,109.12
2026-01-31,service-12,service-1,VPC-peering,949.66,9.5
2026-01-31,service-1,service-2,cross-AZ,890.29,8.9
2026-01-31,service-2,service-3,cross-region,985.99,19.72
2026-01-31,service-3,service-4,internet-egress,320.13,14.41
2026-01-31,service-4,service-5,VPC-peering,1599.91,16.0
2026-01-31,service-5,service-6,cross-AZ,672.7,6.73
2026-01-31,service-6,service-7,cross-region,2027.95,40.56
2026-01-31,service-7,service-8,internet-egress,1045.97,47.07
2026-01-31,service-8,service-9,VPC-peering,1200.54,12.01
2026-02-01,service-1,service-2,cross-AZ,1651.41,16.51
2026-02-01,service-2,service-3,cross-region,1928.49,38.57
2026-02-01,service-3,service-4,internet-egress,654.68,29.46
2026-02-01,service-4,service-5,VPC-peering,2419.11,24.19
2026-02-01,service-5,service-6,cross-AZ,1593.57,15.94
2026-02-01,service-6,service-7,cross-region,113.53,2.27
2026-02-01,service-7,service-8,internet-egress,1097.49,49.39
2026-02-01,service-8,service-9,VPC-peering,1148.36,11.48
2026-02-01,service-9,service-10,cross-AZ,2042.0,20.42
2026-02-01,service-10,service-11,cross-region,832.34,16.65
2026-02-01,service-11,service-12,internet-egress,894.94,40.27
2026-02-01,service-12,service-1,VPC-peering,269.19,2.69
2026-02-01,service-1,service-2,cross-AZ,780.51,7.81
2026-02-01,service-2,service-3,cross-region,1820.71,36.41
2026-02-01,service-3,service-4,internet-egress,1623.42,73.05
2026-02-01,service-4,service-5,VPC-peering,295.35,2.95
2026-02-01,service-5,service-6,cross-AZ,375.27,3.75
2026-02-01,service-6,service-7,cross-region,1004.62,20.09
2026-02-01,service-7,service-8,internet-egress,1885.02,84.83
2026-02-01,service-8,service-9,VPC-peering,2099.0,20.99
2026-02-02,service-1,service-2,cross-AZ,135.1,1.35
2026-02-02,service-2,service-3,cross-region,889.63,17.79
2026-02-02,service-3,service-4,internet-egress,1118.23,50.32
2026-02-02,service-4,service-5,VPC-peering,2286.72,22.87
2026-02-02,service-5,service-6,cross-AZ,1303.38,13.03
2026-02-02,service-6,service-7,cross-region,747.28,14.95
2026-02-02,service-7,service-8,internet-egress,1036.11,46.63
2026-02-02,service-8,service-9,VPC-peering,1147.44,11.47
2026-02-02,service-9,service-10,cross-AZ,1707.99,17.08
2026-02-02,service-10,service-11,cross-region,198.61,3.97
2026-02-02,service-11,service-12,internet-egress,1034.68,46.56
2026-02-02,service-12,service-1,VPC-peering,1651.73,16.52
2026-02-02,service-1,service-2,cross-AZ,779.97,7.8
2026-02-02,service-2,service-3,cross-region,1520.2,30.4
2026-02-02,service-3,service-4,internet-egress,957.47,43.09
2026-02-02,service-4,service-5,VPC-peering,1920.93,19.21
2026-02-02,service-5,service-6,cross-AZ,245.43,2.45
2026-02-02,service-6,service-7,cross-region,2303.11,46.06
2026-02-02,service-7,service-8,internet-egress,511.87,23.03
2026-02-02,service-8,service-9,VPC-peering,480.51,4.81
2026-02-03,service-1,service-2,cross-AZ,2117.54,21.18
2026-02-03,service-2,service-3,cross-region,2186.28,43.73
2026-02-03,service-3,service-4,internet-egress,323.14,14.54
2026-02-03,service-4,service-5,VPC-peering,2280.93,22.81
2026-02-03,service-5,service-6,cross-AZ,755.91,7.56
2026-02-03,service-6,service-7,cross-region,1584.69,31.69
2026-02-03,service-7,service-8,internet-egress,264.62,11.91
2026-02-03,service-8,service-9,VPC-peering,1013.59,10.14
2026-02-03,service-9,service-10,cross-AZ,1181.74,11.82
2026-02-03,service-10,service-11,cross-region,1539.58,30.79
2026-02-03,service-11,service-12,internet-egress,1360.65,61.23
2026-02-03,service-12,service-1,VPC-peering,1207.58,12.08
2026-02-03,service-1,service-2,cross-AZ,2403.14,24.03
2026-02-03,service-2,service-3,cross-region,544.05,10.88
2026-02-03,service-3,service-4,internet-egress,479.19,21.56
2026-02-03,service-4,service-5,VPC-peering,1812.21,18.12
2026-02-03,service-5,service-6,cross-AZ,278.92,2.79
2026-02-03,service-6,service-7,cross-region,1258.94,25.18
2026-02-03,service-7,service-8,internet-egress,1261.73,56.78
2026-02-03,service-8,service-9,VPC-peering,844.06,8.44
2026-02-04,service-1,service-2,cross-AZ,2333.06,23.33
2026-02-04,service-2,service-3,cross-region,778.1,15.56
2026-02-04,service-3,service-4,internet-egress,792.26,35.65
2026-02-04,service-4,service-5,VPC-peering,662.32,6.62
2026-02-04,service-5,service-6,cross-AZ,449.89,4.5
2026-02-04,service-6,service-7,cross-region,973.63,19.47
2026-02-04,service-7,service-8,internet-egress,1734.13,78.04
2026-02-04,service-8,service-9,VPC-peering,1881.19,18.81
2026-02-04,service-9,service-10,cross-AZ,2052.21,20.52
2026-02-04,service-10,service-11,cross-region,574.11,11.48
2026-02-04,service-11,service-12,internet-egress,185.52,8.35
2026-02-04,service-12,service-1,VPC-peering,2439.25,24.39
2026-02-04,service-1,service-2,cross-AZ,134.4,1.34
2026-02-04,service-2,service-3,cross-region,2405.63,48.11
2026-02-04,service-3,service-4,internet-egress,2089.15,94.01
2026-02-04,service-4,service-5,VPC-peering,2288.98,22.89
2026-02-04,service-5,service-6,cross-AZ,1029.25,10.29
2026-02-04,service-6,service-7,cross-region,573.28,11.47
2026-02-04,service-7,service-8,internet-egress,1555.51,70.0
2026-02-04,service-8,service-9,VPC-peering,1879.0,18.79
2026-02-05,service-1,service-2,cross-AZ,414.07,4.14
2026-02-05,service-2,service-3,cross-region,2014.29,40.29
2026-02-05,service-3,service-4,internet-egress,600.62,27.03
2026-02-05,service-4,service-5,VPC-peering,1280.03,12.8
2026-02-05,service-5,service-6,cross-AZ,2155.56,21.56
2026-02-05,service-6,service-7,cross-region,564.22,11.28
2026-02-05,service-7,service-8,internet-egress,680.52,30.62
2026-02-05,service-8,service-9,VPC-peering,250.65,2.51
2026-02-05,service-9,service-10,cross-AZ,451.87,4.52
2026-02-05,service-10,service-11,cross-region,451.66,9.03
2026-02-05,service-11,service-12,internet-egress,588.23,26.47
2026-02-05,service-12,service-1,VPC-peering,786.88,7.87
2026-02-05,service-1,service-2,cross-AZ,2055.96,20.56
2026-02-05,service-2,service-3,cross-region,2297.83,45.96
2026-02-05,service-3,service-4,internet-egress,1075.07,48.38
2026-02-05,service-4,service-5,VPC-peering,407.7,4.08
2026-02-05,service-5,service-6,cross-AZ,637.14,6.37
2026-02-05,service-6,service-7,cross-region,1866.89,37.34
2026-02-05,service-7,service-8,internet-egress,1725.82,77.66
2026-02-05,service-8,service-9,VPC-peering,2421.3,24.21
2026-02-06,service-1,service-2,cross-AZ,134.77,1.35
2026-02-06,service-2,service-3,cross-region,1901.82,38.04
2026-02-06,service-3,service-4,internet-egress,1313.9,59.13
2026-02-06,service-4,service-5,VPC-peering,2266.46,22.66
2026-02-06,service-5,service-6,cross-AZ,1482.8,14.83
2026-02-06,service-6,service-7,cross-region,1172.0,23.44
2026-02-06,service-7,service-8,internet-egress,1698.04,76.41
2026-02-06,service-8,service-9,VPC-peering,2100.46,21.0
2026-02-06,service-9,service-10,cross-AZ,778.0,7.78
2026-02-06,service-10,service-11,cross-region,358.06,7.16
2026-02-06,service-11,service-12,internet-egress,1139.24,51.27
2026-02-06,service-12,service-1,VPC-peering,614.85,6.15
2026-02-06,service-1,service-2,cross-AZ,1130.9,11.31
2026-02-06,service-2,service-3,cross-region,2478.52,49.57
2026-02-06,service-3,service-4,internet-egress,1477.89,66.51
2026-02-06,service-4,service-5,VPC-peering,1764.64,17.65
2026-02-06,service-5,service-6,cross-AZ,1727.03,17.27
2026-02-06,service-6,service-7,cross-region,2069.68,41.39
2026-02-06,service-7,service-8,internet-egress,2365.91,106.47
2026-02-06,service-8,service-9,VPC-peering,1681.16,16.81
2026-02-07,service-1,service-2,cross-AZ,1242.63,12.43
2026-02-07,service-2,service-3,cross-region,862.79,17.26
2026-02-07,service-3,service-4,internet-egress,964.66,43.41
2026-02-07,service-4,service-5,VPC-peering,902.75,9.03
2026-02-07,service-5,service-6,cross-AZ,878.72,8.79
2026-02-07,service-6,service-7,cross-region,1767.1,35.34
2026-02-07,service-7,service-8,internet-egress,1510.5,67.97
2026-02-07,service-8,service-9,VPC-peering,584.79,5.85
2026-02-07,service-9,service-10,cross-AZ,2427.1,24.27
2026-02-07,service-10,service-11,cross-region,1126.54,22.53
2026-02-07,service-11,service-12,internet-egress,1458.61,65.64
2026-02-07,service-12,service-1,VPC-peering,1786.24,17.86
2026-02-07,service-1,service-2,cross-AZ,1572.83,15.73
2026-02-07,service-2,service-3,cross-region,846.52,16.93
2026-02-07,service-3,service-4,internet-egress,2014.5,90.65
2026-02-07,service-4,service-5,VPC-peering,364.37,3.64
2026-02-07,service-5,service-6,cross-AZ,1465.59,14.66
2026-02-07,service-6,service-7,cross-region,755.96,15.12
2026-02-07,service-7,service-8,internet-egress,1577.83,71.0
2026-02-07,service-8,service-9,VPC-peering,623.18,6.23
2026-02-08,service-1,service-2,cross-AZ,1953.28,19.53
2026-02-08,service-2,service-3,cross-region,646.09,12.92
2026-02-08,service-3,service-4,internet-egress,2236.94,100.66
2026-02-08,service-4,service-5,VPC-peering,2167.73,21.68
2026-02-08,service-5,service-6,cross-AZ,969.74,9.7
2026-02-08,service-6,service-7,cross-region,1025.97,20.52
2026-02-08,service-7,service-8,internet-egress,1783.61,80.26
2026-02-08,service-8,service-9,VPC-peering,316.9,3.17
2026-02-08,service-9,service-10,cross-AZ,294.21,2.94
2026-02-08,service-10,service-11,cross-region,427.18,8.54
2026-02-08,service-11,service-12,internet-egress,1449.94,65.25
2026-02-08,service-12,service-1,VPC-peering,457.61,4.58
2026-02-08,service-1,service-2,cross-AZ,766.28,7.66
2026-02-08,service-2,service-3,cross-region,1652.59,33.05
2026-02-08,service-3,service-4,internet-egress,137.5,6.19
2026-02-08,service-4,service-5,VPC-peering,532.57,5.33
2026-02-08,service-5,service-6,cross-AZ,2331.83,23.32
2026-02-08,service-6,service-7,cross-region,1692.59,33.85
2026-02-08,service-7,service-8,internet-egress,833.32,37.5
2026-02-08,service-8,service-9,VPC-peering,208.73,2.09
2026-02-09,service-1,service-2,cross-AZ,1506.52,15.07
2026-02-09,service-2,service-3,cross-region,634.88,12.7
2026-02-09,service-3,service-4,internet-egress,2404.42,108.2
2026-02-09,service-4,service-5,VPC-peering,1748.71,17.49
2026-02-09,service-5,service-6,cross-AZ,2437.9,24.38
2026-02-09,service-6,service-7,cross-region,2137.36,42.75
2026-02-09,service-7,service-8,internet-egress,1259.27,56.67
2026-02-09,service-8,service-9,VPC-peering,1706.95,17.07
2026-02-09,service-9,service-10,cross-AZ,2049.06,20.49
2026-02-09,service-10,service-11,cross-region,1487.63,29.75
2026-02-09,service-11,service-12,internet-egress,247.57,11.14
2026-02-09,service-12,service-1,VPC-peering,1229.07,12.29
2026-02-09,service-1,service-2,cross-AZ,413.38,4.13
2026-02-09,service-2,service-3,cross-region,1815.63,36.31
2026-02-09,service-3,service-4,internet-egress,1733.51,78.01
2026-02-09,service-4,service-5,VPC-peering,2482.98,24.83
2026-02-09,service-5,service-6,cross-AZ,1609.14,16.09
2026-02-09,service-6,service-7,cross-region,2020.33,40.41
2026-02-09,service-7,service-8,internet-egress,743.89,33.48
2026-02-09,service-8,service-9,VPC-peering,916.06,9.16
2026-02-10,service-1,service-2,cross-AZ,2300.86,23.01
2026-02-10,service-2,service-3,cross-region,1912.46,38.25
2026-02-10,service-3,service-4,internet-egress,1672.65,75.27
2026-02-10,service-4,service-5,VPC-peering,709.67,7.1
2026-02-10,service-5,service-6,cross-AZ,1776.59,17.77
2026-02-10,service-6,service-7,cross-region,2228.23,44.56
2026-02-10,service-7,service-8,internet-egress,653.91,29.43
2026-02-10,service-8,service-9,VPC-peering,1794.7,17.95
2026-02-10,service-9,service-10,cross-AZ,1044.87,10.45
2026-02-10,service-10,service-11,cross-region,385.04,7.7
2026-02-10,service-11,service-12,internet-egress,1932.31,86.95
2026-02-10,service-12,service-1,VPC-peering,501.13,5.01
2026-02-10,service-1,service-2,cross-AZ,706.95,7.07
2026-02-10,service-2,service-3,cross-region,1979.06,39.58
2026-02-10,service-3,service-4,internet-egress,1881.12,84.65
2026-02-10,service-4,service-5,VPC-peering,710.04,7.1
2026-02-10,service-5,service-6,cross-AZ,2358.32,23.58
2026-02-10,service-6,service-7,cross-region,616.68,12.33
2026-02-10,service-7,service-8,internet-egress,2484.69,111.81
2026-02-10,service-8,service-9,VPC-peering,1870.96,18.71
2026-02-11,service-1,service-2,cross-AZ,1042.02,10.42
2026-02-11,service-2,service-3,cross-region,412.84,8.26
2026-02-11,service-3,service-4,internet-egress,869.22,39.12
2026-02-11,service-4,service-5,VPC-peering,564.97,5.65
2026-02-11,service-5,service-6,cross-AZ,1592.42,15.92
2026-02-11,service-6,service-7,cross-region,956.45,19.13
2026-02-11,service-7,service-8,internet-egress,808.02,36.36
2026-02-11,service-8,service-9,VPC-peering,1917.12,19.17
2026-02-11,service-9,service-10,cross-AZ,653.44,6.53
2026-02-11,service-10,service-11,cross-region,1508.53,30.17
2026-02-11,service-11,service-12,internet-egress,567.03,25.52
2026-02-11,service-12,service-1,VPC-peering,1815.52,18.16
2026-02-11,service-1,service-2,cross-AZ,1600.29,16.0
2026-02-11,service-2,service-3,cross-region,2015.57,40.31
2026-02-11,service-3,service-4,internet-egress,264.39,11.9
2026-02-11,service-4,service-5,VPC-peering,604.25,6.04
2026-02-11,service-5,service-6,cross-AZ,470.7,4.71
2026-02-11,service-6,service-7,cross-region,557.35,11.15
2026-02-11,service-7,service-8,internet-egress,347.23,15.63
2026-02-11,service-8,service-9,VPC-peering,1449.0,14.49
2026-02-12,service-1,service-2,cross-AZ,1524.24,15.24
2026-02-12,service-2,service-3,cross-region,2124.38,42.49
2026-02-12,service-3,service-4,internet-egress,1102.57,49.62
2026-02-12,service-4,service-5,VPC-peering,1377.72,13.78
2026-02-12,service-5,service-6,cross-AZ,2479.13,24.79
2026-02-12,service-6,service-7,cross-region,1376.43,27.53
2026-02-12,service-7,service-8,internet-egress,1476.58,66.45
2026-02-12,service-8,service-9,VPC-peering,2490.2,24.9
2026-02-12,service-9,service-10,cross-AZ,2485.91,24.86
2026-02-12,service-10,service-11,cross-region,1117.67,22.35
2026-02-12,service-11,service-12,internet-egress,1623.87,73.07
2026-02-12,service-12,service-1,VPC-peering,1253.93,12.54
2026-02-12,service-1,service-2,cross-AZ,1829.72,18.3
2026-02-12,service-2,service-3,cross-region,2352.13,47.04
2026-02-12,service-3,service-4,internet-egress,843.18,37.94
2026-02-12,service-4,service-5,VPC-peering,2065.3,20.65
2026-02-12,service-5,service-6,cross-AZ,1671.64,16.72
2026-02-12,service-6,service-7,cross-region,772.44,15.45
2026-02-12,service-7,service-8,internet-egress,2013.52,90.61
2026-02-12,service-8,service-9,VPC-peering,1125.12,11.25
2026-02-13,service-1,service-2,cross-AZ,388.95,3.89
2026-02-13,service-2,service-3,cross-region,2484.2,49.68
2026-02-13,service-3,service-4,internet-egress,1121.55,50.47
2026-02-13,service-4,service-5,VPC-peering,1399.73,14.0
2026-02-13,service-5,service-6,cross-AZ,2039.11,20.39
2026-02-13,service-6,service-7,cross-region,2406.1,48.12
2026-02-13,service-7,service-8,internet-egress,2194.93,98.77
2026-02-13,service-8,service-9,VPC-peering,1360.13,13.6
2026-02-13,service-9,service-10,cross-AZ,1409.67,14.1
2026-02-13,service-10,service-11,cross-region,774.13,15.48
2026-02-13,service-11,service-12,internet-egress,1210.73,54.48
2026-02-13,service-12,service-1,VPC-peering,2372.41,23.72
2026-02-13,service-1,service-2,cross-AZ,1844.66,18.45
2026-02-13,service-2,service-3,cross-region,128.5,2.57
2026-02-13,service-3,service-4,internet-egress,379.62,17.08
2026-02-13,service-4,service-5,VPC-peering,2317.15,23.17
2026-02-13,service-5,service-6,cross-AZ,2136.93,21.37
2026-02-13,service-6,service-7,cross-region,1266.79,25.34
2026-02-13,service-7,service-8,internet-egress,1580.75,71.13
2026-02-13,service-8,service-9,VPC-peering,795.15,7.95
2026-02-14,service-1,service-2,cross-AZ,2002.79,20.03
2026-02-14,service-2,service-3,cross-region,1547.96,30.96
2026-02-14,service-3,service-4,internet-egress,1767.58,79.54
2026-02-14,service-4,service-5,VPC-peering,999.78,10.0
2026-02-14,service-5,service-6,cross-AZ,1133.05,11.33
2026-02-14,service-6,service-7,cross-region,598.44,11.97
2026-02-14,service-7,service-8,internet-egress,2375.33,106.89
2026-02-14,service-8,service-9,VPC-peering,2371.74,23.72
2026-02-14,service-9,service-10,cross-AZ,2062.6,20.63
2026-02-14,service-10,service-11,cross-region,2345.33,46.91
2026-02-14,service-11,service-12,internet-egress,1696.79,76.36
2026-02-14,service-12,service-1,VPC-peering,663.16,6.63
2026-02-14,service-1,service-2,cross-AZ,1924.51,19.25
2026-02-14,service-2,service-3,cross-region,880.66,17.61
2026-02-14,service-3,service-4,internet-egress,1157.16,52.07
2026-02-14,service-4,service-5,VPC-peering,758.44,7.58
2026-02-14,service-5,service-6,cross-AZ,1116.69,11.17
2026-02-14,service-6,service-7,cross-region,1730.36,34.61
2026-02-14,service-7,service-8,internet-egress,365.47,16.45
2026-02-14,service-8,service-9,VPC-peering,352.5,3.52
2026-02-15,service-1,service-2,cross-AZ,1741.05,17.41
2026-02-15,service-2,service-3,cross-region,1970.99,39.42
2026-02-15,service-3,service-4,internet-egress,1423.52,64.06
2026-02-15,service-4,service-5,VPC-peering,535.94,5.36
2026-02-15,service-5,service-6,cross-AZ,1133.82,11.34
2026-02-15,service-6,service-7,cross-region,1919.62,38.39
2026-02-15,service-7,service-8,internet-egress,1745.76,78.56
2026-02-15,service-8,service-9,VPC-peering,363.68,3.64
2026-02-15,service-9,service-10,cross-AZ,2425.95,24.26
2026-02-15,service-10,service-11,cross-region,636.07,12.72
2026-02-15,service-11,service-12,internet-egress,628.93,28.3
2026-02-15,service-12,service-1,VPC-peering,1203.66,12.04
2026-02-15,service-1,service-2,cross-AZ,885.38,8.85
2026-02-15,service-2,service-3,cross-region,2461.57,49.23
2026-02-15,service-3,service-4,internet-egress,283.58,12.76
2026-02-15,service-4,service-5,VPC-peering,835.45,8.35
2026-02-15,service-5,service-6,cross-AZ,1018.53,10.19
2026-02-15,service-6,service-7,cross-region,1284.3,25.69
2026-02-15,service-7,service-8,internet-egress,139.38,6.27
2026-02-15,service-8,service-9,VPC-peering,297.67,2.98
2026-02-16,service-1,service-2,cross-AZ,718.74,7.19
2026-02-16,service-2,service-3,cross-region,1429.6,28.59
2026-02-16,service-3,service-4,internet-egress,1942.65,87.42
2026-02-16,service-4,service-5,VPC-peering,1747.59,17.48
2026-02-16,service-5,service-6,cross-AZ,1460.86,14.61
2026-02-16,service-6,service-7,cross-region,1053.36,21.07
2026-02-16,service-7,service-8,internet-egress,2189.67,98.54
2026-02-16,service-8,service-9,VPC-peering,1203.45,12.03
2026-02-16,service-9,service-10,cross-AZ,818.21,8.18
2026-02-16,service-10,service-11,cross-region,1610.4,32.21
2026-02-16,service-11,service-12,internet-egress,1761.08,79.25
2026-02-16,service-12,service-1,VPC-peering,1056.33,10.56
2026-02-16,service-1,service-2,cross-AZ,167.54,1.68
2026-02-16,service-2,service-3,cross-region,325.92,6.52
2026-02-16,service-3,service-4,internet-egress,2129.44,95.82
2026-02-16,service-4,service-5,VPC-peering,235.72,2.36
2026-02-16,service-5,service-6,cross-AZ,1520.85,15.21
2026-02-16,service-6,service-7,cross-region,540.9,10.82
2026-02-16,service-7,service-8,internet-egress,649.42,29.22
2026-02-16,service-8,service-9,VPC-peering,756.0,7.56
2026-02-17,service-1,service-2,cross-AZ,191.9,1.92
2026-02-17,service-2,service-3,cross-region,525.36,10.51
2026-02-17,service-3,service-4,internet-egress,1661.2,74.75
2026-02-17,service-4,service-5,VPC-peering,1296.92,12.97
2026-02-17,service-5,service-6,cross-AZ,2013.59,20.14
2026-02-17,service-6,service-7,cross-region,246.98,4.94
2026-02-17,service-7,service-8,internet-egress,2233.36,100.5
2026-02-17,service-8,service-9,VPC-peering,2491.36,24.91
2026-02-17,service-9,service-10,cross-AZ,137.78,1.38
2026-02-17,service-10,service-11,cross-region,2422.34,48.45
2026-02-17,service-11,service-12,internet-egress,666.07,29.97
2026-02-17,service-12,service-1,VPC-peering,1762.1,17.62
2026-02-17,service-1,service-2,cross-AZ,801.96,8.02
2026-02-17,service-2,service-3,cross-region,1352.35,27.05
2026-02-17,service-3,service-4,internet-egress,1325.0,59.63
2026-02-17,service-4,service-5,VPC-peering,966.65,9.67
2026-02-17,service-5,service-6,cross-AZ,1822.11,18.22
2026-02-17,service-6,service-7,cross-region,1539.13,30.78
2026-02-17,service-7,service-8,internet-egress,1319.86,59.39
2026-02-17,service-8,service-9,VPC-peering,2458.81,24.59
2026-02-18,service-1,service-2,cross-AZ,2356.02,23.56
2026-02-18,service-2,service-3,cross-region,2393.05,47.86
2026-02-18,service-3,service-4,internet-egress,2215.18,99.68
2026-02-18,service-4,service-5,VPC-peering,712.37,7.12
2026-02-18,service-5,service-6,cross-AZ,939.94,9.4
2026-02-18,service-6,service-7,cross-region,654.53,13.09
2026-02-18,service-7,service-8,internet-egress,2466.82,111.01
2026-02-18,service-8,service-9,VPC-peering,466.39,4.66
2026-02-18,service-9,service-10,cross-AZ,979.63,9.8
2026-02-18,service-10,service-11,cross-region,577.71,11.55
2026-02-18,service-11,service-12,internet-egress,636.29,28.63
2026-02-18,service-12,service-1,VPC-peering,693.01,6.93
2026-02-18,service-1,service-2,cross-AZ,1635.21,16.35
2026-02-18,service-2,service-3,cross-region,282.52,5.65
2026-02-18,service-3,service-4,internet-egress,1474.07,66.33
2026-02-18,service-4,service-5,VPC-peering,2066.29,20.66
2026-02-18,service-5,service-6,cross-AZ,1939.66,19.4
2026-02-18,service-6,service-7,cross-region,462.81,9.26
2026-02-18,service-7,service-8,internet-egress,2295.36,103.29
2026-02-18,service-8,service-9,VPC-peering,1948.22,19.48
2026-02-19,service-1,service-2,cross-AZ,112.73,1.13
2026-02-19,service-2,service-3,cross-region,1869.7,37.39
2026-02-19,service-3,service-4,internet-egress,1869.81,84.14
2026-02-19,service-4,service-5,VPC-peering,1292.36,12.92
2026-02-19,service-5,service-6,cross-AZ,210.36,2.1
2026-02-19,service-6,service-7,cross-region,1491.77,29.84
2026-02-19,service-7,service-8,internet-egress,1937.79,87.2
2026-02-19,service-8,service-9,VPC-peering,750.1,7.5
2026-02-19,service-9,service-10,cross-AZ,1700.96,17.01
2026-02-19,service-10,service-11,cross-region,949.42,18.99
2026-02-19,service-11,service-12,internet-egress,1477.25,66.48
2026-02-19,service-12,service-1,VPC-peering,1022.96,10.23
2026-02-19,service-1,service-2,cross-AZ,829.03,8.29
2026-02-19,service-2,service-3,cross-region,2154.19,43.08
2026-02-19,service-3,service-4,internet-egress,1909.21,85.91
2026-02-19,service-4,service-5,VPC-peering,929.08,9.29
2026-02-19,service-5,service-6,cross-AZ,1143.12,11.43
2026-02-19,service-6,service-7,cross-region,1760.09,35.2
2026-02-19,service-7,service-8,internet-egress,2046.59,92.1
2026-02-19,service-8,service-9,VPC-peering,1742.42,17.42
2026-02-20,service-1,service-2,cross-AZ,1398.24,13.98
2026-02-20,service-2,service-3,cross-region,2390.53,47.81
2026-02-20,service-3,service-4,internet-egress,1957.94,88.11
2026-02-20,service-4,service-5,VPC-peering,377.42,3.77
2026-02-20,service-5,service-6,cross-AZ,1439.53,14.4
2026-02-20,service-6,service-7,cross-region,1082.94,21.66
2026-02-20,service-7,service-8,internet-egress,2007.85,90.35
2026-02-20,service-8,service-9,VPC-peering,207.19,2.07
2026-02-20,service-9,service-10,cross-AZ,1085.74,10.86
2026-02-20,service-10,service-11,cross-region,863.86,17.28
2026-02-20,service-11,service-12,internet-egress,438.85,19.75
2026-02-20,service-12,service-1,VPC-peering,1009.13,10.09
2026-02-20,service-1,service-2,cross-AZ,1714.72,17.15
2026-02-20,service-2,service-3,cross-region,968.03,19.36
2026-02-20,service-3,service-4,internet-egress,1492.02,67.14
2026-02-20,service-4,service-5,VPC-peering,1522.75,15.23
2026-02-20,service-5,service-6,cross-AZ,1509.07,15.09
2026-02-20,service-6,service-7,cross-region,1370.88,27.42
2026-02-20,service-7,service-8,internet-egress,380.77,17.13
2026-02-20,service-8,service-9,VPC-peering,624.29,6.24
2026-02-21,service-1,service-2,cross-AZ,2020.16,20.2
2026-02-21,service-2,service-3,cross-region,1305.68,26.11
2026-02-21,service-3,service-4,internet-egress,1794.58,80.76
2026-02-21,service-4,service-5,VPC-peering,1467.78,14.68
2026-02-21,service-5,service-6,cross-AZ,192.86,1.93
2026-02-21,service-6,service-7,cross-region,2010.91,40.22
2026-02-21,service-7,service-8,internet-egress,254.38,11.45
2026-02-21,service-8,service-9,VPC-peering,2363.62,23.64
2026-02-21,service-9,service-10,cross-AZ,616.9,6.17
2026-02-21,service-10,service-11,cross-region,1329.77,26.6
2026-02-21,service-11,service-12,internet-egress,252.61,11.37
2026-02-21,service-12,service-1,VPC-peering,2247.84,22.48
2026-02-21,service-1,service-2,cross-AZ,2451.86,24.52
2026-02-21,service-2,service-3,cross-region,451.1,9.02
2026-02-21,service-3,service-4,internet-egress,809.89,36.44
2026-02-21,service-4,service-5,VPC-peering,138.1,1.38
2026-02-21,service-5,service-6,cross-AZ,1988.72,19.89
2026-02-21,service-6,service-7,cross-region,847.51,16.95
2026-02-21,service-7,service-8,internet-egress,1513.21,68.09
2026-02-21,service-8,service-9,VPC-peering,194.12,1.94
2026-02-22,service-1,service-2,cross-AZ,1817.1,18.17
2026-02-22,service-2,service-3,cross-region,1370.57,27.41
2026-02-22,service-3,service-4,internet-egress,1839.95,82.8
2026-02-22,service-4,service-5,VPC-peering,1994.95,19.95
2026-02-22,service-5,service-6,cross-AZ,314.18,3.14
2026-02-22,service-6,service-7,cross-region,1487.42,29.75
2026-02-22,service-7,service-8,internet-egress,1659.87,74.69
2026-02-22,service-8,service-9,VPC-peering,1340.13,13.4
2026-02-22,service-9,service-10,cross-AZ,537.78,5.38
2026-02-22,service-10,service-11,cross-region,2009.43,40.19
2026-02-22,service-11,service-12,internet-egress,2493.9,112.23
2026-02-22,service-12,service-1,VPC-peering,2426.25,24.26
2026-02-22,service-1,service-2,cross-AZ,1966.07,19.66
2026-02-22,service-2,service-3,cross-region,1103.46,22.07
2026-02-22,service-3,service-4,internet-egress,909.52,40.93
2026-02-22,service-4,service-5,VPC-peering,264.51,2.65
2026-02-22,service-5,service-6,cross-AZ,1099.09,10.99
2026-02-22,service-6,service-7,cross-region,474.52,9.49
2026-02-22,service-7,service-8,internet-egress,710.4,31.97
2026-02-22,service-8,service-9,VPC-peering,2240.53,22.41
2026-02-23,service-1,service-2,cross-AZ,2424.46,24.24
2026-02-23,service-2,service-3,cross-region,2376.54,47.53
2026-02-23,service-3,service-4,internet-egress,564.05,25.38
2026-02-23,service-4,service-5,VPC-peering,2262.15,22.62
2026-02-23,service-5,service-6,cross-AZ,439.61,4.4
2026-02-23,service-6,service-7,cross-region,1318.38,26.37
2026-02-23,service-7,service-8,internet-egress,1644.79,74.02
2026-02-23,service-8,service-9,VPC-peering,1209.92,12.1
2026-02-23,service-9,service-10,cross-AZ,2384.41,23.84
2026-02-23,service-10,service-11,cross-region,899.71,17.99
2026-02-23,service-11,service-12,internet-egress,1365.71,61.46
2026-02-23,service-12,service-1,VPC-peering,281.08,2.81
2026-02-23,service-1,service-2,cross-AZ,2145.34,21.45
2026-02-23,service-2,service-3,cross-region,1092.07,21.84
2026-02-23,service-3,service-4,internet-egress,1781.28,80.16
2026-02-23,service-4,service-5,VPC-peering,1737.39,17.37
2026-02-23,service-5,service-6,cross-AZ,1723.03,17.23
2026-02-23,service-6,service-7,cross-region,1316.65,26.33
2026-02-23,service-7,service-8,internet-egress,766.05,34.47
2026-02-23,service-8,service-9,VPC-peering,1600.23,16.0
2026-02-24,service-1,service-2,cross-AZ,2408.3,24.08
2026-02-24,service-2,service-3,cross-region,2101.48,42.03
2026-02-24,service-3,service-4,internet-egress,361.04,16.25
2026-02-24,service-4,service-5,VPC-peering,155.65,1.56
2026-02-24,service-5,service-6,cross-AZ,1297.53,12.98
2026-02-24,service-6,service-7,cross-region,1961.99,39.24
2026-02-24,service-7,service-8,internet-egress,853.37,38.4
2026-02-24,service-8,service-9,VPC-peering,1782.97,17.83
2026-02-24,service-9,service-10,cross-AZ,2336.61,23.37
2026-02-24,service-10,service-11,cross-region,1201.56,24.03
2026-02-24,service-11,service-12,internet-egress,685.98,30.87
2026-02-24,service-12,service-1,VPC-peering,2302.62,23.03
2026-02-24,service-1,service-2,cross-AZ,1233.43,12.33
2026-02-24,service-2,service-3,cross-region,1078.81,21.58
2026-02-24,service-3,service-4,internet-egress,948.07,42.66
2026-02-24,service-4,service-5,VPC-peering,1115.24,11.15
2026-02-24,service-5,service-6,cross-AZ,1716.78,17.17
2026-02-24,service-6,service-7,cross-region,1140.93,22.82
2026-02-24,service-7,service-8,internet-egress,878.14,39.52
2026-02-24,service-8,service-9,VPC-peering,1884.73,18.85
2026-02-25,service-1,service-2,cross-AZ,587.13,5.87
2026-02-25,service-2,service-3,cross-region,584.64,11.69
2026-02-25,service-3,service-4,internet-egress,1771.45,79.72
2026-02-25,service-4,service-5,VPC-peering,2180.1,21.8
2026-02-25,service-5,service-6,cross-AZ,678.91,6.79
2026-02-25,service-6,service-7,cross-region,558.7,11.17
2026-02-25,service-7,service-8,internet-egress,1708.73,76.89
2026-02-25,service-8,service-9,VPC-peering,1589.93,15.9
2026-02-25,service-9,service-10,cross-AZ,1173.41,11.73
2026-02-25,service-10,service-11,cross-region,330.07,6.6
2026-02-25,service-11,service-12,internet-egress,320.29,14.41
2026-02-25,service-12,service-1,VPC-peering,1965.62,19.66
2026-02-25,service-1,service-2,cross-AZ,1184.25,11.84
2026-02-25,service-2,service-3,cross-region,2159.12,43.18
2026-02-25,service-3,service-4,internet-egress,1479.36,66.57
2026-02-25,service-4,service-5,VPC-peering,1584.97,15.85
2026-02-25,service-5,service-6,cross-AZ,2342.07,23.42
2026-02-25,service-6,service-7,cross-region,495.08,9.9
2026-02-25,service-7,service-8,internet-egress,1403.26,63.15
2026-02-25,service-8,service-9,VPC-peering,239.53,2.4
2026-02-26,service-1,service-2,cross-AZ,961.42,9.61
2026-02-26,service-2,service-3,cross-region,455.44,9.11
2026-02-26,service-3,service-4,internet-egress,550.81,24.79
2026-02-26,service-4,service-5,VPC-peering,2343.51,23.44
2026-02-26,service-5,service-6,cross-AZ,1565.64,15.66
2026-02-26,service-6,service-7,cross-region,2241.18,44.82
2026-02-26,service-7,service-8,internet-egress,1164.45,52.4
2026-02-26,service-8,service-9,VPC-peering,1534.34,15.34
2026-02-26,service-9,service-10,cross-AZ,177.03,1.77
2026-02-26,service-10,service-11,cross-region,1226.81,24.54
2026-02-26,service-11,service-12,internet-egress,1453.74,65.42
2026-02-26,service-12,service-1,VPC-peering,140.27,1.4
2026-02-26,service-1,service-2,cross-AZ,1994.77,19.95
2026-02-26,service-2,service-3,cross-region,809.02,16.18
2026-02-26,service-3,service-4,internet-egress,1185.97,53.37
2026-02-26,service-4,service-5,VPC-peering,1385.51,13.86
2026-02-26,service-5,service-6,cross-AZ,2481.27,24.81
2026-02-26,service-6,service-7,cross-region,338.04,6.76
2026-02-26,service-7,service-8,internet-egress,1432.67,64.47
2026-02-26,service-8,service-9,VPC-peering,1373.43,13.73
2026-02-27,service-1,service-2,cross-AZ,265.38,2.65
2026-02-27,service-2,service-3,cross-region,1621.45,32.43
2026-02-27,service-3,service-4,internet-egress,788.45,35.48
2026-02-27,service-4,service-5,VPC-peering,349.04,3.49
2026-02-27,service-5,service-6,cross-AZ,528.74,5.29
2026-02-27,service-6,service-7,cross-region,2076.65,41.53
2026-02-27,service-7,service-8,internet-egress,349.9,15.75
2026-02-27,service-8,service-9,VPC-peering,1220.63,12.21
2026-02-27,service-9,service-10,cross-AZ,568.66,5.69
2026-02-27,service-10,service-11,cross-region,489.57,9.79
2026-02-27,service-11,service-12,internet-egress,593.71,26.72
2026-02-27,service-12,service-1,VPC-peering,1282.68,12.83
2026-02-27,service-1,service-2,cross-AZ,670.69,6.71
2026-02-27,service-2,service-3,cross-region,332.16,6.64
2026-02-27,service-3,service-4,internet-egress,2023.36,91.05
2026-02-27,service-4,service-5,VPC-peering,1395.57,13.96
2026-02-27,service-5,service-6,cross-AZ,476.45,4.76
2026-02-27,service-6,service-7,cross-region,1231.43,24.63
2026-02-27,service-7,service-8,internet-egress,264.07,11.88
2026-02-27,service-8,service-9,VPC-peering,1493.03,14.93
2026-02-28,service-1,service-2,cross-AZ,916.73,9.17
2026-02-28,service-2,service-3,cross-region,348.47,6.97
2026-02-28,service-3,service-4,internet-egress,540.75,24.33
2026-02-28,service-4,service-5,VPC-peering,929.69,9.3
2026-02-28,service-5,service-6,cross-AZ,2035.38,20.35
2026-02-28,service-6,service-7,cross-region,517.01,10.34
2026-02-28,service-7,service-8,internet-egress,363.19,16.34
2026-02-28,service-8,service-9,VPC-peering,1338.25,13.38
2026-02-28,service-9,service-10,cross-AZ,1440.87,14.41
2026-02-28,service-10,service-11,cross-region,316.58,6.33
2026-02-28,service-11,service-12,internet-egress,782.76,35.22
2026-02-28,service-12,service-1,VPC-peering,730.63,7.31
2026-02-28,service-1,service-2,cross-AZ,546.93,5.47
2026-02-28,service-2,service-3,cross-region,857.53,17.15
2026-02-28,service-3,service-4,internet-egress,189.06,8.51
2026-02-28,service-4,service-5,VPC-peering,1663.72,16.64
2026-02-28,service-5,service-6,cross-AZ,2472.37,24.72
2026-02-28,service-6,service-7,cross-region,1621.71,32.43
2026-02-28,service-7,service-8,internet-egress,966.58,43.5
2026-02-28,service-8,service-9,VPC-peering,1702.98,17.03
2026-03-01,service-1,service-2,cross-AZ,1471.64,14.72
2026-03-01,service-2,service-3,cross-region,2132.22,42.64
2026-03-01,service-3,service-4,internet-egress,1592.5,71.66
2026-03-01,service-4,service-5,VPC-peering,1621.78,16.22
2026-03-01,service-5,service-6,cross-AZ,631.99,6.32
2026-03-01,service-6,service-7,cross-region,1097.51,21.95
2026-03-01,service-7,service-8,internet-egress,926.6,41.7
2026-03-01,service-8,service-9,VPC-peering,127.42,1.27
2026-03-01,service-9,service-10,cross-AZ,851.87,8.52
2026-03-01,service-10,service-11,cross-region,1266.55,25.33
2026-03-01,service-11,service-12,internet-egress,1539.64,69.28
2026-03-01,service-12,service-1,VPC-peering,2342.97,23.43
2026-03-01,service-1,service-2,cross-AZ,673.87,6.74
2026-03-01,service-2,service-3,cross-region,465.83,9.32
2026-03-01,service-3,service-4,internet-egress,2186.67,98.4
2026-03-01,service-4,service-5,VPC-peering,2360.43,23.6
2026-03-01,service-5,service-6,cross-AZ,1271.09,12.71
2026-03-01,service-6,service-7,cross-region,376.52,7.53
2026-03-01,service-7,service-8,internet-egress,1264.93,56.92
2026-03-01,service-8,service-9,VPC-peering,362.66,3.63
2026-03-02,service-1,service-2,cross-AZ,2219.65,22.2
2026-03-02,service-2,service-3,cross-region,1799.56,35.99
2026-03-02,service-3,service-4,internet-egress,678.73,30.54
2026-03-02,service-4,service-5,VPC-peering,2228.06,22.28
2026-03-02,service-5,service-6,cross-AZ,1630.96,16.31
2026-03-02,service-6,service-7,cross-region,2387.83,47.76
2026-03-02,service-7,service-8,internet-egress,2453.15,110.39
2026-03-02,service-8,service-9,VPC-peering,107.88,1.08
2026-03-02,service-9,service-10,cross-AZ,388.51,3.89
2026-03-02,service-10,service-11,cross-region,1412.61,28.25
2026-03-02,service-11,service-12,internet-egress,2394.05,107.73
2026-03-02,service-12,service-1,VPC-peering,2486.16,24.86
2026-03-02,service-1,service-2,cross-AZ,1461.78,14.62
2026-03-02,service-2,service-3,cross-region,517.12,10.34
2026-03-02,service-3,service-4,internet-egress,491.32,22.11
2026-03-02,service-4,service-5,VPC-peering,1933.26,19.33
2026-03-02,service-5,service-6,cross-AZ,1520.65,15.21
2026-03-02,service-6,service-7,cross-region,1417.06,28.34
2026-03-02,service-7,service-8,internet-egress,1217.84,54.8
2026-03-02,service-8,service-9,VPC-peering,1840.32,18.4
2026-03-03,service-1,service-2,cross-AZ,2159.33,21.59
2026-03-03,service-2,service-3,cross-region,827.1,16.54
2026-03-03,service-3,service-4,internet-egress,630.2,28.36
2026-03-03,service-4,service-5,VPC-peering,1708.48,17.08
2026-03-03,service-5,service-6,cross-AZ,2295.36,22.95
2026-03-03,service-6,service-7,cross-region,935.58,18.71
2026-03-03,service-7,service-8,internet-egress,753.88,33.92
2026-03-03,service-8,service-9,VPC-peering,642.68,6.43
2026-03-03,service-9,service-10,cross-AZ,710.78,7.11
2026-03-03,service-10,service-11,cross-region,423.84,8.48
2026-03-03,service-11,service-12,internet-egress,1532.27,68.95
2026-03-03,service-12,service-1,VPC-peering,773.98,7.74
2026-03-03,service-1,service-2,cross-AZ,1575.87,15.76
2026-03-03,service-2,service-3,cross-region,299.28,5.99
2026-03-03,service-3,service-4,internet-egress,377.1,16.97
2026-03-03,service-4,service-5,VPC-peering,1386.74,13.87
2026-03-03,service-5,service-6,cross-AZ,1327.67,13.28
2026-03-03,service-6,service-7,cross-region,751.62,15.03
2026-03-03,service-7,service-8,internet-egress,2085.11,93.83
2026-03-03,service-8,service-9,VPC-peering,548.91,5.49
2026-03-04,service-1,service-2,cross-AZ,965.59,9.66
2026-03-04,service-2,service-3,cross-region,1433.23,28.66
2026-03-04,service-3,service-4,internet-egress,2181.31,98.16
2026-03-04,service-4,service-5,VPC-peering,1104.52,11.05
2026-03-04,service-5,service-6,cross-AZ,1056.64,10.57
2026-03-04,service-6,service-7,cross-region,1490.89,29.82
2026-03-04,service-7,service-8,internet-egress,860.07,38.7
2026-03-04,service-8,service-9,VPC-peering,1802.02,18.02
2026-03-04,service-9,service-10,cross-AZ,696.87,6.97
2026-03-04,service-10,service-11,cross-region,2075.67,41.51
2026-03-04,service-11,service-12,internet-egress,753.65,33.91
2026-03-04,service-12,service-1,VPC-peering,2482.48,24.82
2026-03-04,service-1,service-2,cross-AZ,859.51,8.6
2026-03-04,service-2,service-3,cross-region,2209.18,44.18
2026-03-04,service-3,service-4,internet-egress,1053.65,47.41
2026-03-04,service-4,service-5,VPC-peering,690.53,6.91
2026-03-04,service-5,service-6,cross-AZ,642.79,6.43
2026-03-04,service-6,service-7,cross-region,2140.46,42.81
2026-03-04,service-7,service-8,internet-egress,841.01,37.85
2026-03-04,service-8,service-9,VPC-peering,912.55,9.13
2026-03-05,service-1,service-2,cross-AZ,572.78,5.73
2026-03-05,service-2,service-3,cross-region,2407.18,48.14
2026-03-05,service-3,service-4,internet-egress,687.39,30.93
2026-03-05,service-4,service-5,VPC-peering,693.86,6.94
2026-03-05,service-5,service-6,cross-AZ,2365.35,23.65
2026-03-05,service-6,service-7,cross-region,2262.16,45.24
2026-03-05,service-7,service-8,internet-egress,697.39,31.38
2026-03-05,service-8,service-9,VPC-peering,2175.34,21.75
2026-03-05,service-9,service-10,cross-AZ,699.58,7.0
2026-03-05,service-10,service-11,cross-region,302.71,6.05
2026-03-05,service-11,service-12,internet-egress,2068.87,93.1
2026-03-05,service-12,service-1,VPC-peering,1951.74,19.52
2026-03-05,service-1,service-2,cross-AZ,807.2,8.07
2026-03-05,service-2,service-3,cross-region,316.33,6.33
2026-03-05,service-3,service-4,internet-egress,595.45,26.8
2026-03-05,service-4,service-5,VPC-peering,1950.54,19.51
2026-03-05,service-5,service-6,cross-AZ,2415.39,24.15
2026-03-05,service-6,service-7,cross-region,721.6,14.43
2026-03-05,service-7,service-8,internet-egress,2063.82,92.87
2026-03-05,service-8,service-9,VPC-peering,647.04,6.47
2026-03-06,service-1,service-2,cross-AZ,1731.04,17.31
2026-03-06,service-2,service-3,cross-region,300.67,6.01
2026-03-06,service-3,service-4,internet-egress,1504.71,67.71
2026-03-06,service-4,service-5,VPC-peering,746.06,7.46
2026-03-06,service-5,service-6,cross-AZ,2322.03,23.22
2026-03-06,service-6,service-7,cross-region,795.4,15.91
2026-03-06,service-7,service-8,internet-egress,1056.26,47.53
2026-03-06,service-8,service-9,VPC-peering,2117.63,21.18
2026-03-06,service-9,service-10,cross-AZ,1151.86,11.52
2026-03-06,service-10,service-11,cross-region,672.19,13.44
2026-03-06,service-11,service-12,internet-egress,1414.11,63.63
2026-03-06,service-12,service-1,VPC-peering,2115.98,21.16
2026-03-06,service-1,service-2,cross-AZ,1139.63,11.4
2026-03-06,service-2,service-3,cross-region,418.93,8.38
2026-03-06,service-3,service-4,internet-egress,1019.41,45.87
2026-03-06,service-4,service-5,VPC-peering,2390.74,23.91
2026-03-06,service-5,service-6,cross-AZ,272.85,2.73
2026-03-06,service-6,service-7,cross-region,1080.27,21.61
2026-03-06,service-7,service-8,internet-egress,1655.27,74.49
2026-03-06,service-8,service-9,VPC-peering,288.44,2.88
2026-03-07,service-1,service-2,cross-AZ,927.89,9.28
2026-03-07,service-2,service-3,cross-region,2357.39,47.15
2026-03-07,service-3,service-4,internet-egress,173.53,7.81
2026-03-07,service-4,service-5,VPC-peering,1904.18,19.04
2026-03-07,service-5,service-6,cross-AZ,2119.3,21.19
2026-03-07,service-6,service-7,cross-region,764.95,15.3
2026-03-07,service-7,service-8,internet-egress,615.31,27.69
2026-03-07,service-8,service-9,VPC-peering,2295.57,22.96
2026-03-07,service-9,service-10,cross-AZ,1933.6,19.34
2026-03-07,service-10,service-11,cross-region,372.11,7.44
2026-03-07,service-11,service-12,internet-egress,609.27,27.42
2026-03-07,service-12,service-1,VPC-peering,1591.25,15.91
2026-03-07,service-1,service-2,cross-AZ,1106.6,11.07
2026-03-07,service-2,service-3,cross-region,1310.02,26.2
2026-03-07,service-3,service-4,internet-egress,2383.7,107.27
2026-03-07,service-4,service-5,VPC-peering,1108.57,11.09
2026-03-07,service-5,service-6,cross-AZ,2216.04,22.16
2026-03-07,service-6,service-7,cross-region,1685.79,33.72
2026-03-07,service-7,service-8,internet-egress,391.89,17.63
2026-03-07,service-8,service-9,VPC-peering,1886.82,18.87
2026-03-08,service-1,service-2,cross-AZ,1348.5,13.49
2026-03-08,service-2,service-3,cross-region,640.23,12.8
2026-03-08,service-3,service-4,internet-egress,794.92,35.77
2026-03-08,service-4,service-5,VPC-peering,1437.6,14.38
2026-03-08,service-5,service-6,cross-AZ,1544.09,15.44
2026-03-08,service-6,service-7,cross-region,2423.62,48.47
2026-03-08,service-7,service-8,internet-egress,2151.33,96.81
2026-03-08,service-8,service-9,VPC-peering,594.01,5.94
2026-03-08,service-9,service-10,cross-AZ,1957.58,19.58
2026-03-08,service-10,service-11,cross-region,119.9,2.4
2026-03-08,service-11,service-12,internet-egress,411.54,18.52
2026-03-08,service-12,service-1,VPC-peering,579.28,5.79
2026-03-08,service-1,service-2,cross-AZ,1533.28,15.33
2026-03-08,service-2,service-3,cross-region,567.24,11.34
2026-03-08,service-3,service-4,internet-egress,976.66,43.95
2026-03-08,service-4,service-5,VPC-peering,682.67,6.83
2026-03-08,service-5,service-6,cross-AZ,909.8,9.1
2026-03-08,service-6,service-7,cross-region,2361.88,47.24
2026-03-08,service-7,service-8,internet-egress,2493.7,112.22
2026-03-08,service-8,service-9,VPC-peering,1745.73,17.46
2026-03-09,service-1,service-2,cross-AZ,1473.54,14.74
2026-03-09,service-2,service-3,cross-region,1800.27,36.01
2026-03-09,service-3,service-4,internet-egress,1951.97,87.84
2026-03-09,service-4,service-5,VPC-peering,1873.63,18.74
2026-03-09,service-5,service-6,cross-AZ,296.54,2.97
2026-03-09,service-6,service-7,cross-region,844.7,16.89
2026-03-09,service-7,service-8,internet-egress,924.24,41.59
2026-03-09,service-8,service-9,VPC-peering,986.21,9.86
2026-03-09,service-9,service-10,cross-AZ,926.35,9.26
2026-03-09,service-10,service-11,cross-region,1989.02,39.78
2026-03-09,service-11,service-12,internet-egress,1894.25,85.24
2026-03-09,service-12,service-1,VPC-peering,111.04,1.11
2026-03-09,service-1,service-2,cross-AZ,811.32,8.11
2026-03-09,service-2,service-3,cross-region,1596.79,31.94
2026-03-09,service-3,service-4,internet-egress,388.64,17.49
2026-03-09,service-4,service-5,VPC-peering,270.88,2.71
2026-03-09,service-5,service-6,cross-AZ,2088.16,20.88
2026-03-09,service-6,service-7,cross-region,1186.44,23.73
2026-03-09,service-7,service-8,internet-egress,2153.65,96.91
2026-03-09,service-8,service-9,VPC-peering,2076.53,20.77
2026-03-10,service-1,service-2,cross-AZ,2244.09,22.44
2026-03-10,service-2,service-3,cross-region,215.86,4.32
2026-03-10,service-3,service-4,internet-egress,546.71,24.6
2026-03-10,service-4,service-5,VPC-peering,810.74,8.11
2026-03-10,service-5,service-6,cross-AZ,426.95,4.27
2026-03-10,service-6,service-7,cross-region,1265.13,25.3
2026-03-10,service-7,service-8,internet-egress,2017.54,90.79
2026-03-10,service-8,service-9,VPC-peering,2382.84,23.83
2026-03-10,service-9,service-10,cross-AZ,2234.98,22.35
2026-03-10,service-10,service-11,cross-region,1197.61,23.95
2026-03-10,service-11,service-12,internet-egress,1627.58,73.24
2026-03-10,service-12,service-1,VPC-peering,653.67,6.54
2026-03-10,service-1,service-2,cross-AZ,1067.22,10.67
2026-03-10,service-2,service-3,cross-region,2190.84,43.82
2026-03-10,service-3,service-4,internet-egress,170.07,7.65
2026-03-10,service-4,service-5,VPC-peering,1378.62,13.79
2026-03-10,service-5,service-6,cross-AZ,2194.72,21.95
2026-03-10,service-6,service-7,cross-region,392.82,7.86
2026-03-10,service-7,service-8,internet-egress,2458.11,110.61
2026-03-10,service-8,service-9,VPC-peering,129.74,1.3
2026-03-11,service-1,service-2,cross-AZ,2226.69,22.27
2026-03-11,service-2,service-3,cross-region,948.81,18.98
2026-03-11,service-3,service-4,internet-egress,418.46,18.83
2026-03-11,service-4,service-5,VPC-peering,477.66,4.78
2026-03-11,service-5,service-6,cross-AZ,1782.83,17.83
2026-03-11,service-6,service-7,cross-region,2189.73,43.79
2026-03-11,service-7,service-8,internet-egress,1638.56,73.74
2026-03-11,service-8,service-9,VPC-peering,2328.94,23.29
2026-03-11,service-9,service-10,cross-AZ,2121.95,21.22
2026-03-11,service-10,service-11,cross-region,121.68,2.43
2026-03-11,service-11,service-12,internet-egress,1706.63,76.8
2026-03-11,service-12,service-1,VPC-peering,831.12,8.31
2026-03-11,service-1,service-2,cross-AZ,1190.8,11.91
2026-03-11,service-2,service-3,cross-region,325.67,6.51
2026-03-11,service-3,service-4,internet-egress,777.04,34.97
2026-03-11,service-4,service-5,VPC-peering,1618.45,16.18
2026-03-11,service-5,service-6,cross-AZ,624.12,6.24
2026-03-11,service-6,service-7,cross-region,1654.09,33.08
2026-03-11,service-7,service-8,internet-egress,2315.28,104.19
2026-03-11,service-8,service-9,VPC-peering,111.86,1.12
2026-03-12,service-1,service-2,cross-AZ,1985.85,19.86
2026-03-12,service-2,service-3,cross-region,1639.17,32.78
2026-03-12,service-3,service-4,internet-egress,211.92,9.54
2026-03-12,service-4,service-5,VPC-peering,1996.4,19.96
2026-03-12,service-5,service-6,cross-AZ,638.85,6.39
2026-03-12,service-6,service-7,cross-region,737.97,14.76
2026-03-12,service-7,service-8,internet-egress,324.44,14.6
2026-03-12,service-8,service-9,VPC-peering,1382.51,13.83
2026-03-12,service-9,service-10,cross-AZ,1295.74,12.96
2026-03-12,service-10,service-11,cross-region,933.22,18.66
2026-03-12,service-11,service-12,internet-egress,505.01,22.73
2026-03-12,service-12,service-1,VPC-peering,2111.09,21.11
2026-03-12,service-1,service-2,cross-AZ,2203.31,22.03
2026-03-12,service-2,service-3,cross-region,1397.39,27.95
2026-03-12,service-3,service-4,internet-egress,686.14,30.88
2026-03-12,service-4,service-5,VPC-peering,330.66,3.31
2026-03-12,service-5,service-6,cross-AZ,2184.51,21.85
2026-03-12,service-6,service-7,cross-region,330.53,6.61
2026-03-12,service-7,service-8,internet-egress,131.63,5.92
2026-03-12,service-8,service-9,VPC-peering,1226.55,12.27
2026-03-13,service-1,service-2,cross-AZ,1855.05,18.55
2026-03-13,service-2,service-3,cross-region,1198.09,23.96
2026-03-13,service-3,service-4,internet-egress,223.39,10.05
2026-03-13,service-4,service-5,VPC-peering,1756.07,17.56
2026-03-13,service-5,service-6,cross-AZ,1641.6,16.42
2026-03-13,service-6,service-7,cross-region,1735.67,34.71
2026-03-13,service-7,service-8,internet-egress,606.89,27.31
2026-03-13,service-8,service-9,VPC-peering,2009.68,20.1
2026-03-13,service-9,service-10,cross-AZ,1250.0,12.5
2026-03-13,service-10,service-11,cross-region,1387.25,27.74
2026-03-13,service-11,service-12,internet-egress,1409.99,63.45
2026-03-13,service-12,service-1,VPC-peering,788.34,7.88
2026-03-13,service-1,service-2,cross-AZ,700.32,7.0
2026-03-13,service-2,service-3,cross-region,111.44,2.23
2026-03-13,service-3,service-4,internet-egress,1051.86,47.33
2026-03-13,service-4,service-5,VPC-peering,1264.25,12.64
2026-03-13,service-5,service-6,cross-AZ,1882.73,18.83
2026-03-13,service-6,service-7,cross-region,259.9,5.2
2026-03-13,service-7,service-8,internet-egress,2317.57,104.29
2026-03-13,service-8,service-9,VPC-peering,733.5,7.34
2026-03-14,service-1,service-2,cross-AZ,980.13,9.8
2026-03-14,service-2,service-3,cross-region,216.07,4.32
2026-03-14,service-3,service-4,internet-egress,1667.53,75.04
2026-03-14,service-4,service-5,VPC-peering,1801.41,18.01
2026-03-14,service-5,service-6,cross-AZ,2329.1,23.29
2026-03-14,service-6,service-7,cross-region,908.39,18.17
2026-03-14,service-7,service-8,internet-egress,717.68,32.3
2026-03-14,service-8,service-9,VPC-peering,1842.61,18.43
2026-03-14,service-9,service-10,cross-AZ,1796.32,17.96
2026-03-14,service-10,service-11,cross-region,2349.1,46.98
2026-03-14,service-11,service-12,internet-egress,592.76,26.67
2026-03-14,service-12,service-1,VPC-peering,1792.7,17.93
2026-03-14,service-1,service-2,cross-AZ,260.48,2.6
2026-03-14,service-2,service-3,cross-region,1252.88,25.06
2026-03-14,service-3,service-4,internet-egress,386.54,17.39
2026-03-14,service-4,service-5,VPC-peering,1667.55,16.68
2026-03-14,service-5,service-6,cross-AZ,1543.52,15.44
2026-03-14,service-6,service-7,cross-region,217.2,4.34
2026-03-14,service-7,service-8,internet-egress,867.08,39.02
2026-03-14,service-8,service-9,VPC-peering,1048.08,10.48
2026-03-15,service-1,service-2,cross-AZ,695.34,6.95
2026-03-15,service-2,service-3,cross-region,192.81,3.86
2026-03-15,service-3,service-4,internet-egress,865.17,38.93
2026-03-15,service-4,service-5,VPC-peering,2002.3,20.02
2026-03-15,service-5,service-6,cross-AZ,964.26,9.64
2026-03-15,service-6,service-7,cross-region,876.09,17.52
2026-03-15,service-7,service-8,internet-egress,2360.21,106.21
2026-03-15,service-8,service-9,VPC-peering,199.91,2.0
2026-03-15,service-9,service-10,cross-AZ,1941.49,19.41
2026-03-15,service-10,service-11,cross-region,1259.42,25.19
2026-03-15,service-11,service-12,internet-egress,2366.71,106.5
2026-03-15,service-12,service-1,VPC-peering,1044.33,10.44
2026-03-15,service-1,service-2,cross-AZ,1799.3,17.99
2026-03-15,service-2,service-3,cross-region,267.84,5.36
2026-03-15,service-3,service-4,internet-egress,2329.05,104.81
2026-03-15,service-4,service-5,VPC-peering,926.9,9.27
2026-03-15,service-5,service-6,cross-AZ,1357.61,13.58
2026-03-15,service-6,service-7,cross-region,432.36,8.65
2026-03-15,service-7,service-8,internet-egress,2369.34,106.62
2026-03-15,service-8,service-9,VPC-peering,1715.13,17.15
2026-03-16,service-1,service-2,cross-AZ,229.47,2.29
2026-03-16,service-2,service-3,cross-region,472.5,9.45
2026-03-16,service-3,service-4,internet-egress,1059.6,47.68
2026-03-16,service-4,service-5,VPC-peering,620.25,6.2
2026-03-16,service-5,service-6,cross-AZ,831.1,8.31
2026-03-16,service-6,service-7,cross-region,2493.98,49.88
2026-03-16,service-7,service-8,internet-egress,1680.76,75.63
2026-03-16,service-8,service-9,VPC-peering,2313.32,23.13
2026-03-16,service-9,service-10,cross-AZ,1145.92,11.46
2026-03-16,service-10,service-11,cross-region,1804.68,36.09
2026-03-16,service-11,service-12,internet-egress,1203.26,54.15
2026-03-16,service-12,service-1,VPC-peering,887.74,8.88
2026-03-16,service-1,service-2,cross-AZ,1346.02,13.46
2026-03-16,service-2,service-3,cross-region,1125.55,22.51
2026-03-16,service-3,service-4,internet-egress,2453.3,110.4
2026-03-16,service-4,service-5,VPC-peering,1290.8,12.91
2026-03-16,service-5,service-6,cross-AZ,2046.67,20.47
2026-03-16,service-6,service-7,cross-region,1700.37,34.01
2026-03-16,service-7,service-8,internet-egress,1251.11,56.3
2026-03-16,service-8,service-9,VPC-peering,1237.96,12.38
2026-03-17,service-1,service-2,cross-AZ,920.54,9.21
2026-03-17,service-2,service-3,cross-region,356.76,7.14
2026-03-17,service-3,service-4,internet-egress,1927.53,86.74
2026-03-17,service-4,service-5,VPC-peering,2303.43,23.03
2026-03-17,service-5,service-6,cross-AZ,623.09,6.23
2026-03-17,service-6,service-7,cross-region,2321.62,46.43
2026-03-17,service-7,service-8,internet-egress,657.53,29.59
2026-03-17,service-8,service-9,VPC-peering,1372.19,13.72
2026-03-17,service-9,service-10,cross-AZ,924.69,9.25
2026-03-17,service-10,service-11,cross-region,374.82,7.5
2026-03-17,service-11,service-12,internet-egress,226.81,10.21
2026-03-17,service-12,service-1,VPC-peering,976.83,9.77
2026-03-17,service-1,service-2,cross-AZ,213.63,2.14
2026-03-17,service-2,service-3,cross-region,350.1,7.0
2026-03-17,service-3,service-4,internet-egress,441.51,19.87
2026-03-17,service-4,service-5,VPC-peering,104.6,1.05
2026-03-17,service-5,service-6,cross-AZ,467.81,4.68
2026-03-17,service-6,service-7,cross-region,1485.47,29.71
2026-03-17,service-7,service-8,internet-egress,2066.86,93.01
2026-03-17,service-8,service-9,VPC-peering,564.23,5.64
2026-03-18,service-1,service-2,cross-AZ,294.09,2.94
2026-03-18,service-2,service-3,cross-region,1850.83,37.02
2026-03-18,service-3,service-4,internet-egress,119.59,5.38
2026-03-18,service-4,service-5,VPC-peering,1861.99,18.62
2026-03-18,service-5,service-6,cross-AZ,414.68,4.15
2026-03-18,service-6,service-7,cross-region,647.88,12.96
2026-03-18,service-7,service-8,internet-egress,388.17,17.47
2026-03-18,service-8,service-9,VPC-peering,693.61,6.94
2026-03-18,service-9,service-10,cross-AZ,2015.62,20.16
2026-03-18,service-10,service-11,cross-region,418.11,8.36
2026-03-18,service-11,service-12,internet-egress,2486.0,111.87
2026-03-18,service-12,service-1,VPC-peering,885.03,8.85
2026-03-18,service-1,service-2,cross-AZ,2312.72,23.13
2026-03-18,service-2,service-3,cross-region,556.08,11.12
2026-03-18,service-3,service-4,internet-egress,550.95,24.79
2026-03-18,service-4,service-5,VPC-peering,1456.81,14.57
2026-03-18,service-5,service-6,cross-AZ,221.44,2.21
2026-03-18,service-6,service-7,cross-region,2022.41,40.45
2026-03-18,service-7,service-8,internet-egress,1155.08,51.98
2026-03-18,service-8,service-9,VPC-peering,1778.07,17.78
2026-03-19,service-1,service-2,cross-AZ,519.12,5.19
2026-03-19,service-2,service-3,cross-region,1641.66,32.83
2026-03-19,service-3,service-4,internet-egress,1525.77,68.66
2026-03-19,service-4,service-5,VPC-peering,1913.59,19.14
2026-03-19,service-5,service-6,cross-AZ,813.76,8.14
2026-03-19,service-6,service-7,cross-region,2339.6,46.79
2026-03-19,service-7,service-8,internet-egress,2407.12,108.32
2026-03-19,service-8,service-9,VPC-peering,2183.5,21.83
2026-03-19,service-9,service-10,cross-AZ,1472.88,14.73
2026-03-19,service-10,service-11,cross-region,1108.69,22.17
2026-03-19,service-11,service-12,internet-egress,239.18,10.76
2026-03-19,service-12,service-1,VPC-peering,2373.35,23.73
2026-03-19,service-1,service-2,cross-AZ,2384.28,23.84
2026-03-19,service-2,service-3,cross-region,144.85,2.9
2026-03-19,service-3,service-4,internet-egress,956.53,43.04
2026-03-19,service-4,service-5,VPC-peering,2212.09,22.12
2026-03-19,service-5,service-6,cross-AZ,294.04,2.94
2026-03-19,service-6,service-7,cross-region,571.76,11.44
2026-03-19,service-7,service-8,internet-egress,2448.83,110.2
2026-03-19,service-8,service-9,VPC-peering,2133.49,21.33
2026-03-20,service-1,service-2,cross-AZ,2288.95,22.89
2026-03-20,service-2,service-3,cross-region,441.17,8.82
2026-03-20,service-3,service-4,internet-egress,607.16,27.32
2026-03-20,service-4,service-5,VPC-peering,1553.0,15.53
2026-03-20,service-5,service-6,cross-AZ,1304.17,13.04
2026-03-20,service-6,service-7,cross-region,816.41,16.33
2026-03-20,service-7,service-8,internet-egress,2221.23,99.96
2026-03-20,service-8,service-9,VPC-peering,2263.33,22.63
2026-03-20,service-9,service-10,cross-AZ,800.04,8.0
2026-03-20,service-10,service-11,cross-region,473.81,9.48
2026-03-20,service-11,service-12,internet-egress,457.82,20.6
2026-03-20,service-12,service-1,VPC-peering,1262.62,12.63
2026-03-20,service-1,service-2,cross-AZ,419.0,4.19
2026-03-20,service-2,service-3,cross-region,1236.02,24.72
2026-03-20,service-3,service-4,internet-egress,1208.64,54.39
2026-03-20,service-4,service-5,VPC-peering,2221.86,22.22
2026-03-20,service-5,service-6,cross-AZ,810.91,8.11
2026-03-20,service-6,service-7,cross-region,1445.57,28.91
2026-03-20,service-7,service-8,internet-egress,1884.4,84.8
2026-03-20,service-8,service-9,VPC-peering,1530.2,15.3
2026-03-21,service-1,service-2,cross-AZ,2389.76,23.9
2026-03-21,service-2,service-3,cross-region,1545.47,30.91
2026-03-21,service-3,service-4,internet-egress,2264.47,101.9
2026-03-21,service-4,service-5,VPC-peering,688.14,6.88
2026-03-21,service-5,service-6,cross-AZ,1445.81,14.46
2026-03-21,service-6,service-7,cross-region,1403.93,28.08
2026-03-21,service-7,service-8,internet-egress,2474.69,111.36
2026-03-21,service-8,service-9,VPC-peering,590.82,5.91
2026-03-21,service-9,service-10,cross-AZ,438.38,4.38
2026-03-21,service-10,service-11,cross-region,1568.01,31.36
2026-03-21,service-11,service-12,internet-egress,636.86,28.66
2026-03-21,service-12,service-1,VPC-peering,1633.97,16.34
2026-03-21,service-1,service-2,cross-AZ,2433.97,24.34
2026-03-21,service-2,service-3,cross-region,2371.61,47.43
2026-03-21,service-3,service-4,internet-egress,654.65,29.46
2026-03-21,service-4,service-5,VPC-peering,510.15,5.1
2026-03-21,service-5,service-6,cross-AZ,1445.77,14.46
2026-03-21,service-6,service-7,cross-region,1508.27,30.17
2026-03-21,service-7,service-8,internet-egress,1689.4,76.02
2026-03-21,service-8,service-9,VPC-peering,1879.58,18.8
2026-03-22,service-1,service-2,cross-AZ,1542.3,15.42
2026-03-22,service-2,service-3,cross-region,368.21,7.36
2026-03-22,service-3,service-4,internet-egress,1996.38,89.84
2026-03-22,service-4,service-5,VPC-peering,290.84,2.91
2026-03-22,service-5,service-6,cross-AZ,147.98,1.48
2026-03-22,service-6,service-7,cross-region,1947.18,38.94
2026-03-22,service-7,service-8,internet-egress,1416.06,63.72
2026-03-22,service-8,service-9,VPC-peering,1776.62,17.77
2026-03-22,service-9,service-10,cross-AZ,1018.59,10.19
2026-03-22,service-10,service-11,cross-region,126.62,2.53
2026-03-22,service-11,service-12,internet-egress,894.44,40.25
2026-03-22,service-12,service-1,VPC-peering,1559.52,15.6
2026-03-22,service-1,service-2,cross-AZ,641.69,6.42
2026-03-22,service-2,service-3,cross-region,1750.73,35.01
2026-03-22,service-3,service-4,internet-egress,2006.56,90.3
2026-03-22,service-4,service-5,VPC-peering,1190.24,11.9
2026-03-22,service-5,service-6,cross-AZ,2201.73,22.02
2026-03-22,service-6,service-7,cross-region,2151.56,43.03
2026-03-22,service-7,service-8,internet-egress,2207.34,99.33
2026-03-22,service-8,service-9,VPC-peering,1686.49,16.86
2026-03-23,service-1,service-2,cross-AZ,831.49,8.31
2026-03-23,service-2,service-3,cross-region,1255.0,25.1
2026-03-23,service-3,service-4,internet-egress,1805.23,81.24
2026-03-23,service-4,service-5,VPC-peering,605.35,6.05
2026-03-23,service-5,service-6,cross-AZ,1873.22,18.73
2026-03-23,service-6,service-7,cross-region,1415.41,28.31
2026-03-23,service-7,service-8,internet-egress,330.44,14.87
2026-03-23,service-8,service-9,VPC-peering,1437.49,14.37
2026-03-23,service-9,service-10,cross-AZ,260.26,2.6
2026-03-23,service-10,service-11,cross-region,134.34,2.69
2026-03-23,service-11,service-12,internet-egress,2235.11,100.58
2026-03-23,service-12,service-1,VPC-peering,1275.8,12.76
2026-03-23,service-1,service-2,cross-AZ,1403.9,14.04
2026-03-23,service-2,service-3,cross-region,771.85,15.44
2026-03-23,service-3,service-4,internet-egress,1402.59,63.12
2026-03-23,service-4,service-5,VPC-peering,505.28,5.05
2026-03-23,service-5,service-6,cross-AZ,1889.55,18.9
2026-03-23,service-6,service-7,cross-region,2076.04,41.52
2026-03-23,service-7,service-8,internet-egress,2154.1,96.93
2026-03-23,service-8,service-9,VPC-peering,355.97,3.56
2026-03-24,service-1,service-2,cross-AZ,1438.61,14.39
2026-03-24,service-2,service-3,cross-region,2041.0,40.82
2026-03-24,service-3,service-4,internet-egress,407.72,18.35
2026-03-24,service-4,service-5,VPC-peering,338.85,3.39
2026-03-24,service-5,service-6,cross-AZ,2060.66,20.61
2026-03-24,service-6,service-7,cross-region,2012.17,40.24
2026-03-24,service-7,service-8,internet-egress,1176.86,52.96
2026-03-24,service-8,service-9,VPC-peering,363.31,3.63
2026-03-24,service-9,service-10,cross-AZ,1338.7,13.39
2026-03-24,service-10,service-11,cross-region,1047.53,20.95
2026-03-24,service-11,service-12,internet-egress,1344.51,60.5
2026-03-24,service-12,service-1,VPC-peering,1155.75,11.56
2026-03-24,service-1,service-2,cross-AZ,1464.43,14.64
2026-03-24,service-2,service-3,cross-region,1845.11,36.9
2026-03-24,service-3,service-4,internet-egress,1959.66,88.18
2026-03-24,service-4,service-5,VPC-peering,1657.56,16.58
2026-03-24,service-5,service-6,cross-AZ,577.46,5.77
2026-03-24,service-6,service-7,cross-region,1053.1,21.06
2026-03-24,service-7,service-8,internet-egress,270.94,12.19
2026-03-24,service-8,service-9,VPC-peering,1184.02,11.84
2026-03-25,service-1,service-2,cross-AZ,2428.81,24.29
2026-03-25,service-2,service-3,cross-region,1640.15,32.8
2026-03-25,service-3,service-4,internet-egress,471.07,21.2
2026-03-25,service-4,service-5,VPC-peering,744.59,7.45
2026-03-25,service-5,service-6,cross-AZ,254.98,2.55
2026-03-25,service-6,service-7,cross-region,537.79,10.76
2026-03-25,service-7,service-8,internet-egress,1270.82,57.19
2026-03-25,service-8,service-9,VPC-peering,927.66,9.28
2026-03-25,service-9,service-10,cross-AZ,589.51,5.9
2026-03-25,service-10,service-11,cross-region,451.84,9.04
2026-03-25,service-11,service-12,internet-egress,1674.57,75.36
2026-03-25,service-12,service-1,VPC-peering,1439.45,14.39
2026-03-25,service-1,service-2,cross-AZ,2122.34,21.22
2026-03-25,service-2,service-3,cross-region,539.81,10.8
2026-03-25,service-3,service-4,internet-egress,2135.17,96.08
2026-03-25,service-4,service-5,VPC-peering,1486.99,14.87
2026-03-25,service-5,service-6,cross-AZ,738.94,7.39
2026-03-25,service-6,service-7,cross-region,756.53,15.13
2026-03-25,service-7,service-8,internet-egress,1036.91,46.66
2026-03-25,service-8,service-9,VPC-peering,1204.31,12.04
2026-03-26,service-1,service-2,cross-AZ,298.01,2.98
2026-03-26,service-2,service-3,cross-region,2120.8,42.42
2026-03-26,service-3,service-4,internet-egress,391.7,17.63
2026-03-26,service-4,service-5,VPC-peering,1260.3,12.6
2026-03-26,service-5,service-6,cross-AZ,1019.12,10.19
2026-03-26,service-6,service-7,cross-region,1329.49,26.59
2026-03-26,service-7,service-8,internet-egress,2229.96,100.35
2026-03-26,service-8,service-9,VPC-peering,2473.81,24.74
2026-03-26,service-9,service-10,cross-AZ,148.65,1.49
2026-03-26,service-10,service-11,cross-region,1043.77,20.88
2026-03-26,service-11,service-12,internet-egress,2062.27,92.8
2026-03-26,service-12,service-1,VPC-peering,883.85,8.84
2026-03-26,service-1,service-2,cross-AZ,1657.69,16.58
2026-03-26,service-2,service-3,cross-region,2481.42,49.63
2026-03-26,service-3,service-4,internet-egress,1652.25,74.35
2026-03-26,service-4,service-5,VPC-peering,366.86,3.67
2026-03-26,service-5,service-6,cross-AZ,2123.04,21.23
2026-03-26,service-6,service-7,cross-region,2419.98,48.4
2026-03-26,service-7,service-8,internet-egress,1810.02,81.45
2026-03-26,service-8,service-9,VPC-peering,1105.76,11.06
2026-03-27,service-1,service-2,cross-AZ,2376.16,23.76
2026-03-27,service-2,service-3,cross-region,2424.57,48.49
2026-03-27,service-3,service-4,internet-egress,2344.28,105.49
2026-03-27,service-4,service-5,VPC-peering,1088.37,10.88
2026-03-27,service-5,service-6,cross-AZ,1995.3,19.95
2026-03-27,service-6,service-7,cross-region,1670.03,33.4
2026-03-27,service-7,service-8,internet-egress,531.3,23.91
2026-03-27,service-8,service-9,VPC-peering,1385.24,13.85
2026-03-27,service-9,service-10,cross-AZ,1894.46,18.94
2026-03-27,service-10,service-11,cross-region,2250.19,45.0
2026-03-27,service-11,service-12,internet-egress,2170.24,97.66
2026-03-27,service-12,service-1,VPC-peering,471.18,4.71
2026-03-27,service-1,service-2,cross-AZ,1271.28,12.71
2026-03-27,service-2,service-3,cross-region,1247.84,24.96
2026-03-27,service-3,service-4,internet-egress,2256.97,101.56
2026-03-27,service-4,service-5,VPC-peering,104.65,1.05
2026-03-27,service-5,service-6,cross-AZ,1872.91,18.73
2026-03-27,service-6,service-7,cross-region,1584.74,31.69
2026-03-27,service-7,service-8,internet-egress,2311.77,104.03
2026-03-27,service-8,service-9,VPC-peering,1196.6,11.97
2026-03-28,service-1,service-2,cross-AZ,1678.41,16.78
2026-03-28,service-2,service-3,cross-region,2434.59,48.69
2026-03-28,service-3,service-4,internet-egress,1885.37,84.84
2026-03-28,service-4,service-5,VPC-peering,261.72,2.62
2026-03-28,service-5,service-6,cross-AZ,502.08,5.02
2026-03-28,service-6,service-7,cross-region,2071.48,41.43
2026-03-28,service-7,service-8,internet-egress,903.51,40.66
2026-03-28,service-8,service-9,VPC-peering,1794.2,17.94
2026-03-28,service-9,service-10,cross-AZ,1779.58,17.8
2026-03-28,service-10,service-11,cross-region,2484.88,49.7
2026-03-28,service-11,service-12,internet-egress,1227.69,55.25
2026-03-28,service-12,service-1,VPC-peering,1870.8,18.71
2026-03-28,service-1,service-2,cross-AZ,217.01,2.17
2026-03-28,service-2,service-3,cross-region,1210.22,24.2
2026-03-28,service-3,service-4,internet-egress,548.04,24.66
2026-03-28,service-4,service-5,VPC-peering,2117.37,21.17
2026-03-28,service-5,service-6,cross-AZ,2115.78,21.16
2026-03-28,service-6,service-7,cross-region,667.27,13.35
2026-03-28,service-7,service-8,internet-egress,863.88,38.87
2026-03-28,service-8,service-9,VPC-peering,1785.95,17.86
2026-03-29,service-1,service-2,cross-AZ,1871.84,18.72
2026-03-29,service-2,service-3,cross-region,1678.32,33.57
2026-03-29,service-3,service-4,internet-egress,2492.07,112.14
2026-03-29,service-4,service-5,VPC-peering,2184.84,21.85
2026-03-29,service-5,service-6,cross-AZ,1100.94,11.01
2026-03-29,service-6,service-7,cross-region,884.74,17.69
2026-03-29,service-7,service-8,internet-egress,1532.44,68.96
2026-03-29,service-8,service-9,VPC-peering,2062.33,20.62
2026-03-29,service-9,service-10,cross-AZ,1240.82,12.41
2026-03-29,service-10,service-11,cross-region,1870.46,37.41
2026-03-29,service-11,service-12,internet-egress,145.98,6.57
2026-03-29,service-12,service-1,VPC-peering,2322.02,23.22
2026-03-29,service-1,service-2,cross-AZ,1957.2,19.57
2026-03-29,service-2,service-3,cross-region,1046.06,20.92
2026-03-29,service-3,service-4,internet-egress,1021.63,45.97
2026-03-29,service-4,service-5,VPC-peering,346.93,3.47
2026-03-29,service-5,service-6,cross-AZ,2058.77,20.59
2026-03-29,service-6,service-7,cross-region,1944.71,38.89
2026-03-29,service-7,service-8,internet-egress,1612.6,72.57
2026-03-29,service-8,service-9,VPC-peering,343.5,3.43
2026-03-30,service-1,service-2,cross-AZ,729.62,7.3
2026-03-30,service-2,service-3,cross-region,1201.39,24.03
2026-03-30,service-3,service-4,internet-egress,738.33,33.22
2026-03-30,service-4,service-5,VPC-peering,1141.54,11.42
2026-03-30,service-5,service-6,cross-AZ,642.3,6.42
2026-03-30,service-6,service-7,cross-region,939.04,18.78
2026-03-30,service-7,service-8,internet-egress,1665.51,74.95
2026-03-30,service-8,service-9,VPC-peering,2241.67,22.42
2026-03-30,service-9,service-10,cross-AZ,1024.07,10.24
2026-03-30,service-10,service-11,cross-region,1760.58,35.21
2026-03-30,service-11,service-12,internet-egress,423.5,19.06
2026-03-30,service-12,service-1,VPC-peering,1397.96,13.98
2026-03-30,service-1,service-2,cross-AZ,2312.09,23.12
2026-03-30,service-2,service-3,cross-region,167.05,3.34
2026-03-30,service-3,service-4,internet-egress,742.14,33.4
2026-03-30,service-4,service-5,VPC-peering,417.98,4.18
2026-03-30,service-5,service-6,cross-AZ,1379.49,13.79
2026-03-30,service-6,service-7,cross-region,1731.14,34.62
2026-03-30,service-7,service-8,internet-egress,238.67,10.74
2026-03-30,service-8,service-9,VPC-peering,268.68,2.69
2026-03-31,service-1,service-2,cross-AZ,2187.11,21.87
2026-03-31,service-2,service-3,cross-region,1194.96,23.9
2026-03-31,service-3,service-4,internet-egress,1211.08,54.5
2026-03-31,service-4,service-5,VPC-peering,2366.99,23.67
2026-03-31,service-5,service-6,cross-AZ,868.5,8.69
2026-03-31,service-6,service-7,cross-region,2252.86,45.06
2026-03-31,service-7,service-8,internet-egress,2438.21,109.72
2026-03-31,service-8,service-9,VPC-peering,680.07,6.8
2026-03-31,service-9,service-10,cross-AZ,1333.69,13.34
2026-03-31,service-10,service-11,cross-region,1382.45,27.65
2026-03-31,service-11,service-12,internet-egress,2178.8,98.05
2026-03-31,service-12,service-1,VPC-peering,829.38,8.29
2026-03-31,service-1,service-2,cross-AZ,2015.3,20.15
2026-03-31,service-2,service-3,cross-region,2430.42,48.61
2026-03-31,service-3,service-4,internet-egress,2116.81,95.26
2026-03-31,service-4,service-5,VPC-peering,2281.94,22.82
2026-03-31,service-5,service-6,cross-AZ,1800.05,18.0
2026-03-31,service-6,service-7,cross-region,2269.49,45.39
2026-03-31,service-7,service-8,internet-egress,495.64,22.3
2026-03-31,service-8,service-9,VPC-peering,1809.67,18.1
2026-04-01,service-1,service-2,cross-AZ,1856.51,18.57
2026-04-01,service-2,service-3,cross-region,1154.03,23.08
2026-04-01,service-3,service-4,internet-egress,291.37,13.11
2026-04-01,service-4,service-5,VPC-peering,1593.86,15.94
2026-04-01,service-5,service-6,cross-AZ,224.51,2.25
2026-04-01,service-6,service-7,cross-region,1017.77,20.36
2026-04-01,service-7,service-8,internet-egress,1044.81,47.02
2026-04-01,service-8,service-9,VPC-peering,2497.41,24.97
2026-04-01,service-9,service-10,cross-AZ,819.52,8.2
2026-04-01,service-10,service-11,cross-region,2069.09,41.38
2026-04-01,service-11,service-12,internet-egress,227.61,10.24
2026-04-01,service-12,service-1,VPC-peering,1371.44,13.71
2026-04-01,service-1,service-2,cross-AZ,1388.06,13.88
2026-04-01,service-2,service-3,cross-region,1609.0,32.18
2026-04-01,service-3,service-4,internet-egress,2044.01,91.98
2026-04-01,service-4,service-5,VPC-peering,1928.62,19.29
2026-04-01,service-5,service-6,cross-AZ,1926.42,19.26
2026-04-01,service-6,service-7,cross-region,1137.51,22.75
2026-04-01,service-7,service-8,internet-egress,1845.93,83.07
2026-04-01,service-8,service-9,VPC-peering,1279.16,12.79
2026-04-02,service-1,service-2,cross-AZ,260.68,2.61
2026-04-02,service-2,service-3,cross-region,2236.44,44.73
2026-04-02,service-3,service-4,internet-egress,2236.39,100.64
2026-04-02,service-4,service-5,VPC-peering,874.91,8.75
2026-04-02,service-5,service-6,cross-AZ,2293.37,22.93
2026-04-02,service-6,service-7,cross-region,1919.16,38.38
2026-04-02,service-7,service-8,internet-egress,1061.92,47.79
2026-04-02,service-8,service-9,VPC-peering,895.61,8.96
2026-04-02,service-9,service-10,cross-AZ,2440.34,24.4
2026-04-02,service-10,service-11,cross-region,1810.3,36.21
2026-04-02,service-11,service-12,internet-egress,1009.14,45.41
2026-04-02,service-12,service-1,VPC-peering,1640.76,16.41
2026-04-02,service-1,service-2,cross-AZ,1471.66,14.72
2026-04-02,service-2,service-3,cross-region,1358.9,27.18
2026-04-02,service-3,service-4,internet-egress,1647.28,74.13
2026-04-02,service-4,service-5,VPC-peering,1390.3,13.9
2026-04-02,service-5,service-6,cross-AZ,1671.5,16.71
2026-04-02,service-6,service-7,cross-region,2278.16,45.56
2026-04-02,service-7,service-8,internet-egress,2483.84,111.77
2026-04-02,service-8,service-9,VPC-peering,1802.29,18.02
2026-04-03,service-1,service-2,cross-AZ,2326.77,23.27
2026-04-03,service-2,service-3,cross-region,2160.18,43.2
2026-04-03,service-3,service-4,internet-egress,808.09,36.36
2026-04-03,service-4,service-5,VPC-peering,2338.98,23.39
2026-04-03,service-5,service-6,cross-AZ,269.94,2.7
2026-04-03,service-6,service-7,cross-region,891.81,17.84
2026-04-03,service-7,service-8,internet-egress,1635.87,73.61
2026-04-03,service-8,service-9,VPC-peering,1364.6,13.65
2026-04-03,service-9,service-10,cross-AZ,1401.79,14.02
2026-04-03,service-10,service-11,cross-region,2007.73,40.15
2026-04-03,service-11,service-12,internet-egress,567.29,25.53
2026-04-03,service-12,service-1,VPC-peering,2456.98,24.57
2026-04-03,service-1,service-2,cross-AZ,1149.9,11.5
2026-04-03,service-2,service-3,cross-region,2379.62,47.59
2026-04-03,service-3,service-4,internet-egress,1019.48,45.88
2026-04-03,service-4,service-5,VPC-peering,1544.29,15.44
2026-04-03,service-5,service-6,cross-AZ,1180.75,11.81
2026-04-03,service-6,service-7,cross-region,1722.24,34.44
2026-04-03,service-7,service-8,internet-egress,540.7,24.33
2026-04-03,service-8,service-9,VPC-peering,1061.51,10.62
2026-04-04,service-1,service-2,cross-AZ,264.11,2.64
2026-04-04,service-2,service-3,cross-region,1535.44,30.71
2026-04-04,service-3,service-4,internet-egress,2410.44,108.47
2026-04-04,service-4,service-5,VPC-peering,210.18,2.1
2026-04-04,service-5,service-6,cross-AZ,1683.11,16.83
2026-04-04,service-6,service-7,cross-region,1960.24,39.2
2026-04-04,service-7,service-8,internet-egress,611.46,27.52
2026-04-04,service-8,service-9,VPC-peering,755.38,7.55
2026-04-04,service-9,service-10,cross-AZ,583.79,5.84
2026-04-04,service-10,service-11,cross-region,813.79,16.28
2026-04-04,service-11,service-12,internet-egress,364.2,16.39
2026-04-04,service-12,service-1,VPC-peering,988.83,9.89
2026-04-04,service-1,service-2,cross-AZ,985.43,9.85
2026-04-04,service-2,service-3,cross-region,2037.44,40.75
2026-04-04,service-3,service-4,internet-egress,2022.3,91.0
2026-04-04,service-4,service-5,VPC-peering,2012.14,20.12
2026-04-04,service-5,service-6,cross-AZ,1460.89,14.61
2026-04-04,service-6,service-7,cross-region,882.11,17.64
2026-04-04,service-7,service-8,internet-egress,1086.31,48.88
2026-04-04,service-8,service-9,VPC-peering,862.58,8.63
2026-04-05,service-1,service-2,cross-AZ,1496.63,14.97
2026-04-05,service-2,service-3,cross-region,2351.15,47.02
2026-04-05,service-3,service-4,internet-egress,782.79,35.23
2026-04-05,service-4,service-5,VPC-peering,1201.24,12.01
2026-04-05,service-5,service-6,cross-AZ,1672.28,16.72
2026-04-05,service-6,service-7,cross-region,2127.27,42.55
2026-04-05,service-7,service-8,internet-egress,708.0,31.86
2026-04-05,service-8,service-9,VPC-peering,772.7,7.73
2026-04-05,service-9,service-10,cross-AZ,2224.4,22.24
2026-04-05,service-10,service-11,cross-region,292.62,5.85
2026-04-05,service-11,service-12,internet-egress,1553.07,69.89
2026-04-05,service-12,service-1,VPC-peering,2165.09,21.65
2026-04-05,service-1,service-2,cross-AZ,2312.18,23.12
2026-04-05,service-2,service-3,cross-region,130.45,2.61
2026-04-05,service-3,service-4,internet-egress,987.2,44.42
2026-04-05,service-4,service-5,VPC-peering,717.44,7.17
2026-04-05,service-5,service-6,cross-AZ,1463.28,14.63
2026-04-05,service-6,service-7,cross-region,1618.87,32.38
2026-04-05,service-7,service-8,internet-egress,2499.46,112.48
2026-04-05,service-8,service-9,VPC-peering,1330.63,13.31
2026-04-06,service-1,service-2,cross-AZ,1423.52,14.24
2026-04-06,service-2,service-3,cross-region,1094.35,21.89
2026-04-06,service-3,service-4,internet-egress,454.43,20.45
2026-04-06,service-4,service-5,VPC-peering,827.98,8.28
2026-04-06,service-5,service-6,cross-AZ,692.76,6.93
2026-04-06,service-6,service-7,cross-region,2022.93,40.46
2026-04-06,service-7,service-8,internet-egress,1409.96,63.45
2026-04-06,service-8,service-9,VPC-peering,810.86,8.11
2026-04-06,service-9,service-10,cross-AZ,1273.82,12.74
2026-04-06,service-10,service-11,cross-region,625.28,12.51
2026-04-06,service-11,service-12,internet-egress,544.31,24.49
2026-04-06,service-12,service-1,VPC-peering,2163.86,21.64
2026-04-06,service-1,service-2,cross-AZ,2367.55,23.68
2026-04-06,service-2,service-3,cross-region,292.04,5.84
2026-04-06,service-3,service-4,internet-egress,1935.72,87.11
2026-04-06,service-4,service-5,VPC-peering,1187.95,11.88
2026-04-06,service-5,service-6,cross-AZ,1033.53,10.34
2026-04-06,service-6,service-7,cross-region,1754.59,35.09
2026-04-06,service-7,service-8,internet-egress,739.01,33.26
2026-04-06,service-8,service-9,VPC-peering,149.39,1.49
2026-04-07,service-1,service-2,cross-AZ,613.61,6.14
2026-04-07,service-2,service-3,cross-region,543.82,10.88
2026-04-07,service-3,service-4,internet-egress,181.72,8.18
2026-04-07,service-4,service-5,VPC-peering,871.16,8.71
2026-04-07,service-5,service-6,cross-AZ,1238.84,12.39
2026-04-07,service-6,service-7,cross-region,1865.99,37.32
2026-04-07,service-7,service-8,internet-egress,881.59,39.67
2026-04-07,service-8,service-9,VPC-peering,566.9,5.67
2026-04-07,service-9,service-10,cross-AZ,653.49,6.53
2026-04-07,service-10,service-11,cross-region,2238.82,44.78
2026-04-07,service-11,service-12,internet-egress,591.33,26.61
2026-04-07,service-12,service-1,VPC-peering,2210.18,22.1
2026-04-07,service-1,service-2,cross-AZ,1173.04,11.73
2026-04-07,service-2,service-3,cross-region,2342.56,46.85
2026-04-07,service-3,service-4,internet-egress,1079.42,48.57
2026-04-07,service-4,service-5,VPC-peering,526.44,5.26
2026-04-07,service-5,service-6,cross-AZ,1417.67,14.18
2026-04-07,service-6,service-7,cross-region,1510.5,30.21
2026-04-07,service-7,service-8,internet-egress,1625.17,73.13
2026-04-07,service-8,service-9,VPC-peering,1087.59,10.88
2026-04-08,service-1,service-2,cross-AZ,216.64,2.17
2026-04-08,service-2,service-3,cross-region,1604.13,32.08
2026-04-08,service-3,service-4,internet-egress,2339.27,105.27
2026-04-08,service-4,service-5,VPC-peering,2398.14,23.98
2026-04-08,service-5,service-6,cross-AZ,1532.52,15.33
2026-04-08,service-6,service-7,cross-region,147.73,2.95
2026-04-08,service-7,service-8,internet-egress,354.49,15.95
2026-04-08,service-8,service-9,VPC-peering,2101.58,21.02
2026-04-08,service-9,service-10,cross-AZ,2091.39,20.91
2026-04-08,service-10,service-11,cross-region,2370.44,47.41
2026-04-08,service-11,service-12,internet-egress,1453.06,65.39
2026-04-08,service-12,service-1,VPC-peering,2173.16,21.73
2026-04-08,service-1,service-2,cross-AZ,2079.73,20.8
2026-04-08,service-2,service-3,cross-region,1514.61,30.29
2026-04-08,service-3,service-4,internet-egress,1980.73,89.13
2026-04-08,service-4,service-5,VPC-peering,401.71,4.02
2026-04-08,service-5,service-6,cross-AZ,1634.09,16.34
2026-04-08,service-6,service-7,cross-region,2388.28,47.77
2026-04-08,service-7,service-8,internet-egress,488.7,21.99
2026-04-08,service-8,service-9,VPC-peering,1885.7,18.86
2026-04-09,service-1,service-2,cross-AZ,869.89,8.7
2026-04-09,service-2,service-3,cross-region,2061.05,41.22
2026-04-09,service-3,service-4,internet-egress,1773.31,79.8
2026-04-09,service-4,service-5,VPC-peering,2322.82,23.23
2026-04-09,service-5,service-6,cross-AZ,1808.65,18.09
2026-04-09,service-6,service-7,cross-region,1084.75,21.69
2026-04-09,service-7,service-8,internet-egress,126.14,5.68
2026-04-09,service-8,service-9,VPC-peering,2003.0,20.03
2026-04-09,service-9,service-10,cross-AZ,1080.32,10.8
2026-04-09,service-10,service-11,cross-region,1709.52,34.19
2026-04-09,service-11,service-12,internet-egress,352.16,15.85
2026-04-09,service-12,service-1,VPC-peering,2238.32,22.38
2026-04-09,service-1,service-2,cross-AZ,1145.58,11.46
2026-04-09,service-2,service-3,cross-region,2307.26,46.15
2026-04-09,service-3,service-4,internet-egress,1796.84,80.86
2026-04-09,service-4,service-5,VPC-peering,391.51,3.92
2026-04-09,service-5,service-6,cross-AZ,1490.07,14.9
2026-04-09,service-6,service-7,cross-region,2283.84,45.68
2026-04-09,service-7,service-8,internet-egress,2019.93,90.9
2026-04-09,service-8,service-9,VPC-peering,1103.15,11.03
2026-04-10,service-1,service-2,cross-AZ,2392.15,23.92
2026-04-10,service-2,service-3,cross-region,744.58,14.89
2026-04-10,service-3,service-4,internet-egress,1000.26,45.01
2026-04-10,service-4,service-5,VPC-peering,1899.31,18.99
2026-04-10,service-5,service-6,cross-AZ,658.97,6.59
2026-04-10,service-6,service-7,cross-region,1336.9,26.74
2026-04-10,service-7,service-8,internet-egress,1849.09,83.21
2026-04-10,service-8,service-9,VPC-peering,1645.52,16.46
2026-04-10,service-9,service-10,cross-AZ,472.89,4.73
2026-04-10,service-10,service-11,cross-region,1611.18,32.22
2026-04-10,service-11,service-12,internet-egress,1474.51,66.35
2026-04-10,service-12,service-1,VPC-peering,1438.83,14.39
2026-04-10,service-1,service-2,cross-AZ,2082.51,20.83
2026-04-10,service-2,service-3,cross-region,541.35,10.83
2026-04-10,service-3,service-4,internet-egress,1903.76,85.67
2026-04-10,service-4,service-5,VPC-peering,1926.22,19.26
2026-04-10,service-5,service-6,cross-AZ,1834.35,18.34
2026-04-10,service-6,service-7,cross-region,1314.32,26.29
2026-04-10,service-7,service-8,internet-egress,1049.29,47.22
2026-04-10,service-8,service-9,VPC-peering,1047.23,10.47
2026-04-11,service-1,service-2,cross-AZ,1861.14,18.61
2026-04-11,service-2,service-3,cross-region,1294.95,25.9
2026-04-11,service-3,service-4,internet-egress,912.24,41.05
2026-04-11,service-4,service-5,VPC-peering,1601.13,16.01
2026-04-11,service-5,service-6,cross-AZ,2108.83,21.09
2026-04-11,service-6,service-7,cross-region,247.62,4.95
2026-04-11,service-7,service-8,internet-egress,2433.13,109.49
2026-04-11,service-8,service-9,VPC-peering,331.96,3.32
2026-04-11,service-9,service-10,cross-AZ,1328.17,13.28
2026-04-11,service-10,service-11,cross-region,1444.5,28.89
2026-04-11,service-11,service-12,internet-egress,431.71,19.43
2026-04-11,service-12,service-1,VPC-peering,2297.43,22.97
2026-04-11,service-1,service-2,cross-AZ,1231.52,12.32
2026-04-11,service-2,service-3,cross-region,443.49,8.87
2026-04-11,service-3,service-4,internet-egress,1807.87,81.35
2026-04-11,service-4,service-5,VPC-peering,1692.17,16.92
2026-04-11,service-5,service-6,cross-AZ,2410.88,24.11
2026-04-11,service-6,service-7,cross-region,1159.64,23.19
2026-04-11,service-7,service-8,internet-egress,742.71,33.42
2026-04-11,service-8,service-9,VPC-peering,243.99,2.44
2026-04-12,service-1,service-2,cross-AZ,1859.49,18.59
2026-04-12,service-2,service-3,cross-region,1581.47,31.63
2026-04-12,service-3,service-4,internet-egress,2434.27,109.54
2026-04-12,service-4,service-5,VPC-peering,1809.2,18.09
2026-04-12,service-5,service-6,cross-AZ,2339.59,23.4
2026-04-12,service-6,service-7,cross-region,2479.79,49.6
2026-04-12,service-7,service-8,internet-egress,1128.23,50.77
2026-04-12,service-8,service-9,VPC-peering,460.71,4.61
2026-04-12,service-9,service-10,cross-AZ,570.04,5.7
2026-04-12,service-10,service-11,cross-region,864.1,17.28
2026-04-12,service-11,service-12,internet-egress,1321.35,59.46
2026-04-12,service-12,service-1,VPC-peering,393.81,3.94
2026-04-12,service-1,service-2,cross-AZ,824.12,8.24
2026-04-12,service-2,service-3,cross-region,838.71,16.77
2026-04-12,service-3,service-4,internet-egress,109.81,4.94
2026-04-12,service-4,service-5,VPC-peering,950.0,9.5
2026-04-12,service-5,service-6,cross-AZ,378.77,3.79
2026-04-12,service-6,service-7,cross-region,1131.31,22.63
2026-04-12,service-7,service-8,internet-egress,571.69,25.73
2026-04-12,service-8,service-9,VPC-peering,2073.07,20.73
2026-04-13,service-1,service-2,cross-AZ,293.26,2.93
2026-04-13,service-2,service-3,cross-region,2177.59,43.55
2026-04-13,service-3,service-4,internet-egress,1493.26,67.2
2026-04-13,service-4,service-5,VPC-peering,1200.74,12.01
2026-04-13,service-5,service-6,cross-AZ,1419.38,14.19
2026-04-13,service-6,service-7,cross-region,1002.66,20.05
2026-04-13,service-7,service-8,internet-egress,406.27,18.28
2026-04-13,service-8,service-9,VPC-peering,1938.11,19.38
2026-04-13,service-9,service-10,cross-AZ,2326.99,23.27
2026-04-13,service-10,service-11,cross-region,2380.16,47.6
2026-04-13,service-11,service-12,internet-egress,1709.71,76.94
2026-04-13,service-12,service-1,VPC-peering,1084.83,10.85
2026-04-13,service-1,service-2,cross-AZ,1248.06,12.48
2026-04-13,service-2,service-3,cross-region,1676.72,33.53
2026-04-13,service-3,service-4,internet-egress,2075.37,93.39
2026-04-13,service-4,service-5,VPC-peering,998.96,9.99
2026-04-13,service-5,service-6,cross-AZ,2300.27,23.0
2026-04-13,service-6,service-7,cross-region,878.25,17.57
2026-04-13,service-7,service-8,internet-egress,1374.06,61.83
2026-04-13,service-8,service-9,VPC-peering,2407.27,24.07
2026-04-14,service-1,service-2,cross-AZ,2351.68,23.52
2026-04-14,service-2,service-3,cross-region,1769.79,35.4
2026-04-14,service-3,service-4,internet-egress,878.94,39.55
2026-04-14,service-4,service-5,VPC-peering,625.68,6.26
2026-04-14,service-5,service-6,cross-AZ,292.34,2.92
2026-04-14,service-6,service-7,cross-region,1800.77,36.02
2026-04-14,service-7,service-8,internet-egress,1308.28,58.87
2026-04-14,service-8,service-9,VPC-peering,1473.49,14.73
2026-04-14,service-9,service-10,cross-AZ,1233.74,12.34
2026-04-14,service-10,service-11,cross-region,1259.07,25.18
2026-04-14,service-11,service-12,internet-egress,1471.06,66.2
2026-04-14,service-12,service-1,VPC-peering,2294.23,22.94
2026-04-14,service-1,service-2,cross-AZ,170.48,1.7
2026-04-14,service-2,service-3,cross-region,2023.93,40.48
2026-04-14,service-3,service-4,internet-egress,1037.24,46.68
2026-04-14,service-4,service-5,VPC-peering,1887.82,18.88
2026-04-14,service-5,service-6,cross-AZ,2376.46,23.76
2026-04-14,service-6,service-7,cross-region,835.09,16.7
2026-04-14,service-7,service-8,internet-egress,314.93,14.17
2026-04-14,service-8,service-9,VPC-peering,657.52,6.58
2026-04-15,service-1,service-2,cross-AZ,633.02,6.33
2026-04-15,service-2,service-3,cross-region,1880.44,37.61
2026-04-15,service-3,service-4,internet-egress,248.46,11.18
2026-04-15,service-4,service-5,VPC-peering,222.24,2.22
2026-04-15,service-5,service-6,cross-AZ,1764.66,17.65
2026-04-15,service-6,service-7,cross-region,1436.13,28.72
2026-04-15,service-7,service-8,internet-egress,1102.64,49.62
2026-04-15,service-8,service-9,VPC-peering,1480.88,14.81
2026-04-15,service-9,service-10,cross-AZ,1864.59,18.65
2026-04-15,service-10,service-11,cross-region,348.33,6.97
2026-04-15,service-11,service-12,internet-egress,1427.89,64.25
2026-04-15,service-12,service-1,VPC-peering,2078.6,20.79
2026-04-15,service-1,service-2,cross-AZ,969.83,9.7
2026-04-15,service-2,service-3,cross-region,1931.24,38.62
2026-04-15,service-3,service-4,internet-egress,2129.01,95.81
2026-04-15,service-4,service-5,VPC-peering,2070.23,20.7
2026-04-15,service-5,service-6,cross-AZ,1660.86,16.61
2026-04-15,service-6,service-7,cross-region,1821.63,36.43
2026-04-15,service-7,service-8,internet-egress,1990.42,89.57
2026-04-15,service-8,service-9,VPC-peering,1860.9,18.61
2026-04-16,service-1,service-2,cross-AZ,1184.03,11.84
2026-04-16,service-2,service-3,cross-region,481.89,9.64
2026-04-16,service-3,service-4,internet-egress,843.35,37.95
2026-04-16,service-4,service-5,VPC-peering,597.39,5.97
2026-04-16,service-5,service-6,cross-AZ,967.47,9.67
2026-04-16,service-6,service-7,cross-region,1274.39,25.49
2026-04-16,service-7,service-8,internet-egress,2401.71,108.08
2026-04-16,service-8,service-9,VPC-peering,2402.71,24.03
2026-04-16,service-9,service-10,cross-AZ,1947.01,19.47
2026-04-16,service-10,service-11,cross-region,2452.34,49.05
2026-04-16,service-11,service-12,internet-egress,2495.24,112.29
2026-04-16,service-12,service-1,VPC-peering,2224.62,22.25
2026-04-16,service-1,service-2,cross-AZ,290.81,2.91
2026-04-16,service-2,service-3,cross-region,1122.51,22.45
2026-04-16,service-3,service-4,internet-egress,1381.89,62.18
2026-04-16,service-4,service-5,VPC-peering,397.8,3.98
2026-04-16,service-5,service-6,cross-AZ,2040.71,20.41
2026-04-16,service-6,service-7,cross-region,456.84,9.14
2026-04-16,service-7,service-8,internet-egress,1019.99,45.9
2026-04-16,service-8,service-9,VPC-peering,265.39,2.65
2026-04-17,service-1,service-2,cross-AZ,1359.02,13.59
2026-04-17,service-2,service-3,cross-region,1532.9,30.66
2026-04-17,service-3,service-4,internet-egress,1864.42,83.9
2026-04-17,service-4,service-5,VPC-peering,914.71,9.15
2026-04-17,service-5,service-6,cross-AZ,1517.28,15.17
2026-04-17,service-6,service-7,cross-region,1861.95,37.24
2026-04-17,service-7,service-8,internet-egress,1928.88,86.8
2026-04-17,service-8,service-9,VPC-peering,823.94,8.24
2026-04-17,service-9,service-10,cross-AZ,262.49,2.62
2026-04-17,service-10,service-11,cross-region,190.29,3.81
2026-04-17,service-11,service-12,internet-egress,1943.34,87.45
2026-04-17,service-12,service-1,VPC-peering,1025.05,10.25
2026-04-17,service-1,service-2,cross-AZ,421.46,4.21
2026-04-17,service-2,service-3,cross-region,542.77,10.86
2026-04-17,service-3,service-4,internet-egress,1938.76,87.24
2026-04-17,service-4,service-5,VPC-peering,1537.36,15.37
2026-04-17,service-5,service-6,cross-AZ,1303.37,13.03
2026-04-17,service-6,service-7,cross-region,1595.22,31.9
2026-04-17,service-7,service-8,internet-egress,430.0,19.35
2026-04-17,service-8,service-9,VPC-peering,865.7,8.66
2026-04-18,service-1,service-2,cross-AZ,997.75,9.98
2026-04-18,service-2,service-3,cross-region,854.79,17.1
2026-04-18,service-3,service-4,internet-egress,2174.6,97.86
2026-04-18,service-4,service-5,VPC-peering,1495.41,14.95
2026-04-18,service-5,service-6,cross-AZ,1850.37,18.5
2026-04-18,service-6,service-7,cross-region,668.09,13.36
2026-04-18,service-7,service-8,internet-egress,733.78,33.02
2026-04-18,service-8,service-9,VPC-peering,640.81,6.41
2026-04-18,service-9,service-10,cross-AZ,1751.15,17.51
2026-04-18,service-10,service-11,cross-region,937.7,18.75
2026-04-18,service-11,service-12,internet-egress,1072.2,48.25
2026-04-18,service-12,service-1,VPC-peering,1801.89,18.02
2026-04-18,service-1,service-2,cross-AZ,2432.32,24.32
2026-04-18,service-2,service-3,cross-region,488.5,9.77
2026-04-18,service-3,service-4,internet-egress,250.42,11.27
2026-04-18,service-4,service-5,VPC-peering,567.63,5.68
2026-04-18,service-5,service-6,cross-AZ,1863.91,18.64
2026-04-18,service-6,service-7,cross-region,567.11,11.34
2026-04-18,service-7,service-8,internet-egress,1502.45,67.61
2026-04-18,service-8,service-9,VPC-peering,1516.76,15.17
2026-04-19,service-1,service-2,cross-AZ,806.62,8.07
2026-04-19,service-2,service-3,cross-region,264.94,5.3
2026-04-19,service-3,service-4,internet-egress,1058.08,47.61
2026-04-19,service-4,service-5,VPC-peering,548.29,5.48
2026-04-19,service-5,service-6,cross-AZ,542.74,5.43
2026-04-19,service-6,service-7,cross-region,1354.21,27.08
2026-04-19,service-7,service-8,internet-egress,1715.49,77.2
2026-04-19,service-8,service-9,VPC-peering,281.0,2.81
2026-04-19,service-9,service-10,cross-AZ,1487.97,14.88
2026-04-19,service-10,service-11,cross-region,690.88,13.82
2026-04-19,service-11,service-12,internet-egress,1715.92,77.22
2026-04-19,service-12,service-1,VPC-peering,2044.52,20.45
2026-04-19,service-1,service-2,cross-AZ,2036.83,20.37
2026-04-19,service-2,service-3,cross-region,987.67,19.75
2026-04-19,service-3,service-4,internet-egress,1461.45,65.77
2026-04-19,service-4,service-5,VPC-peering,2004.87,20.05
2026-04-19,service-5,service-6,cross-AZ,245.94,2.46
2026-04-19,service-6,service-7,cross-region,1553.5,31.07
2026-04-19,service-7,service-8,internet-egress,2107.65,94.84
2026-04-19,service-8,service-9,VPC-peering,993.66,9.94
2026-04-20,service-1,service-2,cross-AZ,1192.98,11.93
2026-04-20,service-2,service-3,cross-region,1776.95,35.54
2026-04-20,service-3,service-4,internet-egress,262.92,11.83
2026-04-20,service-4,service-5,VPC-peering,1025.53,10.26
2026-04-20,service-5,service-6,cross-AZ,809.71,8.1
2026-04-20,service-6,service-7,cross-region,140.79,2.82
2026-04-20,service-7,service-8,internet-egress,570.33,25.67
2026-04-20,service-8,service-9,VPC-peering,1050.12,10.5
2026-04-20,service-9,service-10,cross-AZ,573.83,5.74
2026-04-20,service-10,service-11,cross-region,1545.76,30.92
2026-04-20,service-11,service-12,internet-egress,1176.77,52.95
2026-04-20,service-12,service-1,VPC-peering,194.76,1.95
2026-04-20,service-1,service-2,cross-AZ,760.1,7.6
2026-04-20,service-2,service-3,cross-region,146.74,2.93
2026-04-20,service-3,service-4,internet-egress,959.52,43.18
2026-04-20,service-4,service-5,VPC-peering,721.86,7.22
2026-04-20,service-5,service-6,cross-AZ,1751.65,17.52
2026-04-20,service-6,service-7,cross-region,837.78,16.76
2026-04-20,service-7,service-8,internet-egress,1000.38,45.02
2026-04-20,service-8,service-9,VPC-peering,1840.8,18.41
2026-04-21,service-1,service-2,cross-AZ,1254.2,12.54
2026-04-21,service-2,service-3,cross-region,1435.49,28.71
2026-04-21,service-3,service-4,internet-egress,2119.23,95.37
2026-04-21,service-4,service-5,VPC-peering,596.53,5.97
2026-04-21,service-5,service-6,cross-AZ,2474.05,24.74
2026-04-21,service-6,service-7,cross-region,2260.25,45.21
2026-04-21,service-7,service-8,internet-egress,787.73,35.45
2026-04-21,service-8,service-9,VPC-peering,2243.05,22.43
2026-04-21,service-9,service-10,cross-AZ,1909.49,19.09
2026-04-21,service-10,service-11,cross-region,2333.82,46.68
2026-04-21,service-11,service-12,internet-egress,1758.72,79.14
2026-04-21,service-12,service-1,VPC-peering,1718.75,17.19
2026-04-21,service-1,service-2,cross-AZ,108.31,1.08
2026-04-21,service-2,service-3,cross-region,1239.07,24.78
2026-04-21,service-3,service-4,internet-egress,580.64,26.13
2026-04-21,service-4,service-5,VPC-peering,877.8,8.78
2026-04-21,service-5,service-6,cross-AZ,2449.16,24.49
2026-04-21,service-6,service-7,cross-region,305.2,6.1
2026-04-21,service-7,service-8,internet-egress,1833.97,82.53
2026-04-21,service-8,service-9,VPC-peering,515.07,5.15
2026-04-22,service-1,service-2,cross-AZ,117.76,1.18
2026-04-22,service-2,service-3,cross-region,1303.4,26.07
2026-04-22,service-3,service-4,internet-egress,486.92,21.91
2026-04-22,service-4,service-5,VPC-peering,2417.12,24.17
2026-04-22,service-5,service-6,cross-AZ,588.87,5.89
2026-04-22,service-6,service-7,cross-region,560.88,11.22
2026-04-22,service-7,service-8,internet-egress,177.2,7.97
2026-04-22,service-8,service-9,VPC-peering,891.57,8.92
2026-04-22,service-9,service-10,cross-AZ,157.87,1.58
2026-04-22,service-10,service-11,cross-region,1297.33,25.95
2026-04-22,service-11,service-12,internet-egress,1313.47,59.11
2026-04-22,service-12,service-1,VPC-peering,227.78,2.28
2026-04-22,service-1,service-2,cross-AZ,676.15,6.76
2026-04-22,service-2,service-3,cross-region,2097.06,41.94
2026-04-22,service-3,service-4,internet-egress,1210.11,54.45
2026-04-22,service-4,service-5,VPC-peering,1143.06,11.43
2026-04-22,service-5,service-6,cross-AZ,1777.06,17.77
2026-04-22,service-6,service-7,cross-region,1815.72,36.31
2026-04-22,service-7,service-8,internet-egress,1928.71,86.79
2026-04-22,service-8,service-9,VPC-peering,2093.16,20.93
2026-04-23,service-1,service-2,cross-AZ,657.4,6.57
2026-04-23,service-2,service-3,cross-region,259.31,5.19
2026-04-23,service-3,service-4,internet-egress,1012.64,45.57
2026-04-23,service-4,service-5,VPC-peering,2152.23,21.52
2026-04-23,service-5,service-6,cross-AZ,287.27,2.87
2026-04-23,service-6,service-7,cross-region,1482.29,29.65
2026-04-23,service-7,service-8,internet-egress,1782.6,80.22
2026-04-23,service-8,service-9,VPC-peering,1255.38,12.55
2026-04-23,service-9,service-10,cross-AZ,712.42,7.12
2026-04-23,service-10,service-11,cross-region,883.14,17.66
2026-04-23,service-11,service-12,internet-egress,271.97,12.24
2026-04-23,service-12,service-1,VPC-peering,802.2,8.02
2026-04-23,service-1,service-2,cross-AZ,206.51,2.07
2026-04-23,service-2,service-3,cross-region,1843.18,36.86
2026-04-23,service-3,service-4,internet-egress,2255.19,101.48
2026-04-23,service-4,service-5,VPC-peering,1620.43,16.2
2026-04-23,service-5,service-6,cross-AZ,1676.09,16.76
2026-04-23,service-6,service-7,cross-region,1233.14,24.66
2026-04-23,service-7,service-8,internet-egress,474.49,21.35
2026-04-23,service-8,service-9,VPC-peering,118.54,1.19
2026-04-24,service-1,service-2,cross-AZ,925.54,9.26
2026-04-24,service-2,service-3,cross-region,1903.57,38.07
2026-04-24,service-3,service-4,internet-egress,2405.04,108.23
2026-04-24,service-4,service-5,VPC-peering,1134.6,11.35
2026-04-24,service-5,service-6,cross-AZ,976.94,9.77
2026-04-24,service-6,service-7,cross-region,1170.3,23.41
2026-04-24,service-7,service-8,internet-egress,1126.66,50.7
2026-04-24,service-8,service-9,VPC-peering,1602.11,16.02
2026-04-24,service-9,service-10,cross-AZ,1861.95,18.62
2026-04-24,service-10,service-11,cross-region,1983.9,39.68
2026-04-24,service-11,service-12,internet-egress,1659.05,74.66
2026-04-24,service-12,service-1,VPC-peering,1150.54,11.51
2026-04-24,service-1,service-2,cross-AZ,2380.25,23.8
2026-04-24,service-2,service-3,cross-region,1806.45,36.13
2026-04-24,service-3,service-4,internet-egress,1123.98,50.58
2026-04-24,service-4,service-5,VPC-peering,1171.8,11.72
2026-04-24,service-5,service-6,cross-AZ,2063.15,20.63
2026-04-24,service-6,service-7,cross-region,1157.3,23.15
2026-04-24,service-7,service-8,internet-egress,1339.06,60.26
2026-04-24,service-8,service-9,VPC-peering,799.73,8.0
2026-04-25,service-1,service-2,cross-AZ,2113.4,21.13
2026-04-25,service-2,service-3,cross-region,1353.49,27.07
2026-04-25,service-3,service-4,internet-egress,1426.09,64.17
2026-04-25,service-4,service-5,VPC-peering,2213.62,22.14
2026-04-25,service-5,service-6,cross-AZ,2309.24,23.09
2026-04-25,service-6,service-7,cross-region,2078.07,41.56
2026-04-25,service-7,service-8,internet-egress,256.89,11.56
2026-04-25,service-8,service-9,VPC-peering,1164.42,11.64
2026-04-25,service-9,service-10,cross-AZ,923.99,9.24
2026-04-25,service-10,service-11,cross-region,612.44,12.25
2026-04-25,service-11,service-12,internet-egress,2281.49,102.67
2026-04-25,service-12,service-1,VPC-peering,2236.17,22.36
2026-04-25,service-1,service-2,cross-AZ,1216.71,12.17
2026-04-25,service-2,service-3,cross-region,422.95,8.46
2026-04-25,service-3,service-4,internet-egress,132.08,5.94
2026-04-25,service-4,service-5,VPC-peering,1152.32,11.52
2026-04-25,service-5,service-6,cross-AZ,195.89,1.96
2026-04-25,service-6,service-7,cross-region,1562.93,31.26
2026-04-25,service-7,service-8,internet-egress,1560.18,70.21
2026-04-25,service-8,service-9,VPC-peering,2257.45,22.57
2026-04-26,service-1,service-2,cross-AZ,556.12,5.56
2026-04-26,service-2,service-3,cross-region,991.35,19.83
2026-04-26,service-3,service-4,internet-egress,2162.91,97.33
2026-04-26,service-4,service-5,VPC-peering,1238.31,12.38
2026-04-26,service-5,service-6,cross-AZ,243.34,2.43
2026-04-26,service-6,service-7,cross-region,365.88,7.32
2026-04-26,service-7,service-8,internet-egress,2052.29,92.35
2026-04-26,service-8,service-9,VPC-peering,1884.87,18.85
2026-04-26,service-9,service-10,cross-AZ,2202.12,22.02
2026-04-26,service-10,service-11,cross-region,385.27,7.71
2026-04-26,service-11,service-12,internet-egress,1925.0,86.63
2026-04-26,service-12,service-1,VPC-peering,1672.25,16.72
2026-04-26,service-1,service-2,cross-AZ,657.5,6.58
2026-04-26,service-2,service-3,cross-region,2437.37,48.75
2026-04-26,service-3,service-4,internet-egress,1468.85,66.1
2026-04-26,service-4,service-5,VPC-peering,2276.51,22.77
2026-04-26,service-5,service-6,cross-AZ,2161.82,21.62
2026-04-26,service-6,service-7,cross-region,899.5,17.99
2026-04-26,service-7,service-8,internet-egress,1386.3,62.38
2026-04-26,service-8,service-9,VPC-peering,1135.28,11.35
2026-04-27,service-1,service-2,cross-AZ,1801.79,18.02
2026-04-27,service-2,service-3,cross-region,1511.3,30.23
2026-04-27,service-3,service-4,internet-egress,1983.65,89.26
2026-04-27,service-4,service-5,VPC-peering,128.21,1.28
2026-04-27,service-5,service-6,cross-AZ,1750.7,17.51
2026-04-27,service-6,service-7,cross-region,865.76,17.32
2026-04-27,service-7,service-8,internet-egress,638.13,28.72
2026-04-27,service-8,service-9,VPC-peering,2022.98,20.23
2026-04-27,service-9,service-10,cross-AZ,314.13,3.14
2026-04-27,service-10,service-11,cross-region,648.3,12.97
2026-04-27,service-11,service-12,internet-egress,588.96,26.5
2026-04-27,service-12,service-1,VPC-peering,1107.58,11.08
2026-04-27,service-1,service-2,cross-AZ,873.61,8.74
2026-04-27,service-2,service-3,cross-region,1829.12,36.58
2026-04-27,service-3,service-4,internet-egress,1778.49,80.03
2026-04-27,service-4,service-5,VPC-peering,881.13,8.81
2026-04-27,service-5,service-6,cross-AZ,1148.75,11.49
2026-04-27,service-6,service-7,cross-region,598.98,11.98
2026-04-27,service-7,service-8,internet-egress,1710.0,76.95
2026-04-27,service-8,service-9,VPC-peering,1050.93,10.51
2026-04-28,service-1,service-2,cross-AZ,418.78,4.19
2026-04-28,service-2,service-3,cross-region,405.44,8.11
2026-04-28,service-3,service-4,internet-egress,873.57,39.31
2026-04-28,service-4,service-5,VPC-peering,1893.58,18.94
2026-04-28,service-5,service-6,cross-AZ,161.21,1.61
2026-04-28,service-6,service-7,cross-region,718.66,14.37
2026-04-28,service-7,service-8,internet-egress,489.97,22.05
2026-04-28,service-8,service-9,VPC-peering,2395.55,23.96
2026-04-28,service-9,service-10,cross-AZ,1792.68,17.93
2026-04-28,service-10,service-11,cross-region,659.76,13.2
2026-04-28,service-11,service-12,internet-egress,597.91,26.91
2026-04-28,service-12,service-1,VPC-peering,2159.27,21.59
2026-04-28,service-1,service-2,cross-AZ,556.54,5.57
2026-04-28,service-2,service-3,cross-region,2492.94,49.86
2026-04-28,service-3,service-4,internet-egress,777.53,34.99
2026-04-28,service-4,service-5,VPC-peering,302.4,3.02
2026-04-28,service-5,service-6,cross-AZ,1758.26,17.58
2026-04-28,service-6,service-7,cross-region,1563.14,31.26
2026-04-28,service-7,service-8,internet-egress,2499.57,112.48
2026-04-28,service-8,service-9,VPC-peering,2025.01,20.25
2026-04-29,service-1,service-2,cross-AZ,1129.21,11.29
2026-04-29,service-2,service-3,cross-region,1723.87,34.48
2026-04-29,service-3,service-4,internet-egress,2062.84,92.83
2026-04-29,service-4,service-5,VPC-peering,1332.94,13.33
2026-04-29,service-5,service-6,cross-AZ,754.89,7.55
2026-04-29,service-6,service-7,cross-region,604.25,12.09
2026-04-29,service-7,service-8,internet-egress,808.68,36.39
2026-04-29,service-8,service-9,VPC-peering,2135.37,21.35
2026-04-29,service-9,service-10,cross-AZ,1013.04,10.13
2026-04-29,service-10,service-11,cross-region,787.99,15.76
2026-04-29,service-11,service-12,internet-egress,2034.13,91.54
2026-04-29,service-12,service-1,VPC-peering,176.61,1.77
2026-04-29,service-1,service-2,cross-AZ,1525.5,15.25
2026-04-29,service-2,service-3,cross-region,2196.72,43.93
2026-04-29,service-3,service-4,internet-egress,1084.2,48.79
2026-04-29,service-4,service-5,VPC-peering,746.36,7.46
2026-04-29,service-5,service-6,cross-AZ,1280.1,12.8
2026-04-29,service-6,service-7,cross-region,1821.95,36.44
2026-04-29,service-7,service-8,internet-egress,1339.85,60.29
2026-04-29,service-8,service-9,VPC-peering,118.33,1.18
2026-04-30,service-1,service-2,cross-AZ,287.98,2.88
2026-04-30,service-2,service-3,cross-region,1831.19,36.62
2026-04-30,service-3,service-4,internet-egress,1059.88,47.69
2026-04-30,service-4,service-5,VPC-peering,1983.46,19.83
2026-04-30,service-5,service-6,cross-AZ,1658.78,16.59
2026-04-30,service-6,service-7,cross-region,1495.64,29.91
2026-04-30,service-7,service-8,internet-egress,2263.3,101.85
2026-04-30,service-8,service-9,VPC-peering,151.17,1.51
2026-04-30,service-9,service-10,cross-AZ,472.08,4.72
2026-04-30,service-10,service-11,cross-region,1598.5,31.97
2026-04-30,service-11,service-12,internet-egress,257.99,11.61
2026-04-30,service-12,service-1,VPC-peering,1647.93,16.48
2026-04-30,service-1,service-2,cross-AZ,2461.89,24.62
2026-04-30,service-2,service-3,cross-region,2209.14,44.18
2026-04-30,service-3,service-4,internet-egress,1518.2,68.32
2026-04-30,service-4,service-5,VPC-peering,2245.54,22.46
2026-04-30,service-5,service-6,cross-AZ,379.04,3.79
2026-04-30,service-6,service-7,cross-region,1191.27,23.83
2026-04-30,service-7,service-8,internet-egress,1128.82,50.8
2026-04-30,service-8,service-9,VPC-peering,907.47,9.07
2026-05-01,service-1,service-2,cross-AZ,100.48,1.0
2026-05-01,service-2,service-3,cross-region,2238.47,44.77
2026-05-01,service-3,service-4,internet-egress,1966.5,88.49
2026-05-01,service-4,service-5,VPC-peering,1666.86,16.67
2026-05-01,service-5,service-6,cross-AZ,409.52,4.1
2026-05-01,service-6,service-7,cross-region,1007.69,20.15
2026-05-01,service-7,service-8,internet-egress,2318.38,104.33
2026-05-01,service-8,service-9,VPC-peering,1580.63,15.81
2026-05-01,service-9,service-10,cross-AZ,1548.19,15.48
2026-05-01,service-10,service-11,cross-region,2291.5,45.83
2026-05-01,service-11,service-12,internet-egress,1443.6,64.96
2026-05-01,service-12,service-1,VPC-peering,1534.3,15.34
2026-05-01,service-1,service-2,cross-AZ,929.72,9.3
2026-05-01,service-2,service-3,cross-region,991.46,19.83
2026-05-01,service-3,service-4,internet-egress,1745.46,78.55
2026-05-01,service-4,service-5,VPC-peering,869.04,8.69
2026-05-01,service-5,service-6,cross-AZ,1441.86,14.42
2026-05-01,service-6,service-7,cross-region,770.07,15.4
2026-05-01,service-7,service-8,internet-egress,498.7,22.44
2026-05-01,service-8,service-9,VPC-peering,1190.57,11.91
2026-05-02,service-1,service-2,cross-AZ,621.87,6.22
2026-05-02,service-2,service-3,cross-region,2256.39,45.13
2026-05-02,service-3,service-4,internet-egress,828.67,37.29
2026-05-02,service-4,service-5,VPC-peering,1533.77,15.34
2026-05-02,service-5,service-6,cross-AZ,732.26,7.32
2026-05-02,service-6,service-7,cross-region,719.25,14.38
2026-05-02,service-7,service-8,internet-egress,941.53,42.37
2026-05-02,service-8,service-9,VPC-peering,2298.1,22.98
2026-05-02,service-9,service-10,cross-AZ,1039.59,10.4
2026-05-02,service-10,service-11,cross-region,2071.04,41.42
2026-05-02,service-11,service-12,internet-egress,573.52,25.81
2026-05-02,service-12,service-1,VPC-peering,215.61,2.16
2026-05-02,service-1,service-2,cross-AZ,1976.03,19.76
2026-05-02,service-2,service-3,cross-region,1400.5,28.01
2026-05-02,service-3,service-4,internet-egress,1308.94,58.9
2026-05-02,service-4,service-5,VPC-peering,753.29,7.53
2026-05-02,service-5,service-6,cross-AZ,273.56,2.74
2026-05-02,service-6,service-7,cross-region,1258.86,25.18
2026-05-02,service-7,service-8,internet-egress,2181.34,98.16
2026-05-02,service-8,service-9,VPC-peering,388.05,3.88
2026-05-03,service-1,service-2,cross-AZ,2330.01,23.3
2026-05-03,service-2,service-3,cross-region,759.35,15.19
2026-05-03,service-3,service-4,internet-egress,1377.25,61.98
2026-05-03,service-4,service-5,VPC-peering,259.62,2.6
2026-05-03,service-5,service-6,cross-AZ,1120.11,11.2
2026-05-03,service-6,service-7,cross-region,402.15,8.04
2026-05-03,service-7,service-8,internet-egress,215.14,9.68
2026-05-03,service-8,service-9,VPC-peering,2419.74,24.2
2026-05-03,service-9,service-10,cross-AZ,1852.23,18.52
2026-05-03,service-10,service-11,cross-region,1825.74,36.51
2026-05-03,service-11,service-12,internet-egress,317.32,14.28
2026-05-03,service-12,service-1,VPC-peering,2330.44,23.3
2026-05-03,service-1,service-2,cross-AZ,1226.72,12.27
2026-05-03,service-2,service-3,cross-region,2145.48,42.91
2026-05-03,service-3,service-4,internet-egress,130.24,5.86
2026-05-03,service-4,service-5,VPC-peering,815.7,8.16
2026-05-03,service-5,service-6,cross-AZ,2490.51,24.91
2026-05-03,service-6,service-7,cross-region,1126.81,22.54
2026-05-03,service-7,service-8,internet-egress,2232.38,100.46
2026-05-03,service-8,service-9,VPC-peering,887.2,8.87
2026-05-04,service-1,service-2,cross-AZ,1360.79,13.61
2026-05-04,service-2,service-3,cross-region,2150.13,43.0
2026-05-04,service-3,service-4,internet-egress,1553.97,69.93
2026-05-04,service-4,service-5,VPC-peering,1840.46,18.4
2026-05-04,service-5,service-6,cross-AZ,649.2,6.49
2026-05-04,service-6,service-7,cross-region,474.14,9.48
2026-05-04,service-7,service-8,internet-egress,652.74,29.37
2026-05-04,service-8,service-9,VPC-peering,1283.32,12.83
2026-05-04,service-9,service-10,cross-AZ,2022.32,20.22
2026-05-04,service-10,service-11,cross-region,949.59,18.99
2026-05-04,service-11,service-12,internet-egress,1455.56,65.5
2026-05-04,service-12,service-1,VPC-peering,2031.55,20.32
2026-05-04,service-1,service-2,cross-AZ,673.06,6.73
2026-05-04,service-2,service-3,cross-region,2219.14,44.38
2026-05-04,service-3,service-4,internet-egress,2387.4,107.43
2026-05-04,service-4,service-5,VPC-peering,193.53,1.94
2026-05-04,service-5,service-6,cross-AZ,241.87,2.42
2026-05-04,service-6,service-7,cross-region,318.3,6.37
2026-05-04,service-7,service-8,internet-egress,1964.24,88.39
2026-05-04,service-8,service-9,VPC-peering,554.41,5.54
2026-05-05,service-1,service-2,cross-AZ,1841.67,18.42
2026-05-05,service-2,service-3,cross-region,1159.06,23.18
2026-05-05,service-3,service-4,internet-egress,2107.01,94.82
2026-05-05,service-4,service-5,VPC-peering,2040.53,20.41
2026-05-05,service-5,service-6,cross-AZ,2403.19,24.03
2026-05-05,service-6,service-7,cross-region,702.49,14.05
2026-05-05,service-7,service-8,internet-egress,650.17,29.26
2026-05-05,service-8,service-9,VPC-peering,175.62,1.76
2026-05-05,service-9,service-10,cross-AZ,1085.0,10.85
2026-05-05,service-10,service-11,cross-region,1201.75,24.04
2026-05-05,service-11,service-12,internet-egress,2414.83,108.67
2026-05-05,service-12,service-1,VPC-peering,2093.88,20.94
2026-05-05,service-1,service-2,cross-AZ,500.3,5.0
2026-05-05,service-2,service-3,cross-region,2016.37,40.33
2026-05-05,service-3,service-4,internet-egress,527.92,23.76
2026-05-05,service-4,service-5,VPC-peering,286.64,2.87
2026-05-05,service-5,service-6,cross-AZ,2109.0,21.09
2026-05-05,service-6,service-7,cross-region,2442.3,48.85
2026-05-05,service-7,service-8,internet-egress,311.48,14.02
2026-05-05,service-8,service-9,VPC-peering,2053.42,20.53
2026-05-06,service-1,service-2,cross-AZ,2162.11,21.62
2026-05-06,service-2,service-3,cross-region,385.01,7.7
2026-05-06,service-3,service-4,internet-egress,779.81,35.09
2026-05-06,service-4,service-5,VPC-peering,1860.79,18.61
2026-05-06,service-5,service-6,cross-AZ,2038.55,20.39
2026-05-06,service-6,service-7,cross-region,949.54,18.99
2026-05-06,service-7,service-8,internet-egress,483.83,21.77
2026-05-06,service-8,service-9,VPC-peering,1656.03,16.56
2026-05-06,service-9,service-10,cross-AZ,1784.72,17.85
2026-05-06,service-10,service-11,cross-region,1308.66,26.17
2026-05-06,service-11,service-12,internet-egress,447.86,20.15
2026-05-06,service-12,service-1,VPC-peering,2126.77,21.27
2026-05-06,service-1,service-2,cross-AZ,1648.64,16.49
2026-05-06,service-2,service-3,cross-region,2185.99,43.72
2026-05-06,service-3,service-4,internet-egress,2339.13,105.26
2026-05-06,service-4,service-5,VPC-peering,2033.67,20.34
2026-05-06,service-5,service-6,cross-AZ,2400.78,24.01
2026-05-06,service-6,service-7,cross-region,2390.22,47.8
2026-05-06,service-7,service-8,internet-egress,1586.43,71.39
2026-05-06,service-8,service-9,VPC-peering,1847.62,18.48
2026-05-07,service-1,service-2,cross-AZ,1778.58,17.79
2026-05-07,service-2,service-3,cross-region,1590.73,31.81
2026-05-07,service-3,service-4,internet-egress,146.45,6.59
2026-05-07,service-4,service-5,VPC-peering,954.18,9.54
2026-05-07,service-5,service-6,cross-AZ,340.19,3.4
2026-05-07,service-6,service-7,cross-region,820.62,16.41
2026-05-07,service-7,service-8,internet-egress,264.56,11.9
2026-05-07,service-8,service-9,VPC-peering,2308.08,23.08
2026-05-07,service-9,service-10,cross-AZ,1183.19,11.83
2026-05-07,service-10,service-11,cross-region,554.47,11.09
2026-05-07,service-11,service-12,internet-egress,1503.47,67.66
2026-05-07,service-12,service-1,VPC-peering,571.48,5.71
2026-05-07,service-1,service-2,cross-AZ,2030.66,20.31
2026-05-07,service-2,service-3,cross-region,834.21,16.68
2026-05-07,service-3,service-4,internet-egress,855.76,38.51
2026-05-07,service-4,service-5,VPC-peering,2187.88,21.88
2026-05-07,service-5,service-6,cross-AZ,1442.09,14.42
2026-05-07,service-6,service-7,cross-region,2229.53,44.59
2026-05-07,service-7,service-8,internet-egress,1090.93,49.09
2026-05-07,service-8,service-9,VPC-peering,925.43,9.25
2026-05-08,service-1,service-2,cross-AZ,1314.89,13.15
2026-05-08,service-2,service-3,cross-region,247.58,4.95
2026-05-08,service-3,service-4,internet-egress,470.08,21.15
2026-05-08,service-4,service-5,VPC-peering,626.85,6.27
2026-05-08,service-5,service-6,cross-AZ,2060.03,20.6
2026-05-08,service-6,service-7,cross-region,1861.12,37.22
2026-05-08,service-7,service-8,internet-egress,563.94,25.38
2026-05-08,service-8,service-9,VPC-peering,764.19,7.64
2026-05-08,service-9,service-10,cross-AZ,2366.23,23.66
2026-05-08,service-10,service-11,cross-region,305.93,6.12
2026-05-08,service-11,service-12,internet-egress,1413.89,63.63
2026-05-08,service-12,service-1,VPC-peering,1352.82,13.53
2026-05-08,service-1,service-2,cross-AZ,1841.7,18.42
2026-05-08,service-2,service-3,cross-region,727.44,14.55
2026-05-08,service-3,service-4,internet-egress,2343.45,105.46
2026-05-08,service-4,service-5,VPC-peering,1085.4,10.85
2026-05-08,service-5,service-6,cross-AZ,785.73,7.86
2026-05-08,service-6,service-7,cross-region,908.49,18.17
2026-05-08,service-7,service-8,internet-egress,936.93,42.16
2026-05-08,service-8,service-9,VPC-peering,577.43,5.77
2026-05-09,service-1,service-2,cross-AZ,2327.33,23.27
2026-05-09,service-2,service-3,cross-region,519.7,10.39
2026-05-09,service-3,service-4,internet-egress,2218.8,99.85
2026-05-09,service-4,service-5,VPC-peering,1071.83,10.72
2026-05-09,service-5,service-6,cross-AZ,746.26,7.46
2026-05-09,service-6,service-7,cross-region,576.42,11.53
2026-05-09,service-7,service-8,internet-egress,1310.42,58.97
2026-05-09,service-8,service-9,VPC-peering,1706.22,17.06
2026-05-09,service-9,service-10,cross-AZ,2255.73,22.56
2026-05-09,service-10,service-11,cross-region,1665.87,33.32
2026-05-09,service-11,service-12,internet-egress,1260.79,56.74
2026-05-09,service-12,service-1,VPC-peering,180.34,1.8
2026-05-09,service-1,service-2,cross-AZ,2297.02,22.97
2026-05-09,service-2,service-3,cross-region,2265.69,45.31
2026-05-09,service-3,service-4,internet-egress,1008.92,45.4
2026-05-09,service-4,service-5,VPC-peering,169.68,1.7
2026-05-09,service-5,service-6,cross-AZ,1860.09,18.6
2026-05-09,service-6,service-7,cross-region,2000.03,40.0
2026-05-09,service-7,service-8,internet-egress,1401.92,63.09
2026-05-09,service-8,service-9,VPC-peering,1066.9,10.67
2026-05-10,service-1,service-2,cross-AZ,2142.72,21.43
2026-05-10,service-2,service-3,cross-region,562.04,11.24
2026-05-10,service-3,service-4,internet-egress,1154.94,51.97
2026-05-10,service-4,service-5,VPC-peering,158.77,1.59
2026-05-10,service-5,service-6,cross-AZ,493.63,4.94
2026-05-10,service-6,service-7,cross-region,2357.99,47.16
2026-05-10,service-7,service-8,internet-egress,1487.4,66.93
2026-05-10,service-8,service-9,VPC-peering,2033.42,20.33
2026-05-10,service-9,service-10,cross-AZ,1267.6,12.68
2026-05-10,service-10,service-11,cross-region,2103.59,42.07
2026-05-10,service-11,service-12,internet-egress,1393.48,62.71
2026-05-10,service-12,service-1,VPC-peering,110.89,1.11
2026-05-10,service-1,service-2,cross-AZ,2259.28,22.59
2026-05-10,service-2,service-3,cross-region,456.56,9.13
2026-05-10,service-3,service-4,internet-egress,1181.33,53.16
2026-05-10,service-4,service-5,VPC-peering,1244.02,12.44
2026-05-10,service-5,service-6,cross-AZ,213.37,2.13
2026-05-10,service-6,service-7,cross-region,227.37,4.55
2026-05-10,service-7,service-8,internet-egress,1930.12,86.86
2026-05-10,service-8,service-9,VPC-peering,821.08,8.21
2026-05-11,service-1,service-2,cross-AZ,1083.11,10.83
2026-05-11,service-2,service-3,cross-region,1453.87,29.08
2026-05-11,service-3,service-4,internet-egress,996.13,44.83
2026-05-11,service-4,service-5,VPC-peering,1960.09,19.6
2026-05-11,service-5,service-6,cross-AZ,2222.72,22.23
2026-05-11,service-6,service-7,cross-region,243.32,4.87
2026-05-11,service-7,service-8,internet-egress,1624.97,73.12
2026-05-11,service-8,service-9,VPC-peering,862.38,8.62
2026-05-11,service-9,service-10,cross-AZ,1499.86,15.0
2026-05-11,service-10,service-11,cross-region,1261.38,25.23
2026-05-11,service-11,service-12,internet-egress,900.83,40.54
2026-05-11,service-12,service-1,VPC-peering,327.56,3.28
2026-05-11,service-1,service-2,cross-AZ,1442.66,14.43
2026-05-11,service-2,service-3,cross-region,370.7,7.41
2026-05-11,service-3,service-4,internet-egress,474.69,21.36
2026-05-11,service-4,service-5,VPC-peering,2457.22,24.57
2026-05-11,service-5,service-6,cross-AZ,860.09,8.6
2026-05-11,service-6,service-7,cross-region,1502.65,30.05
2026-05-11,service-7,service-8,internet-egress,753.36,33.9
2026-05-11,service-8,service-9,VPC-peering,2177.22,21.77
2026-05-12,service-1,service-2,cross-AZ,780.02,7.8
2026-05-12,service-2,service-3,cross-region,980.52,19.61
2026-05-12,service-3,service-4,internet-egress,1560.13,70.21
2026-05-12,service-4,service-5,VPC-peering,2187.97,21.88
2026-05-12,service-5,service-6,cross-AZ,2058.91,20.59
2026-05-12,service-6,service-7,cross-region,733.26,14.67
2026-05-12,service-7,service-8,internet-egress,2090.93,94.09
2026-05-12,service-8,service-9,VPC-peering,1782.87,17.83
2026-05-12,service-9,service-10,cross-AZ,2475.59,24.76
2026-05-12,service-10,service-11,cross-region,2345.07,46.9
2026-05-12,service-11,service-12,internet-egress,1379.53,62.08
2026-05-12,service-12,service-1,VPC-peering,1899.83,19.0
2026-05-12,service-1,service-2,cross-AZ,1468.43,14.68
2026-05-12,service-2,service-3,cross-region,1527.99,30.56
2026-05-12,service-3,service-4,internet-egress,343.6,15.46
2026-05-12,service-4,service-5,VPC-peering,105.39,1.05
2026-05-12,service-5,service-6,cross-AZ,215.65,2.16
2026-05-12,service-6,service-7,cross-region,2419.91,48.4
2026-05-12,service-7,service-8,internet-egress,403.04,18.14
2026-05-12,service-8,service-9,VPC-peering,206.54,2.07
2026-05-13,service-1,service-2,cross-AZ,843.15,8.43
2026-05-13,service-2,service-3,cross-region,1511.63,30.23
2026-05-13,service-3,service-4,internet-egress,2376.31,106.93
2026-05-13,service-4,service-5,VPC-peering,1779.73,17.8
2026-05-13,service-5,service-6,cross-AZ,763.25,7.63
2026-05-13,service-6,service-7,cross-region,2353.74,47.07
2026-05-13,service-7,service-8,internet-egress,186.5,8.39
2026-05-13,service-8,service-9,VPC-peering,2449.73,24.5
2026-05-13,service-9,service-10,cross-AZ,240.74,2.41
2026-05-13,service-10,service-11,cross-region,1909.24,38.18
2026-05-13,service-11,service-12,internet-egress,208.71,9.39
2026-05-13,service-12,service-1,VPC-peering,2335.75,23.36
2026-05-13,service-1,service-2,cross-AZ,360.8,3.61
2026-05-13,service-2,service-3,cross-region,221.15,4.42
2026-05-13,service-3,service-4,internet-egress,2234.24,100.54
2026-05-13,service-4,service-5,VPC-peering,329.91,3.3
2026-05-13,service-5,service-6,cross-AZ,2015.04,20.15
2026-05-13,service-6,service-7,cross-region,1892.88,37.86
2026-05-13,service-7,service-8,internet-egress,1537.31,69.18
2026-05-13,service-8,service-9,VPC-peering,1007.11,10.07
2026-05-14,service-1,service-2,cross-AZ,2297.39,22.97
2026-05-14,service-2,service-3,cross-region,2190.6,43.81
2026-05-14,service-3,service-4,internet-egress,1122.99,50.53
2026-05-14,service-4,service-5,VPC-peering,656.14,6.56
2026-05-14,service-5,service-6,cross-AZ,754.17,7.54
2026-05-14,service-6,service-7,cross-region,628.78,12.58
2026-05-14,service-7,service-8,internet-egress,1399.0,62.96
2026-05-14,service-8,service-9,VPC-peering,2184.49,21.84
2026-05-14,service-9,service-10,cross-AZ,1956.67,19.57
2026-05-14,service-10,service-11,cross-region,2009.23,40.18
2026-05-14,service-11,service-12,internet-egress,1175.89,52.92
2026-05-14,service-12,service-1,VPC-peering,873.87,8.74
2026-05-14,service-1,service-2,cross-AZ,1917.65,19.18
2026-05-14,service-2,service-3,cross-region,2003.92,40.08
2026-05-14,service-3,service-4,internet-egress,1768.85,79.6
2026-05-14,service-4,service-5,VPC-peering,177.06,1.77
2026-05-14,service-5,service-6,cross-AZ,1515.24,15.15
2026-05-14,service-6,service-7,cross-region,932.91,18.66
2026-05-14,service-7,service-8,internet-egress,570.86,25.69
2026-05-14,service-8,service-9,VPC-peering,1766.55,17.67
2026-05-15,service-1,service-2,cross-AZ,744.46,7.44
2026-05-15,service-2,service-3,cross-region,2290.82,45.82
2026-05-15,service-3,service-4,internet-egress,815.39,36.69
2026-05-15,service-4,service-5,VPC-peering,1432.43,14.32
2026-05-15,service-5,service-6,cross-AZ,2086.63,20.87
2026-05-15,service-6,service-7,cross-region,1065.08,21.3
2026-05-15,service-7,service-8,internet-egress,2088.78,94.0
2026-05-15,service-8,service-9,VPC-peering,1836.87,18.37
2026-05-15,service-9,service-10,cross-AZ,2310.08,23.1
2026-05-15,service-10,service-11,cross-region,882.0,17.64
2026-05-15,service-11,service-12,internet-egress,352.07,15.84
2026-05-15,service-12,service-1,VPC-peering,1132.84,11.33
2026-05-15,service-1,service-2,cross-AZ,1985.95,19.86
2026-05-15,service-2,service-3,cross-region,1181.04,23.62
2026-05-15,service-3,service-4,internet-egress,728.77,32.79
2026-05-15,service-4,service-5,VPC-peering,166.25,1.66
2026-05-15,service-5,service-6,cross-AZ,851.26,8.51
2026-05-15,service-6,service-7,cross-region,1812.11,36.24
2026-05-15,service-7,service-8,internet-egress,454.27,20.44
2026-05-15,service-8,service-9,VPC-peering,918.11,9.18
2026-05-16,service-1,service-2,cross-AZ,148.56,1.49
2026-05-16,service-2,service-3,cross-region,1832.21,36.64
2026-05-16,service-3,service-4,internet-egress,2213.64,99.61
2026-05-16,service-4,service-5,VPC-peering,1464.47,14.64
2026-05-16,service-5,service-6,cross-AZ,162.09,1.62
2026-05-16,service-6,service-7,cross-region,622.3,12.45
2026-05-16,service-7,service-8,internet-egress,1152.33,51.85
2026-05-16,service-8,service-9,VPC-peering,1510.19,15.1
2026-05-16,service-9,service-10,cross-AZ,1291.06,12.91
2026-05-16,service-10,service-11,cross-region,2298.08,45.96
2026-05-16,service-11,service-12,internet-egress,2352.73,105.87
2026-05-16,service-12,service-1,VPC-peering,357.17,3.57
2026-05-16,service-1,service-2,cross-AZ,432.14,4.32
2026-05-16,service-2,service-3,cross-region,959.33,19.19
2026-05-16,service-3,service-4,internet-egress,1110.96,49.99
2026-05-16,service-4,service-5,VPC-peering,1506.56,15.07
2026-05-16,service-5,service-6,cross-AZ,1955.58,19.56
2026-05-16,service-6,service-7,cross-region,425.84,8.52
2026-05-16,service-7,service-8,internet-egress,2026.34,91.19
2026-05-16,service-8,service-9,VPC-peering,1564.07,15.64
2026-05-17,service-1,service-2,cross-AZ,2454.12,24.54
2026-05-17,service-2,service-3,cross-region,1662.8,33.26
2026-05-17,service-3,service-4,internet-egress,1818.62,81.84
2026-05-17,service-4,service-5,VPC-peering,568.5,5.69
2026-05-17,service-5,service-6,cross-AZ,1945.27,19.45
2026-05-17,service-6,service-7,cross-region,290.24,5.8
2026-05-17,service-7,service-8,internet-egress,1675.67,75.41
2026-05-17,service-8,service-9,VPC-peering,233.37,2.33
2026-05-17,service-9,service-10,cross-AZ,376.54,3.77
2026-05-17,service-10,service-11,cross-region,358.88,7.18
2026-05-17,service-11,service-12,internet-egress,225.96,10.17
2026-05-17,service-12,service-1,VPC-peering,870.73,8.71
2026-05-17,service-1,service-2,cross-AZ,2486.45,24.86
2026-05-17,service-2,service-3,cross-region,935.74,18.71
2026-05-17,service-3,service-4,internet-egress,1925.86,86.66
2026-05-17,service-4,service-5,VPC-peering,417.56,4.18
2026-05-17,service-5,service-6,cross-AZ,1190.78,11.91
2026-05-17,service-6,service-7,cross-region,544.28,10.89
2026-05-17,service-7,service-8,internet-egress,561.03,25.25
2026-05-17,service-8,service-9,VPC-peering,339.26,3.39
2026-05-18,service-1,service-2,cross-AZ,1136.91,11.37
2026-05-18,service-2,service-3,cross-region,281.28,5.63
2026-05-18,service-3,service-4,internet-egress,2283.55,102.76
2026-05-18,service-4,service-5,VPC-peering,1174.96,11.75
2026-05-18,service-5,service-6,cross-AZ,2112.56,21.13
2026-05-18,service-6,service-7,cross-region,2450.71,49.01
2026-05-18,service-7,service-8,internet-egress,1726.67,77.7
2026-05-18,service-8,service-9,VPC-peering,2263.63,22.64
2026-05-18,service-9,service-10,cross-AZ,424.88,4.25
2026-05-18,service-10,service-11,cross-region,2091.98,41.84
2026-05-18,service-11,service-12,internet-egress,750.92,33.79
2026-05-18,service-12,service-1,VPC-peering,1234.24,12.34
2026-05-18,service-1,service-2,cross-AZ,1651.8,16.52
2026-05-18,service-2,service-3,cross-region,2268.5,45.37
2026-05-18,service-3,service-4,internet-egress,2286.39,102.89
2026-05-18,service-4,service-5,VPC-peering,321.05,3.21
2026-05-18,service-5,service-6,cross-AZ,974.93,9.75
2026-05-18,service-6,service-7,cross-region,2003.62,40.07
2026-05-18,service-7,service-8,internet-egress,1787.58,80.44
2026-05-18,service-8,service-9,VPC-peering,163.25,1.63
2026-05-19,service-1,service-2,cross-AZ,1179.73,11.8
2026-05-19,service-2,service-3,cross-region,2090.21,41.8
2026-05-19,service-3,service-4,internet-egress,1870.44,84.17
2026-05-19,service-4,service-5,VPC-peering,1088.44,10.88
2026-05-19,service-5,service-6,cross-AZ,1864.39,18.64
2026-05-19,service-6,service-7,cross-region,1422.91,28.46
2026-05-19,service-7,service-8,internet-egress,2290.31,103.06
2026-05-19,service-8,service-9,VPC-peering,1509.11,15.09
2026-05-19,service-9,service-10,cross-AZ,1061.76,10.62
2026-05-19,service-10,service-11,cross-region,2171.01,43.42
2026-05-19,service-11,service-12,internet-egress,219.69,9.89
2026-05-19,service-12,service-1,VPC-peering,2261.23,22.61
2026-05-19,service-1,service-2,cross-AZ,1771.23,17.71
2026-05-19,service-2,service-3,cross-region,2357.45,47.15
2026-05-19,service-3,service-4,internet-egress,701.21,31.55
2026-05-19,service-4,service-5,VPC-peering,1767.81,17.68
2026-05-19,service-5,service-6,cross-AZ,2042.71,20.43
2026-05-19,service-6,service-7,cross-region,1785.05,35.7
2026-05-19,service-7,service-8,internet-egress,604.8,27.22
2026-05-19,service-8,service-9,VPC-peering,761.41,7.61
2026-05-20,service-1,service-2,cross-AZ,1460.18,14.6
2026-05-20,service-2,service-3,cross-region,1172.2,23.44
2026-05-20,service-3,service-4,internet-egress,1864.28,83.89
2026-05-20,service-4,service-5,VPC-peering,1008.82,10.09
2026-05-20,service-5,service-6,cross-AZ,2162.75,21.63
2026-05-20,service-6,service-7,cross-region,1136.61,22.73
2026-05-20,service-7,service-8,internet-egress,196.1,8.82
2026-05-20,service-8,service-9,VPC-peering,141.67,1.42
2026-05-20,service-9,service-10,cross-AZ,1652.18,16.52
2026-05-20,service-10,service-11,cross-region,1397.33,27.95
2026-05-20,service-11,service-12,internet-egress,1402.59,63.12
2026-05-20,service-12,service-1,VPC-peering,1996.02,19.96
2026-05-20,service-1,service-2,cross-AZ,1001.73,10.02
2026-05-20,service-2,service-3,cross-region,2489.07,49.78
2026-05-20,service-3,service-4,internet-egress,2369.27,106.62
2026-05-20,service-4,service-5,VPC-peering,131.11,1.31
2026-05-20,service-5,service-6,cross-AZ,2249.78,22.5
2026-05-20,service-6,service-7,cross-region,1733.32,34.67
2026-05-20,service-7,service-8,internet-egress,1305.02,58.73
2026-05-20,service-8,service-9,VPC-peering,1498.59,14.99
2026-05-21,service-1,service-2,cross-AZ,2120.46,21.2
2026-05-21,service-2,service-3,cross-region,2382.49,47.65
2026-05-21,service-3,service-4,internet-egress,1444.8,65.02
2026-05-21,service-4,service-5,VPC-peering,535.1,5.35
2026-05-21,service-5,service-6,cross-AZ,1635.41,16.35
2026-05-21,service-6,service-7,cross-region,282.93,5.66
2026-05-21,service-7,service-8,internet-egress,1624.33,73.09
2026-05-21,service-8,service-9,VPC-peering,2040.67,20.41
2026-05-21,service-9,service-10,cross-AZ,948.0,9.48
2026-05-21,service-10,service-11,cross-region,270.84,5.42
2026-05-21,service-11,service-12,internet-egress,1761.34,79.26
2026-05-21,service-12,service-1,VPC-peering,914.39,9.14
2026-05-21,service-1,service-2,cross-AZ,697.83,6.98
2026-05-21,service-2,service-3,cross-region,1754.04,35.08
2026-05-21,service-3,service-4,internet-egress,2427.01,109.22
2026-05-21,service-4,service-5,VPC-peering,1888.77,18.89
2026-05-21,service-5,service-6,cross-AZ,1279.24,12.79
2026-05-21,service-6,service-7,cross-region,1541.23,30.82
2026-05-21,service-7,service-8,internet-egress,441.47,19.87
2026-05-21,service-8,service-9,VPC-peering,2051.71,20.52
2026-05-22,service-1,service-2,cross-AZ,1550.31,15.5
2026-05-22,service-2,service-3,cross-region,2417.99,48.36
2026-05-22,service-3,service-4,internet-egress,2450.76,110.28
2026-05-22,service-4,service-5,VPC-peering,951.01,9.51
2026-05-22,service-5,service-6,cross-AZ,2472.51,24.73
2026-05-22,service-6,service-7,cross-region,2396.4,47.93
2026-05-22,service-7,service-8,internet-egress,1635.6,73.6
2026-05-22,service-8,service-9,VPC-peering,900.31,9.0
2026-05-22,service-9,service-10,cross-AZ,1908.02,19.08
2026-05-22,service-10,service-11,cross-region,750.97,15.02
2026-05-22,service-11,service-12,internet-egress,1611.63,72.52
2026-05-22,service-12,service-1,VPC-peering,159.0,1.59
2026-05-22,service-1,service-2,cross-AZ,1608.6,16.09
2026-05-22,service-2,service-3,cross-region,2383.86,47.68
2026-05-22,service-3,service-4,internet-egress,664.34,29.9
2026-05-22,service-4,service-5,VPC-peering,1967.63,19.68
2026-05-22,service-5,service-6,cross-AZ,804.22,8.04
2026-05-22,service-6,service-7,cross-region,1798.84,35.98
2026-05-22,service-7,service-8,internet-egress,1779.93,80.1
2026-05-22,service-8,service-9,VPC-peering,543.37,5.43
2026-05-23,service-1,service-2,cross-AZ,1533.11,15.33
2026-05-23,service-2,service-3,cross-region,2162.01,43.24
2026-05-23,service-3,service-4,internet-egress,1018.08,45.81
2026-05-23,service-4,service-5,VPC-peering,1804.66,18.05
2026-05-23,service-5,service-6,cross-AZ,1718.63,17.19
2026-05-23,service-6,service-7,cross-region,718.03,14.36
2026-05-23,service-7,service-8,internet-egress,2304.74,103.71
2026-05-23,service-8,service-9,VPC-peering,1452.43,14.52
2026-05-23,service-9,service-10,cross-AZ,952.7,9.53
2026-05-23,service-10,service-11,cross-region,494.46,9.89
2026-05-23,service-11,service-12,internet-egress,1236.3,55.63
2026-05-23,service-12,service-1,VPC-peering,1852.27,18.52
2026-05-23,service-1,service-2,cross-AZ,1596.74,15.97
2026-05-23,service-2,service-3,cross-region,1844.93,36.9
2026-05-23,service-3,service-4,internet-egress,2000.23,90.01
2026-05-23,service-4,service-5,VPC-peering,1158.41,11.58
2026-05-23,service-5,service-6,cross-AZ,1348.4,13.48
2026-05-23,service-6,service-7,cross-region,2467.41,49.35
2026-05-23,service-7,service-8,internet-egress,2423.32,109.05
2026-05-23,service-8,service-9,VPC-peering,1095.56,10.96
2026-05-24,service-1,service-2,cross-AZ,1744.43,17.44
2026-05-24,service-2,service-3,cross-region,742.22,14.84
2026-05-24,service-3,service-4,internet-egress,466.47,20.99
2026-05-24,service-4,service-5,VPC-peering,1944.16,19.44
2026-05-24,service-5,service-6,cross-AZ,1146.83,11.47
2026-05-24,service-6,service-7,cross-region,524.93,10.5
2026-05-24,service-7,service-8,internet-egress,1921.24,86.46
2026-05-24,service-8,service-9,VPC-peering,2296.41,22.96
2026-05-24,service-9,service-10,cross-AZ,2339.86,23.4
2026-05-24,service-10,service-11,cross-region,1531.2,30.62
2026-05-24,service-11,service-12,internet-egress,1251.14,56.3
2026-05-24,service-12,service-1,VPC-peering,440.48,4.4
2026-05-24,service-1,service-2,cross-AZ,2002.7,20.03
2026-05-24,service-2,service-3,cross-region,2368.78,47.38
2026-05-24,service-3,service-4,internet-egress,2234.7,100.56
2026-05-24,service-4,service-5,VPC-peering,1904.28,19.04
2026-05-24,service-5,service-6,cross-AZ,110.97,1.11
2026-05-24,service-6,service-7,cross-region,1078.6,21.57
2026-05-24,service-7,service-8,internet-egress,1085.71,48.86
2026-05-24,service-8,service-9,VPC-peering,2246.48,22.46
2026-05-25,service-1,service-2,cross-AZ,257.56,2.58
2026-05-25,service-2,service-3,cross-region,1374.93,27.5
2026-05-25,service-3,service-4,internet-egress,426.72,19.2
2026-05-25,service-4,service-5,VPC-peering,1689.51,16.9
2026-05-25,service-5,service-6,cross-AZ,2001.41,20.01
2026-05-25,service-6,service-7,cross-region,1640.7,32.81
2026-05-25,service-7,service-8,internet-egress,2007.0,90.32
2026-05-25,service-8,service-9,VPC-peering,1557.99,15.58
2026-05-25,service-9,service-10,cross-AZ,555.61,5.56
2026-05-25,service-10,service-11,cross-region,1018.39,20.37
2026-05-25,service-11,service-12,internet-egress,2396.49,107.84
2026-05-25,service-12,service-1,VPC-peering,791.62,7.92
2026-05-25,service-1,service-2,cross-AZ,250.87,2.51
2026-05-25,service-2,service-3,cross-region,1023.59,20.47
2026-05-25,service-3,service-4,internet-egress,979.14,44.06
2026-05-25,service-4,service-5,VPC-peering,1228.74,12.29
2026-05-25,service-5,service-6,cross-AZ,1444.73,14.45
2026-05-25,service-6,service-7,cross-region,2481.82,49.64
2026-05-25,service-7,service-8,internet-egress,1914.96,86.17
2026-05-25,service-8,service-9,VPC-peering,186.14,1.86
2026-05-26,service-1,service-2,cross-AZ,1810.51,18.11
2026-05-26,service-2,service-3,cross-region,2078.16,41.56
2026-05-26,service-3,service-4,internet-egress,2249.51,101.23
2026-05-26,service-4,service-5,VPC-peering,1117.61,11.18
2026-05-26,service-5,service-6,cross-AZ,852.7,8.53
2026-05-26,service-6,service-7,cross-region,2114.38,42.29
2026-05-26,service-7,service-8,internet-egress,1966.28,88.48
2026-05-26,service-8,service-9,VPC-peering,1386.5,13.87
2026-05-26,service-9,service-10,cross-AZ,382.92,3.83
2026-05-26,service-10,service-11,cross-region,1664.23,33.28
2026-05-26,service-11,service-12,internet-egress,257.6,11.59
2026-05-26,service-12,service-1,VPC-peering,340.88,3.41
2026-05-26,service-1,service-2,cross-AZ,894.74,8.95
2026-05-26,service-2,service-3,cross-region,990.82,19.82
2026-05-26,service-3,service-4,internet-egress,1208.74,54.39
2026-05-26,service-4,service-5,VPC-peering,913.94,9.14
2026-05-26,service-5,service-6,cross-AZ,181.09,1.81
2026-05-26,service-6,service-7,cross-region,477.8,9.56
2026-05-26,service-7,service-8,internet-egress,376.27,16.93
2026-05-26,service-8,service-9,VPC-peering,1134.84,11.35
2026-05-27,service-1,service-2,cross-AZ,609.11,6.09
2026-05-27,service-2,service-3,cross-region,804.51,16.09
2026-05-27,service-3,service-4,internet-egress,1231.76,55.43
2026-05-27,service-4,service-5,VPC-peering,665.35,6.65
2026-05-27,service-5,service-6,cross-AZ,690.23,6.9
2026-05-27,service-6,service-7,cross-region,2099.55,41.99
2026-05-27,service-7,service-8,internet-egress,1415.41,63.69
2026-05-27,service-8,service-9,VPC-peering,2156.22,21.56
2026-05-27,service-9,service-10,cross-AZ,1334.86,13.35
2026-05-27,service-10,service-11,cross-region,2282.23,45.64
2026-05-27,service-11,service-12,internet-egress,711.38,32.01
2026-05-27,service-12,service-1,VPC-peering,1580.01,15.8
2026-05-27,service-1,service-2,cross-AZ,1307.76,13.08
2026-05-27,service-2,service-3,cross-region,2304.86,46.1
2026-05-27,service-3,service-4,internet-egress,1104.35,49.7
2026-05-27,service-4,service-5,VPC-peering,2151.58,21.52
2026-05-27,service-5,service-6,cross-AZ,1453.37,14.53
2026-05-27,service-6,service-7,cross-region,1800.5,36.01
2026-05-27,service-7,service-8,internet-egress,2228.54,100.28
2026-05-27,service-8,service-9,VPC-peering,2492.58,24.93
2026-05-28,service-1,service-2,cross-AZ,1854.73,18.55
2026-05-28,service-2,service-3,cross-region,854.85,17.1
2026-05-28,service-3,service-4,internet-egress,817.63,36.79
2026-05-28,service-4,service-5,VPC-peering,841.85,8.42
2026-05-28,service-5,service-6,cross-AZ,334.98,3.35
2026-05-28,service-6,service-7,cross-region,228.64,4.57
2026-05-28,service-7,service-8,internet-egress,1494.02,67.23
2026-05-28,service-8,service-9,VPC-peering,2045.41,20.45
2026-05-28,service-9,service-10,cross-AZ,186.72,1.87
2026-05-28,service-10,service-11,cross-region,1459.92,29.2
2026-05-28,service-11,service-12,internet-egress,992.23,44.65
2026-05-28,service-12,service-1,VPC-peering,2241.96,22.42
2026-05-28,service-1,service-2,cross-AZ,448.93,4.49
2026-05-28,service-2,service-3,cross-region,1452.24,29.04
2026-05-28,service-3,service-4,internet-egress,2430.21,109.36
2026-05-28,service-4,service-5,VPC-peering,928.08,9.28
2026-05-28,service-5,service-6,cross-AZ,1880.26,18.8
2026-05-28,service-6,service-7,cross-region,2217.88,44.36
2026-05-28,service-7,service-8,internet-egress,546.91,24.61
2026-05-28,service-8,service-9,VPC-peering,2482.07,24.82
2026-05-29,service-1,service-2,cross-AZ,2042.53,20.43
2026-05-29,service-2,service-3,cross-region,430.15,8.6
2026-05-29,service-3,service-4,internet-egress,846.12,38.08
2026-05-29,service-4,service-5,VPC-peering,1599.93,16.0
2026-05-29,service-5,service-6,cross-AZ,2223.8,22.24
2026-05-29,service-6,service-7,cross-region,567.61,11.35
2026-05-29,service-7,service-8,internet-egress,1854.89,83.47
2026-05-29,service-8,service-9,VPC-peering,749.56,7.5
2026-05-29,service-9,service-10,cross-AZ,2033.0,20.33
2026-05-29,service-10,service-11,cross-region,1740.26,34.81
2026-05-29,service-11,service-12,internet-egress,1354.98,60.97
2026-05-29,service-12,service-1,VPC-peering,1659.68,16.6
2026-05-29,service-1,service-2,cross-AZ,2203.47,22.03
2026-05-29,service-2,service-3,cross-region,1027.42,20.55
2026-05-29,service-3,service-4,internet-egress,1946.2,87.58
2026-05-29,service-4,service-5,VPC-peering,481.37,4.81
2026-05-29,service-5,service-6,cross-AZ,1782.85,17.83
2026-05-29,service-6,service-7,cross-region,1901.58,38.03
2026-05-29,service-7,service-8,internet-egress,1163.19,52.34
2026-05-29,service-8,service-9,VPC-peering,2004.69,20.05
2026-05-30,service-1,service-2,cross-AZ,1437.05,14.37
2026-05-30,service-2,service-3,cross-region,2347.06,46.94
2026-05-30,service-3,service-4,internet-egress,369.92,16.65
2026-05-30,service-4,service-5,VPC-peering,413.97,4.14
2026-05-30,service-5,service-6,cross-AZ,2121.83,21.22
2026-05-30,service-6,service-7,cross-region,2121.67,42.43
2026-05-30,service-7,service-8,internet-egress,1230.94,55.39
2026-05-30,service-8,service-9,VPC-peering,2413.51,24.14
2026-05-30,service-9,service-10,cross-AZ,1730.53,17.31
2026-05-30,service-10,service-11,cross-region,2458.85,49.18
2026-05-30,service-11,service-12,internet-egress,1377.75,62.0
2026-05-30,service-12,service-1,VPC-peering,583.87,5.84
2026-05-30,service-1,service-2,cross-AZ,1166.54,11.67
2026-05-30,service-2,service-3,cross-region,2453.17,49.06
2026-05-30,service-3,service-4,internet-egress,988.99,44.5
2026-05-30,service-4,service-5,VPC-peering,2396.84,23.97
2026-05-30,service-5,service-6,cross-AZ,2012.85,20.13
2026-05-30,service-6,service-7,cross-region,1161.06,23.22
2026-05-30,service-7,service-8,internet-egress,1400.49,63.02
2026-05-30,service-8,service-9,VPC-peering,1557.85,15.58
2026-05-31,service-1,service-2,cross-AZ,1697.84,16.98
2026-05-31,service-2,service-3,cross-region,284.08,5.68
2026-05-31,service-3,service-4,internet-egress,2340.61,105.33
2026-05-31,service-4,service-5,VPC-peering,1532.8,15.33
2026-05-31,service-5,service-6,cross-AZ,2334.76,23.35
2026-05-31,service-6,service-7,cross-region,1616.56,32.33
2026-05-31,service-7,service-8,internet-egress,1134.44,51.05
2026-05-31,service-8,service-9,VPC-peering,1460.63,14.61
2026-05-31,service-9,service-10,cross-AZ,2090.81,20.91
2026-05-31,service-10,service-11,cross-region,882.7,17.65
2026-05-31,service-11,service-12,internet-egress,2395.5,107.8
2026-05-31,service-12,service-1,VPC-peering,1218.29,12.18
2026-05-31,service-1,service-2,cross-AZ,2394.97,23.95
2026-05-31,service-2,service-3,cross-region,2213.82,44.28
2026-05-31,service-3,service-4,internet-egress,1942.39,87.41
2026-05-31,service-4,service-5,VPC-peering,1221.85,12.22
2026-05-31,service-5,service-6,cross-AZ,1508.67,15.09
2026-05-31,service-6,service-7,cross-region,2111.27,42.23
2026-05-31,service-7,service-8,internet-egress,1405.73,63.26
2026-05-31,service-8,service-9,VPC-peering,1871.65,18.72
2026-06-01,service-1,service-2,cross-AZ,1997.58,19.98
2026-06-01,service-2,service-3,cross-region,1331.43,26.63
2026-06-01,service-3,service-4,internet-egress,1386.99,62.41
2026-06-01,service-4,service-5,VPC-peering,574.8,5.75
2026-06-01,service-5,service-6,cross-AZ,687.37,6.87
2026-06-01,service-6,service-7,cross-region,2271.86,45.44
2026-06-01,service-7,service-8,internet-egress,2116.79,95.26
2026-06-01,service-8,service-9,VPC-peering,124.29,1.24
2026-06-01,service-9,service-10,cross-AZ,2186.53,21.87
2026-06-01,service-10,service-11,cross-region,160.56,3.21
2026-06-01,service-11,service-12,internet-egress,1199.87,53.99
2026-06-01,service-12,service-1,VPC-peering,261.84,2.62
2026-06-01,service-1,service-2,cross-AZ,2425.18,24.25
2026-06-01,service-2,service-3,cross-region,2433.57,48.67
2026-06-01,service-3,service-4,internet-egress,1566.09,70.47
2026-06-01,service-4,service-5,VPC-peering,1041.29,10.41
2026-06-01,service-5,service-6,cross-AZ,1328.78,13.29
2026-06-01,service-6,service-7,cross-region,1929.52,38.59
2026-06-01,service-7,service-8,internet-egress,635.66,28.6
2026-06-01,service-8,service-9,VPC-peering,1160.13,11.6
2026-06-02,service-1,service-2,cross-AZ,1869.44,18.69
2026-06-02,service-2,service-3,cross-region,1048.94,20.98
2026-06-02,service-3,service-4,internet-egress,176.79,7.96
2026-06-02,service-4,service-5,VPC-peering,1317.75,13.18
2026-06-02,service-5,service-6,cross-AZ,1869.79,18.7
2026-06-02,service-6,service-7,cross-region,2444.36,48.89
2026-06-02,service-7,service-8,internet-egress,188.91,8.5
2026-06-02,service-8,service-9,VPC-peering,1395.81,13.96
2026-06-02,service-9,service-10,cross-AZ,1179.85,11.8
2026-06-02,service-10,service-11,cross-region,681.88,13.64
2026-06-02,service-11,service-12,internet-egress,1630.63,73.38
2026-06-02,service-12,service-1,VPC-peering,492.69,4.93
2026-06-02,service-1,service-2,cross-AZ,781.28,7.81
2026-06-02,service-2,service-3,cross-region,1976.22,39.52
2026-06-02,service-3,service-4,internet-egress,1204.99,54.22
2026-06-02,service-4,service-5,VPC-peering,2484.81,24.85
2026-06-02,service-5,service-6,cross-AZ,1027.51,10.28
2026-06-02,service-6,service-7,cross-region,1211.83,24.24
2026-06-02,service-7,service-8,internet-egress,820.62,36.93
2026-06-02,service-8,service-9,VPC-peering,667.1,6.67
2026-06-03,service-1,service-2,cross-AZ,2313.48,23.13
2026-06-03,service-2,service-3,cross-region,1897.18,37.94
2026-06-03,service-3,service-4,internet-egress,900.17,40.51
2026-06-03,service-4,service-5,VPC-peering,1780.37,17.8
2026-06-03,service-5,service-6,cross-AZ,2417.88,24.18
2026-06-03,service-6,service-7,cross-region,277.72,5.55
2026-06-03,service-7,service-8,internet-egress,734.81,33.07
2026-06-03,service-8,service-9,VPC-peering,581.39,5.81
2026-06-03,service-9,service-10,cross-AZ,2187.48,21.87
2026-06-03,service-10,service-11,cross-region,530.06,10.6
2026-06-03,service-11,service-12,internet-egress,839.38,37.77
2026-06-03,service-12,service-1,VPC-peering,1405.27,14.05
2026-06-03,service-1,service-2,cross-AZ,1590.63,15.91
2026-06-03,service-2,service-3,cross-region,2039.64,40.79
2026-06-03,service-3,service-4,internet-egress,1077.58,48.49
2026-06-03,service-4,service-5,VPC-peering,1382.19,13.82
2026-06-03,service-5,service-6,cross-AZ,2417.11,24.17
2026-06-03,service-6,service-7,cross-region,813.67,16.27
2026-06-03,service-7,service-8,internet-egress,695.43,31.29
2026-06-03,service-8,service-9,VPC-peering,1805.44,18.05
2026-06-04,service-1,service-2,cross-AZ,1950.73,19.51
2026-06-04,service-2,service-3,cross-region,1095.47,21.91
2026-06-04,service-3,service-4,internet-egress,611.15,27.5
2026-06-04,service-4,service-5,VPC-peering,1969.41,19.69
2026-06-04,service-5,service-6,cross-AZ,1709.18,17.09
2026-06-04,service-6,service-7,cross-region,2202.95,44.06
2026-06-04,service-7,service-8,internet-egress,2126.38,95.69
2026-06-04,service-8,service-9,VPC-peering,592.47,5.92
2026-06-04,service-9,service-10,cross-AZ,2097.61,20.98
2026-06-04,service-10,service-11,cross-region,520.42,10.41
2026-06-04,service-11,service-12,internet-egress,2172.89,97.78
2026-06-04,service-12,service-1,VPC-peering,1948.77,19.49
2026-06-04,service-1,service-2,cross-AZ,1467.67,14.68
2026-06-04,service-2,service-3,cross-region,1641.33,32.83
2026-06-04,service-3,service-4,internet-egress,349.79,15.74
2026-06-04,service-4,service-5,VPC-peering,195.72,1.96
2026-06-04,service-5,service-6,cross-AZ,893.55,8.94
2026-06-04,service-6,service-7,cross-region,2071.37,41.43
2026-06-04,service-7,service-8,internet-egress,1217.89,54.8
2026-06-04,service-8,service-9,VPC-peering,636.15,6.36
2026-06-05,service-1,service-2,cross-AZ,2102.92,21.03
2026-06-05,service-2,service-3,cross-region,648.71,12.97
2026-06-05,service-3,service-4,internet-egress,2057.18,92.57
2026-06-05,service-4,service-5,VPC-peering,1187.15,11.87
2026-06-05,service-5,service-6,cross-AZ,1212.39,12.12
2026-06-05,service-6,service-7,cross-region,754.53,15.09
2026-06-05,service-7,service-8,internet-egress,2260.42,101.72
2026-06-05,service-8,service-9,VPC-peering,313.08,3.13
2026-06-05,service-9,service-10,cross-AZ,446.58,4.47
2026-06-05,service-10,service-11,cross-region,1626.12,32.52
2026-06-05,service-11,service-12,internet-egress,2140.28,96.31
2026-06-05,service-12,service-1,VPC-peering,329.08,3.29
2026-06-05,service-1,service-2,cross-AZ,1861.01,18.61
2026-06-05,service-2,service-3,cross-region,1882.03,37.64
2026-06-05,service-3,service-4,internet-egress,1495.65,67.3
2026-06-05,service-4,service-5,VPC-peering,1268.15,12.68
2026-06-05,service-5,service-6,cross-AZ,870.61,8.71
2026-06-05,service-6,service-7,cross-region,943.51,18.87
2026-06-05,service-7,service-8,internet-egress,1718.64,77.34
2026-06-05,service-8,service-9,VPC-peering,256.69,2.57
2026-06-06,service-1,service-2,cross-AZ,1503.84,15.04
2026-06-06,service-2,service-3,cross-region,768.96,15.38
2026-06-06,service-3,service-4,internet-egress,1219.85,54.89
2026-06-06,service-4,service-5,VPC-peering,1441.55,14.42
2026-06-06,service-5,service-6,cross-AZ,2225.58,22.26
2026-06-06,service-6,service-7,cross-region,1489.78,29.8
2026-06-06,service-7,service-8,internet-egress,645.18,29.03
2026-06-06,service-8,service-9,VPC-peering,290.7,2.91
2026-06-06,service-9,service-10,cross-AZ,1604.77,16.05
2026-06-06,service-10,service-11,cross-region,1408.12,28.16
2026-06-06,service-11,service-12,internet-egress,1712.31,77.05
2026-06-06,service-12,service-1,VPC-peering,1202.55,12.03
2026-06-06,service-1,service-2,cross-AZ,2080.3,20.8
2026-06-06,service-2,service-3,cross-region,2308.43,46.17
2026-06-06,service-3,service-4,internet-egress,196.01,8.82
2026-06-06,service-4,service-5,VPC-peering,1885.81,18.86
2026-06-06,service-5,service-6,cross-AZ,184.39,1.84
2026-06-06,service-6,service-7,cross-region,1168.23,23.36
2026-06-06,service-7,service-8,internet-egress,1207.85,54.35
2026-06-06,service-8,service-9,VPC-peering,1770.92,17.71
2026-06-07,service-1,service-2,cross-AZ,945.77,9.46
2026-06-07,service-2,service-3,cross-region,2070.16,41.4
2026-06-07,service-3,service-4,internet-egress,922.87,41.53
2026-06-07,service-4,service-5,VPC-peering,922.04,9.22
2026-06-07,service-5,service-6,cross-AZ,634.63,6.35
2026-06-07,service-6,service-7,cross-region,1741.29,34.83
2026-06-07,service-7,service-8,internet-egress,283.81,12.77
2026-06-07,service-8,service-9,VPC-peering,971.33,9.71
2026-06-07,service-9,service-10,cross-AZ,740.54,7.41
2026-06-07,service-10,service-11,cross-region,650.41,13.01
2026-06-07,service-11,service-12,internet-egress,246.36,11.09
2026-06-07,service-12,service-1,VPC-peering,556.92,5.57
2026-06-07,service-1,service-2,cross-AZ,1170.99,11.71
2026-06-07,service-2,service-3,cross-region,1308.98,26.18
2026-06-07,service-3,service-4,internet-egress,746.81,33.61
2026-06-07,service-4,service-5,VPC-peering,1660.58,16.61
2026-06-07,service-5,service-6,cross-AZ,905.9,9.06
2026-06-07,service-6,service-7,cross-region,981.39,19.63
2026-06-07,service-7,service-8,internet-egress,1978.3,89.02
2026-06-07,service-8,service-9,VPC-peering,1424.72,14.25
2026-06-08,service-1,service-2,cross-AZ,2387.62,23.88
2026-06-08,service-2,service-3,cross-region,962.32,19.25
2026-06-08,service-3,service-4,internet-egress,2086.82,93.91
2026-06-08,service-4,service-5,VPC-peering,1872.01,18.72
2026-06-08,service-5,service-6,cross-AZ,2236.45,22.36
2026-06-08,service-6,service-7,cross-region,2396.3,47.93
2026-06-08,service-7,service-8,internet-egress,118.42,5.33
2026-06-08,service-8,service-9,VPC-peering,311.91,3.12
2026-06-08,service-9,service-10,cross-AZ,1718.41,17.18
2026-06-08,service-10,service-11,cross-region,1036.48,20.73
2026-06-08,service-11,service-12,internet-egress,2065.9,92.97
2026-06-08,service-12,service-1,VPC-peering,128.75,1.29
2026-06-08,service-1,service-2,cross-AZ,2036.75,20.37
2026-06-08,service-2,service-3,cross-region,424.58,8.49
2026-06-08,service-3,service-4,internet-egress,796.6,35.85
2026-06-08,service-4,service-5,VPC-peering,2425.79,24.26
2026-06-08,service-5,service-6,cross-AZ,223.84,2.24
2026-06-08,service-6,service-7,cross-region,937.7,18.75
2026-06-08,service-7,service-8,internet-egress,302.87,13.63
2026-06-08,service-8,service-9,VPC-peering,2148.65,21.49
2026-06-09,service-1,service-2,cross-AZ,1787.24,17.87
2026-06-09,service-2,service-3,cross-region,2020.81,40.42
2026-06-09,service-3,service-4,internet-egress,1365.47,61.45
2026-06-09,service-4,service-5,VPC-peering,958.53,9.59
2026-06-09,service-5,service-6,cross-AZ,105.46,1.05
2026-06-09,service-6,service-7,cross-region,767.03,15.34
2026-06-09,service-7,service-8,internet-egress,1334.93,60.07
2026-06-09,service-8,service-9,VPC-peering,1694.47,16.94
2026-06-09,service-9,service-10,cross-AZ,649.45,6.49
2026-06-09,service-10,service-11,cross-region,433.36,8.67
2026-06-09,service-11,service-12,internet-egress,583.88,26.27
2026-06-09,service-12,service-1,VPC-peering,949.78,9.5
2026-06-09,service-1,service-2,cross-AZ,456.11,4.56
2026-06-09,service-2,service-3,cross-region,476.36,9.53
2026-06-09,service-3,service-4,internet-egress,205.0,9.23
2026-06-09,service-4,service-5,VPC-peering,2156.14,21.56
2026-06-09,service-5,service-6,cross-AZ,627.42,6.27
2026-06-09,service-6,service-7,cross-region,2072.57,41.45
2026-06-09,service-7,service-8,internet-egress,1151.94,51.84
2026-06-09,service-8,service-9,VPC-peering,1617.85,16.18
2026-06-10,service-1,service-2,cross-AZ,281.69,2.82
2026-06-10,service-2,service-3,cross-region,1500.59,30.01
2026-06-10,service-3,service-4,internet-egress,795.99,35.82
2026-06-10,service-4,service-5,VPC-peering,328.5,3.29
2026-06-10,service-5,service-6,cross-AZ,2279.76,22.8
2026-06-10,service-6,service-7,cross-region,1548.71,30.97
2026-06-10,service-7,service-8,internet-egress,680.1,30.6
2026-06-10,service-8,service-9,VPC-peering,1107.16,11.07
2026-06-10,service-9,service-10,cross-AZ,956.56,9.57
2026-06-10,service-10,service-11,cross-region,1781.39,35.63
2026-06-10,service-11,service-12,internet-egress,1557.84,70.1
2026-06-10,service-12,service-1,VPC-peering,147.48,1.47
2026-06-10,service-1,service-2,cross-AZ,574.78,5.75
2026-06-10,service-2,service-3,cross-region,1247.51,24.95
2026-06-10,service-3,service-4,internet-egress,1169.17,52.61
2026-06-10,service-4,service-5,VPC-peering,1340.02,13.4
2026-06-10,service-5,service-6,cross-AZ,1815.55,18.16
2026-06-10,service-6,service-7,cross-region,1736.82,34.74
2026-06-10,service-7,service-8,internet-egress,994.75,44.76
2026-06-10,service-8,service-9,VPC-peering,2206.2,22.06
2026-06-11,service-1,service-2,cross-AZ,251.04,2.51
2026-06-11,service-2,service-3,cross-region,1502.82,30.06
2026-06-11,service-3,service-4,internet-egress,2379.25,107.07
2026-06-11,service-4,service-5,VPC-peering,1417.8,14.18
2026-06-11,service-5,service-6,cross-AZ,1192.26,11.92
2026-06-11,service-6,service-7,cross-region,421.4,8.43
2026-06-11,service-7,service-8,internet-egress,2044.45,92.0
2026-06-11,service-8,service-9,VPC-peering,997.11,9.97
2026-06-11,service-9,service-10,cross-AZ,1782.99,17.83
2026-06-11,service-10,service-11,cross-region,574.11,11.48
2026-06-11,service-11,service-12,internet-egress,200.47,9.02
2026-06-11,service-12,service-1,VPC-peering,833.12,8.33
2026-06-11,service-1,service-2,cross-AZ,775.39,7.75
2026-06-11,service-2,service-3,cross-region,2196.34,43.93
2026-06-11,service-3,service-4,internet-egress,2175.22,97.88
2026-06-11,service-4,service-5,VPC-peering,1381.35,13.81
2026-06-11,service-5,service-6,cross-AZ,145.6,1.46
2026-06-11,service-6,service-7,cross-region,647.98,12.96
2026-06-11,service-7,service-8,internet-egress,1633.63,73.51
2026-06-11,service-8,service-9,VPC-peering,343.38,3.43
2026-06-12,service-1,service-2,cross-AZ,1781.49,17.81
2026-06-12,service-2,service-3,cross-region,128.71,2.57
2026-06-12,service-3,service-4,internet-egress,1738.09,78.21
2026-06-12,service-4,service-5,VPC-peering,2126.89,21.27
2026-06-12,service-5,service-6,cross-AZ,1226.12,12.26
2026-06-12,service-6,service-7,cross-region,2089.79,41.8
2026-06-12,service-7,service-8,internet-egress,1975.67,88.9
2026-06-12,service-8,service-9,VPC-peering,1711.41,17.11
2026-06-12,service-9,service-10,cross-AZ,1168.36,11.68
2026-06-12,service-10,service-11,cross-region,752.57,15.05
2026-06-12,service-11,service-12,internet-egress,2166.07,97.47
2026-06-12,service-12,service-1,VPC-peering,1656.62,16.57
2026-06-12,service-1,service-2,cross-AZ,2015.24,20.15
2026-06-12,service-2,service-3,cross-region,1424.72,28.49
2026-06-12,service-3,service-4,internet-egress,512.48,23.06
2026-06-12,service-4,service-5,VPC-peering,2450.65,24.51
2026-06-12,service-5,service-6,cross-AZ,538.57,5.39
2026-06-12,service-6,service-7,cross-region,2286.98,45.74
2026-06-12,service-7,service-8,internet-egress,599.53,26.98
2026-06-12,service-8,service-9,VPC-peering,997.0,9.97
2026-06-13,service-1,service-2,cross-AZ,1156.2,11.56
2026-06-13,service-2,service-3,cross-region,2311.3,46.23
2026-06-13,service-3,service-4,internet-egress,2231.68,100.43
2026-06-13,service-4,service-5,VPC-peering,2075.73,20.76
2026-06-13,service-5,service-6,cross-AZ,1004.02,10.04
2026-06-13,service-6,service-7,cross-region,110.78,2.22
2026-06-13,service-7,service-8,internet-egress,1735.8,78.11
2026-06-13,service-8,service-9,VPC-peering,1086.29,10.86
2026-06-13,service-9,service-10,cross-AZ,1916.94,19.17
2026-06-13,service-10,service-11,cross-region,2007.64,40.15
2026-06-13,service-11,service-12,internet-egress,1155.34,51.99
2026-06-13,service-12,service-1,VPC-peering,1895.45,18.95
2026-06-13,service-1,service-2,cross-AZ,2115.85,21.16
2026-06-13,service-2,service-3,cross-region,2328.34,46.57
2026-06-13,service-3,service-4,internet-egress,1497.89,67.41
2026-06-13,service-4,service-5,VPC-peering,1968.35,19.68
2026-06-13,service-5,service-6,cross-AZ,1286.96,12.87
2026-06-13,service-6,service-7,cross-region,199.99,4.0
2026-06-13,service-7,service-8,internet-egress,472.53,21.26
2026-06-13,service-8,service-9,VPC-peering,407.74,4.08
2026-06-14,service-1,service-2,cross-AZ,512.24,5.12
2026-06-14,service-2,service-3,cross-region,124.51,2.49
2026-06-14,service-3,service-4,internet-egress,2160.9,97.24
2026-06-14,service-4,service-5,VPC-peering,1444.36,14.44
2026-06-14,service-5,service-6,cross-AZ,1019.56,10.2
2026-06-14,service-6,service-7,cross-region,1083.47,21.67
2026-06-14,service-7,service-8,internet-egress,1212.04,54.54
2026-06-14,service-8,service-9,VPC-peering,277.32,2.77
2026-06-14,service-9,service-10,cross-AZ,759.2,7.59
2026-06-14,service-10,service-11,cross-region,2143.9,42.88
2026-06-14,service-11,service-12,internet-egress,1884.82,84.82
2026-06-14,service-12,service-1,VPC-peering,1452.17,14.52
2026-06-14,service-1,service-2,cross-AZ,1253.69,12.54
2026-06-14,service-2,service-3,cross-region,721.54,14.43
2026-06-14,service-3,service-4,internet-egress,1231.01,55.4
2026-06-14,service-4,service-5,VPC-peering,1534.85,15.35
2026-06-14,service-5,service-6,cross-AZ,1810.33,18.1
2026-06-14,service-6,service-7,cross-region,499.94,10.0
2026-06-14,service-7,service-8,internet-egress,2051.46,92.32
2026-06-14,service-8,service-9,VPC-peering,929.95,9.3
2026-06-15,service-1,service-2,cross-AZ,1307.82,13.08
2026-06-15,service-2,service-3,cross-region,1558.97,31.18
2026-06-15,service-3,service-4,internet-egress,1271.43,57.21
2026-06-15,service-4,service-5,VPC-peering,1472.7,14.73
2026-06-15,service-5,service-6,cross-AZ,367.66,3.68
2026-06-15,service-6,service-7,cross-region,1137.17,22.74
2026-06-15,service-7,service-8,internet-egress,773.12,34.79
2026-06-15,service-8,service-9,VPC-peering,306.46,3.06
2026-06-15,service-9,service-10,cross-AZ,559.96,5.6
2026-06-15,service-10,service-11,cross-region,1545.87,30.92
2026-06-15,service-11,service-12,internet-egress,572.05,25.74
2026-06-15,service-12,service-1,VPC-peering,534.55,5.35
2026-06-15,service-1,service-2,cross-AZ,1426.79,14.27
2026-06-15,service-2,service-3,cross-region,2271.29,45.43
2026-06-15,service-3,service-4,internet-egress,1992.86,89.68
2026-06-15,service-4,service-5,VPC-peering,2272.21,22.72
2026-06-15,service-5,service-6,cross-AZ,1499.15,14.99
2026-06-15,service-6,service-7,cross-region,1083.83,21.68
2026-06-15,service-7,service-8,internet-egress,1851.14,83.3
2026-06-15,service-8,service-9,VPC-peering,727.27,7.27
2026-06-16,service-1,service-2,cross-AZ,287.33,2.87
2026-06-16,service-2,service-3,cross-region,927.08,18.54
2026-06-16,service-3,service-4,internet-egress,818.17,36.82
2026-06-16,service-4,service-5,VPC-peering,1721.29,17.21
2026-06-16,service-5,service-6,cross-AZ,1423.27,14.23
2026-06-16,service-6,service-7,cross-region,431.83,8.64
2026-06-16,service-7,service-8,internet-egress,2280.41,102.62
2026-06-16,service-8,service-9,VPC-peering,1524.01,15.24
2026-06-16,service-9,service-10,cross-AZ,1198.44,11.98
2026-06-16,service-10,service-11,cross-region,2349.27,46.99
2026-06-16,service-11,service-12,internet-egress,333.52,15.01
2026-06-16,service-12,service-1,VPC-peering,1995.02,19.95
2026-06-16,service-1,service-2,cross-AZ,975.2,9.75
2026-06-16,service-2,service-3,cross-region,1768.94,35.38
2026-06-16,service-3,service-4,internet-egress,2333.74,105.02
2026-06-16,service-4,service-5,VPC-peering,1342.51,13.43
2026-06-16,service-5,service-6,cross-AZ,154.33,1.54
2026-06-16,service-6,service-7,cross-region,169.24,3.38
2026-06-16,service-7,service-8,internet-egress,893.35,40.2
2026-06-16,service-8,service-9,VPC-peering,1975.98,19.76
2026-06-17,service-1,service-2,cross-AZ,791.83,7.92
2026-06-17,service-2,service-3,cross-region,902.72,18.05
2026-06-17,service-3,service-4,internet-egress,1982.71,89.22
2026-06-17,service-4,service-5,VPC-peering,378.85,3.79
2026-06-17,service-5,service-6,cross-AZ,2132.35,21.32
2026-06-17,service-6,service-7,cross-region,737.9,14.76
2026-06-17,service-7,service-8,internet-egress,222.94,10.03
2026-06-17,service-8,service-9,VPC-peering,381.62,3.82
2026-06-17,service-9,service-10,cross-AZ,2386.13,23.86
2026-06-17,service-10,service-11,cross-region,1183.18,23.66
2026-06-17,service-11,service-12,internet-egress,715.45,32.2
2026-06-17,service-12,service-1,VPC-peering,1351.05,13.51
2026-06-17,service-1,service-2,cross-AZ,1737.63,17.38
2026-06-17,service-2,service-3,cross-region,865.12,17.3
2026-06-17,service-3,service-4,internet-egress,1840.65,82.83
2026-06-17,service-4,service-5,VPC-peering,705.4,7.05
2026-06-17,service-5,service-6,cross-AZ,369.61,3.7
2026-06-17,service-6,service-7,cross-region,1419.3,28.39
2026-06-17,service-7,service-8,internet-egress,462.68,20.82
2026-06-17,service-8,service-9,VPC-peering,2357.16,23.57
2026-06-18,service-1,service-2,cross-AZ,101.08,1.01
2026-06-18,service-2,service-3,cross-region,1913.67,38.27
2026-06-18,service-3,service-4,internet-egress,770.74,34.68
2026-06-18,service-4,service-5,VPC-peering,2130.61,21.31
2026-06-18,service-5,service-6,cross-AZ,244.36,2.44
2026-06-18,service-6,service-7,cross-region,2387.2,47.74
2026-06-18,service-7,service-8,internet-egress,343.35,15.45
2026-06-18,service-8,service-9,VPC-peering,1990.92,19.91
2026-06-18,service-9,service-10,cross-AZ,1341.62,13.42
2026-06-18,service-10,service-11,cross-region,1132.95,22.66
2026-06-18,service-11,service-12,internet-egress,772.37,34.76
2026-06-18,service-12,service-1,VPC-peering,2119.29,21.19
2026-06-18,service-1,service-2,cross-AZ,579.4,5.79
2026-06-18,service-2,service-3,cross-region,1830.98,36.62
2026-06-18,service-3,service-4,internet-egress,1169.9,52.65
2026-06-18,service-4,service-5,VPC-peering,2496.39,24.96
2026-06-18,service-5,service-6,cross-AZ,1567.36,15.67
2026-06-18,service-6,service-7,cross-region,350.06,7.0
2026-06-18,service-7,service-8,internet-egress,1106.85,49.81
2026-06-18,service-8,service-9,VPC-peering,259.12,2.59
2026-06-19,service-1,service-2,cross-AZ,785.57,7.86
2026-06-19,service-2,service-3,cross-region,923.96,18.48
2026-06-19,service-3,service-4,internet-egress,2147.62,96.64
2026-06-19,service-4,service-5,VPC-peering,2111.17,21.11
2026-06-19,service-5,service-6,cross-AZ,127.74,1.28
2026-06-19,service-6,service-7,cross-region,1377.47,27.55
2026-06-19,service-7,service-8,internet-egress,636.51,28.64
2026-06-19,service-8,service-9,VPC-peering,868.22,8.68
2026-06-19,service-9,service-10,cross-AZ,151.96,1.52
2026-06-19,service-10,service-11,cross-region,1899.39,37.99
2026-06-19,service-11,service-12,internet-egress,2381.42,107.16
2026-06-19,service-12,service-1,VPC-peering,626.24,6.26
2026-06-19,service-1,service-2,cross-AZ,920.25,9.2
2026-06-19,service-2,service-3,cross-region,595.44,11.91
2026-06-19,service-3,service-4,internet-egress,2332.12,104.95
2026-06-19,service-4,service-5,VPC-peering,122.45,1.22
2026-06-19,service-5,service-6,cross-AZ,1501.27,15.01
2026-06-19,service-6,service-7,cross-region,2189.83,43.8
2026-06-19,service-7,service-8,internet-egress,547.14,24.62
2026-06-19,service-8,service-9,VPC-peering,1515.99,15.16
2026-06-20,service-1,service-2,cross-AZ,221.56,2.22
2026-06-20,service-2,service-3,cross-region,2055.0,41.1
2026-06-20,service-3,service-4,internet-egress,758.63,34.14
2026-06-20,service-4,service-5,VPC-peering,2473.01,24.73
2026-06-20,service-5,service-6,cross-AZ,2312.82,23.13
2026-06-20,service-6,service-7,cross-region,1858.04,37.16
2026-06-20,service-7,service-8,internet-egress,1292.42,58.16
2026-06-20,service-8,service-9,VPC-peering,1939.81,19.4
2026-06-20,service-9,service-10,cross-AZ,413.46,4.13
2026-06-20,service-10,service-11,cross-region,844.48,16.89
2026-06-20,service-11,service-12,internet-egress,164.55,7.4
2026-06-20,service-12,service-1,VPC-peering,1648.06,16.48
2026-06-20,service-1,service-2,cross-AZ,2033.29,20.33
2026-06-20,service-2,service-3,cross-region,2371.09,47.42
2026-06-20,service-3,service-4,internet-egress,1747.62,78.64
2026-06-20,service-4,service-5,VPC-peering,1857.02,18.57
2026-06-20,service-5,service-6,cross-AZ,2249.09,22.49
2026-06-20,service-6,service-7,cross-region,2347.31,46.95
2026-06-20,service-7,service-8,internet-egress,1279.11,57.56
2026-06-20,service-8,service-9,VPC-peering,363.49,3.63
2026-06-21,service-1,service-2,cross-AZ,1219.4,12.19
2026-06-21,service-2,service-3,cross-region,1434.58,28.69
2026-06-21,service-3,service-4,internet-egress,1615.71,72.71
2026-06-21,service-4,service-5,VPC-peering,2474.28,24.74
2026-06-21,service-5,service-6,cross-AZ,2302.15,23.02
2026-06-21,service-6,service-7,cross-region,1051.27,21.03
2026-06-21,service-7,service-8,internet-egress,372.29,16.75
2026-06-21,service-8,service-9,VPC-peering,615.5,6.15
2026-06-21,service-9,service-10,cross-AZ,517.12,5.17
2026-06-21,service-10,service-11,cross-region,954.43,19.09
2026-06-21,service-11,service-12,internet-egress,2203.57,99.16
2026-06-21,service-12,service-1,VPC-peering,1151.12,11.51
2026-06-21,service-1,service-2,cross-AZ,1461.47,14.61
2026-06-21,service-2,service-3,cross-region,530.0,10.6
2026-06-21,service-3,service-4,internet-egress,1282.84,57.73
2026-06-21,service-4,service-5,VPC-peering,2196.71,21.97
2026-06-21,service-5,service-6,cross-AZ,1956.31,19.56
2026-06-21,service-6,service-7,cross-region,294.86,5.9
2026-06-21,service-7,service-8,internet-egress,2168.97,97.6
2026-06-21,service-8,service-9,VPC-peering,757.19,7.57
2026-06-22,service-1,service-2,cross-AZ,1697.72,16.98
2026-06-22,service-2,service-3,cross-region,451.32,9.03
2026-06-22,service-3,service-4,internet-egress,1719.15,77.36
2026-06-22,service-4,service-5,VPC-peering,185.68,1.86
2026-06-22,service-5,service-6,cross-AZ,1541.55,15.42
2026-06-22,service-6,service-7,cross-region,1650.26,33.01
2026-06-22,service-7,service-8,internet-egress,686.79,30.91
2026-06-22,service-8,service-9,VPC-peering,2348.74,23.49
2026-06-22,service-9,service-10,cross-AZ,210.33,2.1
2026-06-22,service-10,service-11,cross-region,2240.1,44.8
2026-06-22,service-11,service-12,internet-egress,1016.55,45.74
2026-06-22,service-12,service-1,VPC-peering,1813.4,18.13
2026-06-22,service-1,service-2,cross-AZ,1663.72,16.64
2026-06-22,service-2,service-3,cross-region,503.79,10.08
2026-06-22,service-3,service-4,internet-egress,865.6,38.95
2026-06-22,service-4,service-5,VPC-peering,1371.22,13.71
2026-06-22,service-5,service-6,cross-AZ,2131.62,21.32
2026-06-22,service-6,service-7,cross-region,2391.66,47.83
2026-06-22,service-7,service-8,internet-egress,149.41,6.72
2026-06-22,service-8,service-9,VPC-peering,946.14,9.46
2026-06-23,service-1,service-2,cross-AZ,1703.55,17.04
2026-06-23,service-2,service-3,cross-region,1366.55,27.33
2026-06-23,service-3,service-4,internet-egress,2363.25,106.35
2026-06-23,service-4,service-5,VPC-peering,140.73,1.41
2026-06-23,service-5,service-6,cross-AZ,1150.57,11.51
2026-06-23,service-6,service-7,cross-region,1705.13,34.1
2026-06-23,service-7,service-8,internet-egress,622.2,28.0
2026-06-23,service-8,service-9,VPC-peering,1842.09,18.42
2026-06-23,service-9,service-10,cross-AZ,294.95,2.95
2026-06-23,service-10,service-11,cross-region,1182.49,23.65
2026-06-23,service-11,service-12,internet-egress,1722.96,77.53
2026-06-23,service-12,service-1,VPC-peering,740.22,7.4
2026-06-23,service-1,service-2,cross-AZ,277.23,2.77
2026-06-23,service-2,service-3,cross-region,2396.85,47.94
2026-06-23,service-3,service-4,internet-egress,2293.18,103.19
2026-06-23,service-4,service-5,VPC-peering,2323.29,23.23
2026-06-23,service-5,service-6,cross-AZ,2448.41,24.48
2026-06-23,service-6,service-7,cross-region,543.28,10.87
2026-06-23,service-7,service-8,internet-egress,478.66,21.54
2026-06-23,service-8,service-9,VPC-peering,182.12,1.82
2026-06-24,service-1,service-2,cross-AZ,2240.37,22.4
2026-06-24,service-2,service-3,cross-region,1906.63,38.13
2026-06-24,service-3,service-4,internet-egress,1619.83,72.89
2026-06-24,service-4,service-5,VPC-peering,2326.42,23.26
2026-06-24,service-5,service-6,cross-AZ,1480.18,14.8
2026-06-24,service-6,service-7,cross-region,411.35,8.23
2026-06-24,service-7,service-8,internet-egress,524.47,23.6
2026-06-24,service-8,service-9,VPC-peering,417.24,4.17
2026-06-24,service-9,service-10,cross-AZ,838.38,8.38
2026-06-24,service-10,service-11,cross-region,1010.79,20.22
2026-06-24,service-11,service-12,internet-egress,2012.41,90.56
2026-06-24,service-12,service-1,VPC-peering,559.01,5.59
2026-06-24,service-1,service-2,cross-AZ,1840.88,18.41
2026-06-24,service-2,service-3,cross-region,1278.95,25.58
2026-06-24,service-3,service-4,internet-egress,2499.18,112.46
2026-06-24,service-4,service-5,VPC-peering,1963.8,19.64
2026-06-24,service-5,service-6,cross-AZ,2425.49,24.25
2026-06-24,service-6,service-7,cross-region,921.64,18.43
2026-06-24,service-7,service-8,internet-egress,395.32,17.79
2026-06-24,service-8,service-9,VPC-peering,1314.15,13.14
2026-06-25,service-1,service-2,cross-AZ,398.17,3.98
2026-06-25,service-2,service-3,cross-region,1281.88,25.64
2026-06-25,service-3,service-4,internet-egress,747.86,33.65
2026-06-25,service-4,service-5,VPC-peering,1278.51,12.79
2026-06-25,service-5,service-6,cross-AZ,2379.13,23.79
2026-06-25,service-6,service-7,cross-region,793.68,15.87
2026-06-25,service-7,service-8,internet-egress,2484.24,111.79
2026-06-25,service-8,service-9,VPC-peering,650.39,6.5
2026-06-25,service-9,service-10,cross-AZ,599.46,5.99
2026-06-25,service-10,service-11,cross-region,1407.49,28.15
2026-06-25,service-11,service-12,internet-egress,2120.91,95.44
2026-06-25,service-12,service-1,VPC-peering,1898.81,18.99
2026-06-25,service-1,service-2,cross-AZ,1836.49,18.36
2026-06-25,service-2,service-3,cross-region,778.32,15.57
2026-06-25,service-3,service-4,internet-egress,154.04,6.93
2026-06-25,service-4,service-5,VPC-peering,488.2,4.88
2026-06-25,service-5,service-6,cross-AZ,938.74,9.39
2026-06-25,service-6,service-7,cross-region,2432.04,48.64
2026-06-25,service-7,service-8,internet-egress,2307.47,103.84
2026-06-25,service-8,service-9,VPC-peering,581.55,5.82
2026-06-26,service-1,service-2,cross-AZ,1841.49,18.41
2026-06-26,service-2,service-3,cross-region,1489.64,29.79
2026-06-26,service-3,service-4,internet-egress,219.62,9.88
2026-06-26,service-4,service-5,VPC-peering,992.09,9.92
2026-06-26,service-5,service-6,cross-AZ,1266.58,12.67
2026-06-26,service-6,service-7,cross-region,1702.18,34.04
2026-06-26,service-7,service-8,internet-egress,807.77,36.35
2026-06-26,service-8,service-9,VPC-peering,2341.16,23.41
2026-06-26,service-9,service-10,cross-AZ,1184.51,11.85
2026-06-26,service-10,service-11,cross-region,696.47,13.93
2026-06-26,service-11,service-12,internet-egress,859.43,38.67
2026-06-26,service-12,service-1,VPC-peering,1904.53,19.05
2026-06-26,service-1,service-2,cross-AZ,1636.68,16.37
2026-06-26,service-2,service-3,cross-region,1881.23,37.62
2026-06-26,service-3,service-4,internet-egress,801.62,36.07
2026-06-26,service-4,service-5,VPC-peering,884.44,8.84
2026-06-26,service-5,service-6,cross-AZ,1052.13,10.52
2026-06-26,service-6,service-7,cross-region,552.62,11.05
2026-06-26,service-7,service-8,internet-egress,1758.51,79.13
2026-06-26,service-8,service-9,VPC-peering,890.44,8.9
2026-06-27,service-1,service-2,cross-AZ,882.97,8.83
2026-06-27,service-2,service-3,cross-region,746.48,14.93
2026-06-27,service-3,service-4,internet-egress,1186.79,53.41
2026-06-27,service-4,service-5,VPC-peering,1952.74,19.53
2026-06-27,service-5,service-6,cross-AZ,2105.46,21.05
2026-06-27,service-6,service-7,cross-region,2030.82,40.62
2026-06-27,service-7,service-8,internet-egress,1590.86,71.59
2026-06-27,service-8,service-9,VPC-peering,773.03,7.73
2026-06-27,service-9,service-10,cross-AZ,1863.65,18.64
2026-06-27,service-10,service-11,cross-region,194.47,3.89
2026-06-27,service-11,service-12,internet-egress,2015.57,90.7
2026-06-27,service-12,service-1,VPC-peering,1972.55,19.73
2026-06-27,service-1,service-2,cross-AZ,1708.0,17.08
2026-06-27,service-2,service-3,cross-region,335.02,6.7
2026-06-27,service-3,service-4,internet-egress,2493.62,112.21
2026-06-27,service-4,service-5,VPC-peering,1915.38,19.15
2026-06-27,service-5,service-6,cross-AZ,1863.54,18.64
2026-06-27,service-6,service-7,cross-region,253.62,5.07
2026-06-27,service-7,service-8,internet-egress,1056.89,47.56
2026-06-27,service-8,service-9,VPC-peering,306.82,3.07
2026-06-28,service-1,service-2,cross-AZ,966.49,9.66
2026-06-28,service-2,service-3,cross-region,1469.17,29.38
2026-06-28,service-3,service-4,internet-egress,2209.29,99.42
2026-06-28,service-4,service-5,VPC-peering,779.05,7.79
2026-06-28,service-5,service-6,cross-AZ,1596.2,15.96
2026-06-28,service-6,service-7,cross-region,495.16,9.9
2026-06-28,service-7,service-8,internet-egress,949.51,42.73
2026-06-28,service-8,service-9,VPC-peering,2373.37,23.73
2026-06-28,service-9,service-10,cross-AZ,1894.34,18.94
2026-06-28,service-10,service-11,cross-region,1409.93,28.2
2026-06-28,service-11,service-12,internet-egress,704.07,31.68
2026-06-28,service-12,service-1,VPC-peering,1011.29,10.11
2026-06-28,service-1,service-2,cross-AZ,476.06,4.76
2026-06-28,service-2,service-3,cross-region,948.32,18.97
2026-06-28,service-3,service-4,internet-egress,461.52,20.77
2026-06-28,service-4,service-5,VPC-peering,2008.74,20.09
2026-06-28,service-5,service-6,cross-AZ,293.82,2.94
2026-06-28,service-6,service-7,cross-region,554.57,11.09
2026-06-28,service-7,service-8,internet-egress,1758.8,79.15
2026-06-28,service-8,service-9,VPC-peering,2266.04,22.66
2026-06-29,service-1,service-2,cross-AZ,2415.02,24.15
2026-06-29,service-2,service-3,cross-region,2106.46,42.13
2026-06-29,service-3,service-4,internet-egress,607.53,27.34
2026-06-29,service-4,service-5,VPC-peering,785.71,7.86
2026-06-29,service-5,service-6,cross-AZ,2189.81,21.9
2026-06-29,service-6,service-7,cross-region,2234.4,44.69
2026-06-29,service-7,service-8,internet-egress,1637.57,73.69
2026-06-29,service-8,service-9,VPC-peering,852.74,8.53
2026-06-29,service-9,service-10,cross-AZ,637.74,6.38
2026-06-29,service-10,service-11,cross-region,2145.48,42.91
2026-06-29,service-11,service-12,internet-egress,592.61,26.67
2026-06-29,service-12,service-1,VPC-peering,1688.33,16.88
2026-06-29,service-1,service-2,cross-AZ,2423.09,24.23
2026-06-29,service-2,service-3,cross-region,1792.7,35.85
2026-06-29,service-3,service-4,internet-egress,718.41,32.33
2026-06-29,service-4,service-5,VPC-peering,778.01,7.78
2026-06-29,service-5,service-6,cross-AZ,322.95,3.23
2026-06-29,service-6,service-7,cross-region,1746.97,34.94
2026-06-29,service-7,service-8,internet-egress,1344.25,60.49
2026-06-29,service-8,service-9,VPC-peering,595.53,5.96
