instance_id,type,avg_cpu,max_cpu,avg_mem,hours_running,month,environment,team
i-0001,m5.xlarge,16.68,24.48,25.18,720,2026-01,production,lending-backend
i-0001,m5.xlarge,18.82,27.27,30.27,720,2026-02,production,lending-backend
i-0001,m5.xlarge,13.4,21.0,29.55,720,2026-03,production,lending-backend
i-0001,m5.xlarge,9.85,35.79,13.97,720,2026-04,production,lending-backend
i-0001,m5.xlarge,18.42,27.29,17.21,720,2026-05,production,lending-backend
i-0001,m5.xlarge,9.42,43.65,28.37,720,2026-06,production,lending-backend
i-0002,m5.large,16.16,32.49,22.92,720,2026-01,staging,platform-infra
i-0002,m5.large,9.21,34.0,17.68,720,2026-02,staging,platform-infra
i-0002,m5.large,18.75,39.91,21.5,720,2026-03,staging,platform-infra
i-0002,m5.large,9.66,39.63,14.81,720,2026-04,staging,platform-infra
i-0002,m5.large,10.08,25.29,24.81,720,2026-05,staging,platform-infra
i-0002,m5.large,16.66,27.86,13.95,720,2026-06,staging,platform-infra
i-0003,m5.2xlarge,13.11,38.7,17.1,720,2026-01,development,data-engineering
i-0003,m5.2xlarge,10.42,43.68,33.95,720,2026-02,development,data-engineering
i-0003,m5.2xlarge,18.9,40.19,16.33,720,2026-03,development,data-engineering
i-0003,m5.2xlarge,10.33,28.51,19.32,720,2026-04,development,data-engineering
i-0003,m5.2xlarge,18.52,39.73,28.65,720,2026-05,development,data-engineering
i-0003,m5.2xlarge,10.05,42.74,31.04,720,2026-06,development,data-engineering
i-0004,r5.xlarge,9.8,41.78,18.26,720,2026-01,sandbox,payments
i-0004,r5.xlarge,8.89,36.42,27.04,720,2026-02,sandbox,payments
i-0004,r5.xlarge,9.04,27.97,34.83,720,2026-03,sandbox,payments
i-0004,r5.xlarge,15.46,38.25,16.9,720,2026-04,sandbox,payments
i-0004,r5.xlarge,8.87,26.92,17.72,720,2026-05,sandbox,payments
i-0004,r5.xlarge,10.58,24.82,25.22,720,2026-06,sandbox,payments
i-0005,r5.2xlarge,11.61,40.51,16.23,720,2026-01,production,risk-engineering
i-0005,r5.2xlarge,13.11,20.34,23.08,720,2026-02,production,risk-engineering
i-0005,r5.2xlarge,8.61,44.44,30.18,720,2026-03,production,risk-engineering
i-0005,r5.2xlarge,13.39,22.16,25.63,720,2026-04,production,risk-engineering
i-0005,r5.2xlarge,16.35,24.77,25.07,720,2026-05,production,risk-engineering
i-0005,r5.2xlarge,16.96,39.21,30.47,720,2026-06,production,risk-engineering
i-0006,c5.xlarge,17.67,43.44,21.33,720,2026-01,staging,product-engineering
i-0006,c5.xlarge,14.26,39.77,28.03,720,2026-02,staging,product-engineering
i-0006,c5.xlarge,18.95,20.34,20.17,720,2026-03,staging,product-engineering
i-0006,c5.xlarge,11.09,26.56,17.12,720,2026-04,staging,product-engineering
i-0006,c5.xlarge,15.8,22.12,29.06,720,2026-05,staging,product-engineering
i-0006,c5.xlarge,15.63,26.27,17.82,720,2026-06,staging,product-engineering
i-0007,c5.2xlarge,14.92,39.05,32.16,720,2026-01,development,lending-backend
i-0007,c5.2xlarge,17.37,44.12,25.37,720,2026-02,development,lending-backend
i-0007,c5.2xlarge,18.0,40.21,32.58,720,2026-03,development,lending-backend
i-0007,c5.2xlarge,8.13,44.15,22.89,720,2026-04,development,lending-backend
i-0007,c5.2xlarge,16.78,23.18,21.11,720,2026-05,development,lending-backend
i-0007,c5.2xlarge,10.99,27.29,14.83,720,2026-06,development,lending-backend
i-0008,t3.large,16.86,20.23,19.19,720,2026-01,sandbox,platform-infra
i-0008,t3.large,9.92,34.73,17.85,720,2026-02,sandbox,platform-infra
i-0008,t3.large,10.85,32.21,27.01,720,2026-03,sandbox,platform-infra
i-0008,t3.large,9.33,24.39,17.69,720,2026-04,sandbox,platform-infra
i-0008,t3.large,18.71,29.93,25.78,720,2026-05,sandbox,platform-infra
i-0008,t3.large,10.66,32.26,13.7,720,2026-06,sandbox,platform-infra
i-0009,m5.xlarge,8.38,31.72,21.17,720,2026-01,production,data-engineering
i-0009,m5.xlarge,9.51,37.19,34.84,720,2026-02,production,data-engineering
i-0009,m5.xlarge,12.35,35.61,34.15,720,2026-03,production,data-engineering
i-0009,m5.xlarge,17.15,31.59,28.96,720,2026-04,production,data-engineering
i-0009,m5.xlarge,9.41,32.8,18.42,720,2026-05,production,data-engineering
i-0009,m5.xlarge,9.77,30.66,15.01,720,2026-06,production,data-engineering
i-0010,m5.large,15.69,31.41,24.22,720,2026-01,staging,payments
i-0010,m5.large,9.61,23.49,25.42,720,2026-02,staging,payments
i-0010,m5.large,18.84,22.41,18.57,720,2026-03,staging,payments
i-0010,m5.large,17.56,21.81,32.15,720,2026-04,staging,payments
i-0010,m5.large,13.77,30.21,19.12,720,2026-05,staging,payments
i-0010,m5.large,11.27,27.65,32.35,720,2026-06,staging,payments
i-0011,m5.2xlarge,15.96,36.74,30.37,720,2026-01,development,risk-engineering
i-0011,m5.2xlarge,10.83,35.45,22.58,720,2026-02,development,risk-engineering
i-0011,m5.2xlarge,16.61,27.73,26.79,720,2026-03,development,risk-engineering
i-0011,m5.2xlarge,17.7,30.05,13.53,720,2026-04,development,risk-engineering
i-0011,m5.2xlarge,13.68,28.65,27.46,720,2026-05,development,risk-engineering
i-0011,m5.2xlarge,18.46,32.14,22.72,720,2026-06,development,risk-engineering
i-0012,r5.xlarge,15.2,22.59,17.83,720,2026-01,sandbox,product-engineering
i-0012,r5.xlarge,18.11,36.75,12.31,720,2026-02,sandbox,product-engineering
i-0012,r5.xlarge,10.25,37.07,29.58,720,2026-03,sandbox,product-engineering
i-0012,r5.xlarge,17.24,27.3,33.41,720,2026-04,sandbox,product-engineering
i-0012,r5.xlarge,14.08,37.41,25.72,720,2026-05,sandbox,product-engineering
i-0012,r5.xlarge,9.35,44.08,14.83,720,2026-06,sandbox,product-engineering
i-0013,r5.2xlarge,10.8,40.34,26.23,720,2026-01,production,lending-backend
i-0013,r5.2xlarge,17.22,32.89,20.67,720,2026-02,production,lending-backend
i-0013,r5.2xlarge,18.14,20.91,31.69,720,2026-03,production,lending-backend
i-0013,r5.2xlarge,10.54,41.22,15.2,720,2026-04,production,lending-backend
i-0013,r5.2xlarge,14.38,42.2,22.89,720,2026-05,production,lending-backend
i-0013,r5.2xlarge,16.21,40.12,28.94,720,2026-06,production,lending-backend
i-0014,c5.xlarge,18.18,31.17,15.98,720,2026-01,staging,platform-infra
i-0014,c5.xlarge,8.53,26.16,15.29,720,2026-02,staging,platform-infra
i-0014,c5.xlarge,14.14,24.62,12.9,720,2026-03,staging,platform-infra
i-0014,c5.xlarge,8.4,40.79,25.6,720,2026-04,staging,platform-infra
i-0014,c5.xlarge,11.94,42.36,13.61,720,2026-05,staging,platform-infra
i-0014,c5.xlarge,18.78,35.41,16.22,720,2026-06,staging,platform-infra
i-0015,c5.2xlarge,15.47,39.08,21.87,720,2026-01,development,data-engineering
i-0015,c5.2xlarge,17.48,23.77,18.41,720,2026-02,development,data-engineering
i-0015,c5.2xlarge,9.03,25.27,17.49,720,2026-03,development,data-engineering
i-0015,c5.2xlarge,18.09,21.95,21.83,720,2026-04,development,data-engineering
i-0015,c5.2xlarge,13.86,42.47,34.95,720,2026-05,development,data-engineering
i-0015,c5.2xlarge,16.29,44.27,30.1,720,2026-06,development,data-engineering
i-0016,t3.large,18.6,37.68,13.83,720,2026-01,sandbox,payments
i-0016,t3.large,12.42,36.16,20.07,720,2026-02,sandbox,payments
i-0016,t3.large,11.01,34.43,33.47,720,2026-03,sandbox,payments
i-0016,t3.large,8.38,39.23,28.62,720,2026-04,sandbox,payments
i-0016,t3.large,18.6,43.27,29.53,720,2026-05,sandbox,payments
i-0016,t3.large,13.72,25.11,24.54,720,2026-06,sandbox,payments
i-0017,m5.xlarge,16.42,42.39,30.16,720,2026-01,production,risk-engineering
i-0017,m5.xlarge,10.15,34.99,19.64,720,2026-02,production,risk-engineering
i-0017,m5.xlarge,8.1,25.01,14.6,720,2026-03,production,risk-engineering
i-0017,m5.xlarge,17.27,26.46,18.55,720,2026-04,production,risk-engineering
i-0017,m5.xlarge,18.56,29.48,12.22,720,2026-05,production,risk-engineering
i-0017,m5.xlarge,11.12,22.98,14.36,720,2026-06,production,risk-engineering
i-0018,m5.large,8.85,34.83,16.35,720,2026-01,staging,product-engineering
i-0018,m5.large,11.97,41.55,21.76,720,2026-02,staging,product-engineering
i-0018,m5.large,18.07,32.45,21.17,720,2026-03,staging,product-engineering
i-0018,m5.large,16.25,21.83,14.06,720,2026-04,staging,product-engineering
i-0018,m5.large,15.17,32.17,30.18,720,2026-05,staging,product-engineering
i-0018,m5.large,18.08,29.71,25.72,720,2026-06,staging,product-engineering
i-0019,m5.2xlarge,13.51,44.54,31.11,720,2026-01,development,lending-backend
i-0019,m5.2xlarge,18.03,26.36,29.77,720,2026-02,development,lending-backend
i-0019,m5.2xlarge,10.92,25.22,33.72,720,2026-03,development,lending-backend
i-0019,m5.2xlarge,8.21,44.13,15.43,720,2026-04,development,lending-backend
i-0019,m5.2xlarge,17.01,26.9,20.07,720,2026-05,development,lending-backend
i-0019,m5.2xlarge,10.38,34.64,20.01,720,2026-06,development,lending-backend
i-0020,r5.xlarge,15.23,20.39,13.48,720,2026-01,sandbox,platform-infra
i-0020,r5.xlarge,9.1,30.47,30.74,720,2026-02,sandbox,platform-infra
i-0020,r5.xlarge,17.77,26.12,25.21,720,2026-03,sandbox,platform-infra
i-0020,r5.xlarge,16.45,27.22,21.41,720,2026-04,sandbox,platform-infra
i-0020,r5.xlarge,13.76,23.37,12.6,720,2026-05,sandbox,platform-infra
i-0020,r5.xlarge,9.68,35.67,13.69,720,2026-06,sandbox,platform-infra
i-0021,r5.2xlarge,10.09,28.45,13.79,720,2026-01,production,data-engineering
i-0021,r5.2xlarge,10.11,42.78,12.44,720,2026-02,production,data-engineering
i-0021,r5.2xlarge,15.19,29.61,27.47,720,2026-03,production,data-engineering
i-0021,r5.2xlarge,14.48,25.59,31.49,720,2026-04,production,data-engineering
i-0021,r5.2xlarge,13.41,40.56,21.34,720,2026-05,production,data-engineering
i-0021,r5.2xlarge,18.83,39.26,34.22,720,2026-06,production,data-engineering
i-0022,c5.xlarge,13.66,31.84,29.38,720,2026-01,staging,payments
i-0022,c5.xlarge,17.68,44.1,19.46,720,2026-02,staging,payments
i-0022,c5.xlarge,16.79,25.27,24.55,720,2026-03,staging,payments
i-0022,c5.xlarge,9.98,28.68,33.42,720,2026-04,staging,payments
i-0022,c5.xlarge,9.61,35.81,25.64,720,2026-05,staging,payments
i-0022,c5.xlarge,9.33,28.15,24.95,720,2026-06,staging,payments
i-0023,c5.2xlarge,10.06,40.02,34.36,720,2026-01,development,risk-engineering
i-0023,c5.2xlarge,10.36,24.67,22.46,720,2026-02,development,risk-engineering
i-0023,c5.2xlarge,16.23,27.04,12.46,720,2026-03,development,risk-engineering
i-0023,c5.2xlarge,13.95,43.92,21.0,720,2026-04,development,risk-engineering
i-0023,c5.2xlarge,12.62,44.22,27.98,720,2026-05,development,risk-engineering
i-0023,c5.2xlarge,15.91,34.07,34.42,720,2026-06,development,risk-engineering
i-0024,t3.large,15.58,42.38,28.09,720,2026-01,sandbox,product-engineering
i-0024,t3.large,16.09,27.26,18.98,720,2026-02,sandbox,product-engineering
i-0024,t3.large,16.61,27.42,24.94,720,2026-03,sandbox,product-engineering
i-0024,t3.large,10.74,40.42,14.54,720,2026-04,sandbox,product-engineering
i-0024,t3.large,17.12,35.07,16.3,720,2026-05,sandbox,product-engineering
i-0024,t3.large,13.96,27.06,19.44,720,2026-06,sandbox,product-engineering
i-0025,m5.xlarge,11.87,21.58,34.68,720,2026-01,production,lending-backend
i-0025,m5.xlarge,8.35,36.56,20.54,720,2026-02,production,lending-backend
i-0025,m5.xlarge,15.11,28.91,27.5,720,2026-03,production,lending-backend
i-0025,m5.xlarge,16.02,37.26,14.62,720,2026-04,production,lending-backend
i-0025,m5.xlarge,15.23,27.0,12.66,720,2026-05,production,lending-backend
i-0025,m5.xlarge,12.56,30.84,22.75,720,2026-06,production,lending-backend
i-0026,m5.large,15.75,27.72,19.25,720,2026-01,staging,platform-infra
i-0026,m5.large,8.67,37.17,25.06,720,2026-02,staging,platform-infra
i-0026,m5.large,11.84,37.63,24.36,720,2026-03,staging,platform-infra
i-0026,m5.large,13.16,32.78,26.64,720,2026-04,staging,platform-infra
i-0026,m5.large,15.26,27.22,15.24,720,2026-05,staging,platform-infra
i-0026,m5.large,9.72,35.98,32.08,720,2026-06,staging,platform-infra
i-0027,m5.2xlarge,12.5,24.24,29.4,720,2026-01,development,data-engineering
i-0027,m5.2xlarge,17.16,42.01,25.96,720,2026-02,development,data-engineering
i-0027,m5.2xlarge,17.47,20.39,14.47,720,2026-03,development,data-engineering
i-0027,m5.2xlarge,9.02,37.82,13.6,720,2026-04,development,data-engineering
i-0027,m5.2xlarge,13.46,31.82,19.15,720,2026-05,development,data-engineering
i-0027,m5.2xlarge,17.57,24.26,20.11,720,2026-06,development,data-engineering
i-0028,r5.xlarge,16.52,20.76,27.48,720,2026-01,sandbox,payments
i-0028,r5.xlarge,16.98,43.31,32.15,720,2026-02,sandbox,payments
i-0028,r5.xlarge,11.51,34.66,13.78,720,2026-03,sandbox,payments
i-0028,r5.xlarge,10.84,22.36,19.25,720,2026-04,sandbox,payments
i-0028,r5.xlarge,17.63,28.68,24.92,720,2026-05,sandbox,payments
i-0028,r5.xlarge,12.77,31.47,34.3,720,2026-06,sandbox,payments
i-0029,r5.2xlarge,11.26,35.68,21.66,720,2026-01,production,risk-engineering
i-0029,r5.2xlarge,8.67,32.23,30.71,720,2026-02,production,risk-engineering
i-0029,r5.2xlarge,9.09,21.74,15.53,720,2026-03,production,risk-engineering
i-0029,r5.2xlarge,16.41,38.1,25.0,720,2026-04,production,risk-engineering
i-0029,r5.2xlarge,13.15,42.21,29.63,720,2026-05,production,risk-engineering
i-0029,r5.2xlarge,16.93,40.33,26.78,720,2026-06,production,risk-engineering
i-0030,c5.xlarge,13.04,41.62,33.3,720,2026-01,staging,product-engineering
i-0030,c5.xlarge,8.26,21.29,34.05,720,2026-02,staging,product-engineering
i-0030,c5.xlarge,11.05,41.83,20.94,720,2026-03,staging,product-engineering
i-0030,c5.xlarge,9.31,22.01,15.6,720,2026-04,staging,product-engineering
i-0030,c5.xlarge,10.75,32.21,28.13,720,2026-05,staging,product-engineering
i-0030,c5.xlarge,18.85,31.04,23.92,720,2026-06,staging,product-engineering
i-0031,c5.2xlarge,13.74,33.49,23.91,720,2026-01,development,lending-backend
i-0031,c5.2xlarge,8.1,20.04,14.25,720,2026-02,development,lending-backend
i-0031,c5.2xlarge,9.12,37.62,16.71,720,2026-03,development,lending-backend
i-0031,c5.2xlarge,17.84,43.22,34.45,720,2026-04,development,lending-backend
i-0031,c5.2xlarge,18.33,26.8,23.72,720,2026-05,development,lending-backend
i-0031,c5.2xlarge,9.93,40.16,32.43,720,2026-06,development,lending-backend
i-0032,t3.large,17.36,30.83,29.45,720,2026-01,sandbox,platform-infra
i-0032,t3.large,9.07,21.01,29.32,720,2026-02,sandbox,platform-infra
i-0032,t3.large,12.68,44.89,14.24,720,2026-03,sandbox,platform-infra
i-0032,t3.large,17.41,32.0,31.02,720,2026-04,sandbox,platform-infra
i-0032,t3.large,16.99,42.9,18.85,720,2026-05,sandbox,platform-infra
i-0032,t3.large,18.45,23.79,13.89,720,2026-06,sandbox,platform-infra
i-0033,m5.xlarge,12.75,40.71,22.89,720,2026-01,production,data-engineering
i-0033,m5.xlarge,17.12,38.24,16.82,720,2026-02,production,data-engineering
i-0033,m5.xlarge,18.44,21.52,32.66,720,2026-03,production,data-engineering
i-0033,m5.xlarge,11.35,32.5,21.71,720,2026-04,production,data-engineering
i-0033,m5.xlarge,9.89,28.95,16.44,720,2026-05,production,data-engineering
i-0033,m5.xlarge,10.24,24.68,23.25,720,2026-06,production,data-engineering
i-0034,m5.large,16.78,34.22,32.54,720,2026-01,staging,payments
i-0034,m5.large,15.0,37.23,27.35,720,2026-02,staging,payments
i-0034,m5.large,12.94,37.23,13.6,720,2026-03,staging,payments
i-0034,m5.large,17.46,39.45,17.64,720,2026-04,staging,payments
i-0034,m5.large,16.45,20.32,17.0,720,2026-05,staging,payments
i-0034,m5.large,8.72,39.51,29.39,720,2026-06,staging,payments
i-0035,m5.2xlarge,16.95,20.11,23.53,720,2026-01,development,risk-engineering
i-0035,m5.2xlarge,15.75,23.89,26.95,720,2026-02,development,risk-engineering
i-0035,m5.2xlarge,8.93,24.53,22.94,720,2026-03,development,risk-engineering
i-0035,m5.2xlarge,15.19,23.65,16.26,720,2026-04,development,risk-engineering
i-0035,m5.2xlarge,10.25,25.97,17.21,720,2026-05,development,risk-engineering
i-0035,m5.2xlarge,12.35,36.34,22.07,720,2026-06,development,risk-engineering
i-0036,r5.xlarge,16.54,37.98,14.91,720,2026-01,sandbox,product-engineering
i-0036,r5.xlarge,8.54,41.95,13.84,720,2026-02,sandbox,product-engineering
i-0036,r5.xlarge,9.63,20.55,26.45,720,2026-03,sandbox,product-engineering
i-0036,r5.xlarge,14.41,44.67,32.4,720,2026-04,sandbox,product-engineering
i-0036,r5.xlarge,12.52,29.29,18.83,720,2026-05,sandbox,product-engineering
i-0036,r5.xlarge,9.68,23.45,15.04,720,2026-06,sandbox,product-engineering
i-0037,r5.2xlarge,9.26,26.01,19.05,720,2026-01,production,lending-backend
i-0037,r5.2xlarge,18.58,34.46,34.71,720,2026-02,production,lending-backend
i-0037,r5.2xlarge,12.1,31.44,19.47,720,2026-03,production,lending-backend
i-0037,r5.2xlarge,10.01,23.58,33.74,720,2026-04,production,lending-backend
i-0037,r5.2xlarge,18.85,21.12,15.46,720,2026-05,production,lending-backend
i-0037,r5.2xlarge,12.66,24.66,20.37,720,2026-06,production,lending-backend
i-0038,c5.xlarge,9.42,31.41,18.25,720,2026-01,staging,platform-infra
i-0038,c5.xlarge,11.87,22.36,21.85,720,2026-02,staging,platform-infra
i-0038,c5.xlarge,18.82,28.22,32.16,720,2026-03,staging,platform-infra
i-0038,c5.xlarge,17.28,43.8,30.17,720,2026-04,staging,platform-infra
i-0038,c5.xlarge,15.26,41.41,13.74,720,2026-05,staging,platform-infra
i-0038,c5.xlarge,13.09,44.73,29.7,720,2026-06,staging,platform-infra
i-0039,c5.2xlarge,18.58,39.49,32.12,720,2026-01,development,data-engineering
i-0039,c5.2xlarge,15.77,39.01,24.03,720,2026-02,development,data-engineering
i-0039,c5.2xlarge,18.17,40.63,31.41,720,2026-03,development,data-engineering
i-0039,c5.2xlarge,15.4,27.61,12.82,720,2026-04,development,data-engineering
i-0039,c5.2xlarge,18.29,34.65,18.86,720,2026-05,development,data-engineering
i-0039,c5.2xlarge,9.64,40.74,31.24,720,2026-06,development,data-engineering
i-0040,t3.large,16.96,36.13,20.42,720,2026-01,sandbox,payments
i-0040,t3.large,11.34,20.21,31.17,720,2026-02,sandbox,payments
i-0040,t3.large,8.96,35.77,23.59,720,2026-03,sandbox,payments
i-0040,t3.large,13.79,43.17,12.73,720,2026-04,sandbox,payments
i-0040,t3.large,16.51,21.3,12.88,720,2026-05,sandbox,payments
i-0040,t3.large,12.73,21.58,30.15,720,2026-06,sandbox,payments
i-0041,m5.xlarge,13.83,20.73,12.93,720,2026-01,production,risk-engineering
i-0041,m5.xlarge,14.74,40.15,22.07,720,2026-02,production,risk-engineering
i-0041,m5.xlarge,14.1,40.0,26.04,720,2026-03,production,risk-engineering
i-0041,m5.xlarge,10.47,35.33,26.45,720,2026-04,production,risk-engineering
i-0041,m5.xlarge,16.08,35.52,34.29,720,2026-05,production,risk-engineering
i-0041,m5.xlarge,10.17,43.78,24.38,720,2026-06,production,risk-engineering
i-0042,m5.large,15.39,22.49,20.75,720,2026-01,staging,product-engineering
i-0042,m5.large,16.46,37.67,12.92,720,2026-02,staging,product-engineering
i-0042,m5.large,14.01,22.21,34.9,720,2026-03,staging,product-engineering
i-0042,m5.large,17.87,20.53,31.75,720,2026-04,staging,product-engineering
i-0042,m5.large,18.11,28.84,28.55,720,2026-05,staging,product-engineering
i-0042,m5.large,12.86,36.38,19.83,720,2026-06,staging,product-engineering
i-0043,m5.2xlarge,11.55,30.61,15.35,720,2026-01,development,lending-backend
i-0043,m5.2xlarge,17.14,28.72,21.2,720,2026-02,development,lending-backend
i-0043,m5.2xlarge,17.83,32.42,24.52,720,2026-03,development,lending-backend
i-0043,m5.2xlarge,18.52,42.17,15.9,720,2026-04,development,lending-backend
i-0043,m5.2xlarge,13.21,44.28,20.56,720,2026-05,development,lending-backend
i-0043,m5.2xlarge,12.09,24.88,14.63,720,2026-06,development,lending-backend
i-0044,r5.xlarge,16.14,39.25,34.29,720,2026-01,sandbox,platform-infra
i-0044,r5.xlarge,16.51,26.08,12.92,720,2026-02,sandbox,platform-infra
i-0044,r5.xlarge,18.84,28.51,19.18,720,2026-03,sandbox,platform-infra
i-0044,r5.xlarge,17.97,34.63,16.94,720,2026-04,sandbox,platform-infra
i-0044,r5.xlarge,17.78,44.83,13.99,720,2026-05,sandbox,platform-infra
i-0044,r5.xlarge,17.48,29.76,24.05,720,2026-06,sandbox,platform-infra
i-0045,r5.2xlarge,18.06,44.33,18.03,720,2026-01,production,data-engineering
i-0045,r5.2xlarge,10.34,22.01,24.92,720,2026-02,production,data-engineering
i-0045,r5.2xlarge,8.15,30.3,13.69,720,2026-03,production,data-engineering
i-0045,r5.2xlarge,12.46,21.0,31.21,720,2026-04,production,data-engineering
i-0045,r5.2xlarge,10.31,28.21,32.01,720,2026-05,production,data-engineering
i-0045,r5.2xlarge,16.21,25.48,13.65,720,2026-06,production,data-engineering
i-0046,c5.xlarge,15.87,29.77,29.62,720,2026-01,staging,payments
i-0046,c5.xlarge,12.9,28.65,22.38,720,2026-02,staging,payments
i-0046,c5.xlarge,16.23,42.56,13.14,720,2026-03,staging,payments
i-0046,c5.xlarge,13.77,20.82,22.77,720,2026-04,staging,payments
i-0046,c5.xlarge,17.74,29.04,33.45,720,2026-05,staging,payments
i-0046,c5.xlarge,14.94,43.35,29.41,720,2026-06,staging,payments
i-0047,c5.2xlarge,9.14,25.78,21.07,720,2026-01,development,risk-engineering
i-0047,c5.2xlarge,9.87,32.37,22.84,720,2026-02,development,risk-engineering
i-0047,c5.2xlarge,18.52,30.84,30.07,720,2026-03,development,risk-engineering
i-0047,c5.2xlarge,18.36,41.92,16.8,720,2026-04,development,risk-engineering
i-0047,c5.2xlarge,13.46,28.69,21.2,720,2026-05,development,risk-engineering
i-0047,c5.2xlarge,11.97,40.66,22.4,720,2026-06,development,risk-engineering
i-0048,t3.large,13.76,44.56,13.38,720,2026-01,sandbox,product-engineering
i-0048,t3.large,13.37,39.35,15.48,720,2026-02,sandbox,product-engineering
i-0048,t3.large,14.73,25.99,31.95,720,2026-03,sandbox,product-engineering
i-0048,t3.large,11.6,28.23,25.76,720,2026-04,sandbox,product-engineering
i-0048,t3.large,10.02,27.12,21.58,720,2026-05,sandbox,product-engineering
i-0048,t3.large,11.89,33.12,25.79,720,2026-06,sandbox,product-engineering
i-0049,m5.xlarge,14.23,36.35,19.08,720,2026-01,production,lending-backend
i-0049,m5.xlarge,9.39,39.02,31.57,720,2026-02,production,lending-backend
i-0049,m5.xlarge,10.83,30.18,23.47,720,2026-03,production,lending-backend
i-0049,m5.xlarge,13.87,36.49,12.96,720,2026-04,production,lending-backend
i-0049,m5.xlarge,15.94,21.55,22.77,720,2026-05,production,lending-backend
i-0049,m5.xlarge,17.1,31.28,15.43,720,2026-06,production,lending-backend
i-0050,m5.large,18.84,42.23,29.74,720,2026-01,staging,platform-infra
i-0050,m5.large,12.53,24.6,33.65,720,2026-02,staging,platform-infra
i-0050,m5.large,13.86,41.31,19.87,720,2026-03,staging,platform-infra
i-0050,m5.large,11.69,44.64,24.0,720,2026-04,staging,platform-infra
i-0050,m5.large,9.55,25.49,23.08,720,2026-05,staging,platform-infra
i-0050,m5.large,8.47,31.56,21.64,720,2026-06,staging,platform-infra
i-0051,m5.2xlarge,16.57,28.87,34.6,720,2026-01,development,data-engineering
i-0051,m5.2xlarge,9.99,34.77,14.06,720,2026-02,development,data-engineering
i-0051,m5.2xlarge,16.07,44.87,30.84,720,2026-03,development,data-engineering
i-0051,m5.2xlarge,14.11,32.12,31.21,720,2026-04,development,data-engineering
i-0051,m5.2xlarge,18.3,44.73,21.12,720,2026-05,development,data-engineering
i-0051,m5.2xlarge,18.9,23.9,17.83,720,2026-06,development,data-engineering
i-0052,r5.xlarge,8.98,26.79,29.66,720,2026-01,sandbox,payments
i-0052,r5.xlarge,17.38,39.47,26.51,720,2026-02,sandbox,payments
i-0052,r5.xlarge,13.65,37.72,20.99,720,2026-03,sandbox,payments
i-0052,r5.xlarge,17.25,36.93,28.05,720,2026-04,sandbox,payments
i-0052,r5.xlarge,13.9,42.13,17.8,720,2026-05,sandbox,payments
i-0052,r5.xlarge,12.19,39.44,23.33,720,2026-06,sandbox,payments
i-0053,r5.2xlarge,17.78,28.66,20.49,720,2026-01,production,risk-engineering
i-0053,r5.2xlarge,17.78,31.61,23.87,720,2026-02,production,risk-engineering
i-0053,r5.2xlarge,11.66,26.92,27.09,720,2026-03,production,risk-engineering
i-0053,r5.2xlarge,9.32,41.98,29.92,720,2026-04,production,risk-engineering
i-0053,r5.2xlarge,10.1,37.35,25.86,720,2026-05,production,risk-engineering
i-0053,r5.2xlarge,10.03,26.83,21.41,720,2026-06,production,risk-engineering
i-0054,c5.xlarge,15.69,35.97,24.24,720,2026-01,staging,product-engineering
i-0054,c5.xlarge,16.45,38.95,26.21,720,2026-02,staging,product-engineering
i-0054,c5.xlarge,16.66,28.36,32.27,720,2026-03,staging,product-engineering
i-0054,c5.xlarge,14.76,40.56,24.56,720,2026-04,staging,product-engineering
i-0054,c5.xlarge,10.4,33.56,20.54,720,2026-05,staging,product-engineering
i-0054,c5.xlarge,15.67,31.89,31.23,720,2026-06,staging,product-engineering
i-0055,c5.2xlarge,15.46,37.11,16.99,720,2026-01,development,lending-backend
i-0055,c5.2xlarge,18.83,41.04,30.15,720,2026-02,development,lending-backend
i-0055,c5.2xlarge,11.63,33.39,15.15,720,2026-03,development,lending-backend
i-0055,c5.2xlarge,13.92,23.65,24.72,720,2026-04,development,lending-backend
i-0055,c5.2xlarge,15.14,29.75,23.47,720,2026-05,development,lending-backend
i-0055,c5.2xlarge,17.63,22.71,30.21,720,2026-06,development,lending-backend
i-0056,t3.large,9.88,20.92,16.27,720,2026-01,sandbox,platform-infra
i-0056,t3.large,16.42,30.13,32.07,720,2026-02,sandbox,platform-infra
i-0056,t3.large,13.77,20.56,28.48,720,2026-03,sandbox,platform-infra
i-0056,t3.large,9.21,39.73,15.87,720,2026-04,sandbox,platform-infra
i-0056,t3.large,11.8,39.03,33.95,720,2026-05,sandbox,platform-infra
i-0056,t3.large,12.09,40.74,16.39,720,2026-06,sandbox,platform-infra
i-0057,m5.xlarge,16.88,36.44,16.43,720,2026-01,production,data-engineering
i-0057,m5.xlarge,11.33,23.29,20.81,720,2026-02,production,data-engineering
i-0057,m5.xlarge,10.24,36.1,34.87,720,2026-03,production,data-engineering
i-0057,m5.xlarge,8.13,33.52,25.19,720,2026-04,production,data-engineering
i-0057,m5.xlarge,18.06,32.65,24.51,720,2026-05,production,data-engineering
i-0057,m5.xlarge,13.19,26.72,13.29,720,2026-06,production,data-engineering
i-0058,m5.large,12.5,21.31,24.66,720,2026-01,staging,payments
i-0058,m5.large,11.38,33.34,15.09,720,2026-02,staging,payments
i-0058,m5.large,18.26,42.36,16.37,720,2026-03,staging,payments
i-0058,m5.large,11.78,35.34,14.2,720,2026-04,staging,payments
i-0058,m5.large,11.9,26.28,33.06,720,2026-05,staging,payments
i-0058,m5.large,17.38,34.5,23.97,720,2026-06,staging,payments
i-0059,m5.2xlarge,18.24,43.31,34.29,720,2026-01,development,risk-engineering
i-0059,m5.2xlarge,9.38,24.01,27.56,720,2026-02,development,risk-engineering
i-0059,m5.2xlarge,13.96,20.46,13.43,720,2026-03,development,risk-engineering
i-0059,m5.2xlarge,17.77,41.72,20.22,720,2026-04,development,risk-engineering
i-0059,m5.2xlarge,17.8,34.84,30.54,720,2026-05,development,risk-engineering
i-0059,m5.2xlarge,12.7,22.83,21.98,720,2026-06,development,risk-engineering
i-0060,r5.xlarge,13.03,33.77,14.43,720,2026-01,sandbox,product-engineering
i-0060,r5.xlarge,18.91,26.1,16.57,720,2026-02,sandbox,product-engineering
i-0060,r5.xlarge,13.79,33.43,22.12,720,2026-03,sandbox,product-engineering
i-0060,r5.xlarge,16.49,32.92,26.02,720,2026-04,sandbox,product-engineering
i-0060,r5.xlarge,15.96,20.63,25.12,720,2026-05,sandbox,product-engineering
i-0060,r5.xlarge,17.73,20.43,21.32,720,2026-06,sandbox,product-engineering
i-0061,r5.2xlarge,18.19,28.83,22.55,720,2026-01,production,lending-backend
i-0061,r5.2xlarge,18.8,24.98,13.5,720,2026-02,production,lending-backend
i-0061,r5.2xlarge,17.45,41.71,22.86,720,2026-03,production,lending-backend
i-0061,r5.2xlarge,13.66,40.9,28.99,720,2026-04,production,lending-backend
i-0061,r5.2xlarge,10.92,20.42,23.03,720,2026-05,production,lending-backend
i-0061,r5.2xlarge,17.45,42.4,33.99,720,2026-06,production,lending-backend
i-0062,c5.xlarge,17.68,34.5,22.23,720,2026-01,staging,platform-infra
i-0062,c5.xlarge,16.52,38.5,24.38,720,2026-02,staging,platform-infra
i-0062,c5.xlarge,8.96,43.15,22.48,720,2026-03,staging,platform-infra
i-0062,c5.xlarge,12.0,35.74,27.5,720,2026-04,staging,platform-infra
i-0062,c5.xlarge,10.32,40.92,18.67,720,2026-05,staging,platform-infra
i-0062,c5.xlarge,10.05,30.16,28.8,720,2026-06,staging,platform-infra
i-0063,c5.2xlarge,18.62,40.23,33.63,720,2026-01,development,data-engineering
i-0063,c5.2xlarge,9.55,21.78,24.83,720,2026-02,development,data-engineering
i-0063,c5.2xlarge,11.19,40.7,27.46,720,2026-03,development,data-engineering
i-0063,c5.2xlarge,18.68,26.37,23.17,720,2026-04,development,data-engineering
i-0063,c5.2xlarge,13.51,25.98,25.57,720,2026-05,development,data-engineering
i-0063,c5.2xlarge,12.88,31.17,20.34,720,2026-06,development,data-engineering
i-0064,t3.large,8.19,33.05,19.71,720,2026-01,sandbox,payments
i-0064,t3.large,8.01,27.7,18.41,720,2026-02,sandbox,payments
i-0064,t3.large,12.33,23.3,23.68,720,2026-03,sandbox,payments
i-0064,t3.large,15.62,35.75,30.49,720,2026-04,sandbox,payments
i-0064,t3.large,12.97,32.98,30.64,720,2026-05,sandbox,payments
i-0064,t3.large,12.7,37.54,22.0,720,2026-06,sandbox,payments
i-0065,m5.xlarge,12.6,39.01,16.02,720,2026-01,production,risk-engineering
i-0065,m5.xlarge,11.72,25.6,20.26,720,2026-02,production,risk-engineering
i-0065,m5.xlarge,10.53,34.49,30.36,720,2026-03,production,risk-engineering
i-0065,m5.xlarge,16.65,29.11,34.74,720,2026-04,production,risk-engineering
i-0065,m5.xlarge,14.53,29.99,31.22,720,2026-05,production,risk-engineering
i-0065,m5.xlarge,16.03,38.73,16.51,720,2026-06,production,risk-engineering
i-0066,m5.large,13.15,41.55,23.59,720,2026-01,staging,product-engineering
i-0066,m5.large,15.52,34.7,31.37,720,2026-02,staging,product-engineering
i-0066,m5.large,11.13,34.39,14.83,720,2026-03,staging,product-engineering
i-0066,m5.large,15.59,38.3,12.99,720,2026-04,staging,product-engineering
i-0066,m5.large,15.43,30.37,14.85,720,2026-05,staging,product-engineering
i-0066,m5.large,12.62,24.86,21.56,720,2026-06,staging,product-engineering
i-0067,m5.2xlarge,12.23,38.46,29.81,720,2026-01,development,lending-backend
i-0067,m5.2xlarge,14.68,20.57,33.41,720,2026-02,development,lending-backend
i-0067,m5.2xlarge,15.55,20.85,30.83,720,2026-03,development,lending-backend
i-0067,m5.2xlarge,10.2,34.48,22.73,720,2026-04,development,lending-backend
i-0067,m5.2xlarge,12.62,42.24,22.06,720,2026-05,development,lending-backend
i-0067,m5.2xlarge,8.83,43.67,33.17,720,2026-06,development,lending-backend
i-0068,r5.xlarge,15.53,31.7,14.14,720,2026-01,sandbox,platform-infra
i-0068,r5.xlarge,16.7,21.89,13.58,720,2026-02,sandbox,platform-infra
i-0068,r5.xlarge,13.91,24.0,12.18,720,2026-03,sandbox,platform-infra
i-0068,r5.xlarge,12.65,23.43,15.69,720,2026-04,sandbox,platform-infra
i-0068,r5.xlarge,8.85,25.13,28.46,720,2026-05,sandbox,platform-infra
i-0068,r5.xlarge,16.9,31.31,23.65,720,2026-06,sandbox,platform-infra
i-0069,r5.2xlarge,8.36,21.73,17.92,720,2026-01,production,data-engineering
i-0069,r5.2xlarge,13.98,38.49,25.92,720,2026-02,production,data-engineering
i-0069,r5.2xlarge,12.31,22.96,29.96,720,2026-03,production,data-engineering
i-0069,r5.2xlarge,12.0,38.4,23.8,720,2026-04,production,data-engineering
i-0069,r5.2xlarge,16.13,42.68,33.18,720,2026-05,production,data-engineering
i-0069,r5.2xlarge,13.89,32.79,18.11,720,2026-06,production,data-engineering
i-0070,c5.xlarge,18.29,31.45,14.93,720,2026-01,staging,payments
i-0070,c5.xlarge,12.76,23.18,23.56,720,2026-02,staging,payments
i-0070,c5.xlarge,14.17,28.44,13.65,720,2026-03,staging,payments
i-0070,c5.xlarge,18.38,39.33,31.29,720,2026-04,staging,payments
i-0070,c5.xlarge,12.04,39.02,23.16,720,2026-05,staging,payments
i-0070,c5.xlarge,10.21,23.11,19.94,720,2026-06,staging,payments
i-0071,c5.2xlarge,9.51,44.96,13.13,720,2026-01,development,risk-engineering
i-0071,c5.2xlarge,12.85,31.3,18.91,720,2026-02,development,risk-engineering
i-0071,c5.2xlarge,14.28,23.75,30.03,720,2026-03,development,risk-engineering
i-0071,c5.2xlarge,11.66,34.78,28.46,720,2026-04,development,risk-engineering
i-0071,c5.2xlarge,17.78,40.89,25.99,720,2026-05,development,risk-engineering
i-0071,c5.2xlarge,12.27,32.58,29.68,720,2026-06,development,risk-engineering
i-0072,t3.large,17.65,22.59,20.85,720,2026-01,sandbox,product-engineering
i-0072,t3.large,16.54,30.79,19.64,720,2026-02,sandbox,product-engineering
i-0072,t3.large,12.52,35.07,35.0,720,2026-03,sandbox,product-engineering
i-0072,t3.large,13.42,25.21,15.75,720,2026-04,sandbox,product-engineering
i-0072,t3.large,8.47,33.97,24.53,720,2026-05,sandbox,product-engineering
i-0072,t3.large,10.26,37.38,29.05,720,2026-06,sandbox,product-engineering
i-0073,m5.xlarge,10.85,28.6,34.78,720,2026-01,production,lending-backend
i-0073,m5.xlarge,12.12,39.02,22.41,720,2026-02,production,lending-backend
i-0073,m5.xlarge,16.73,39.23,27.36,720,2026-03,production,lending-backend
i-0073,m5.xlarge,17.4,43.48,25.34,720,2026-04,production,lending-backend
i-0073,m5.xlarge,10.61,29.97,29.44,720,2026-05,production,lending-backend
i-0073,m5.xlarge,15.16,24.44,13.18,720,2026-06,production,lending-backend
i-0074,m5.large,15.51,26.28,23.49,720,2026-01,staging,platform-infra
i-0074,m5.large,16.21,34.07,13.92,720,2026-02,staging,platform-infra
i-0074,m5.large,10.04,25.48,17.93,720,2026-03,staging,platform-infra
i-0074,m5.large,14.22,32.6,16.67,720,2026-04,staging,platform-infra
i-0074,m5.large,8.74,24.29,34.64,720,2026-05,staging,platform-infra
i-0074,m5.large,13.15,41.68,31.52,720,2026-06,staging,platform-infra
i-0075,m5.2xlarge,13.63,37.67,16.43,720,2026-01,development,data-engineering
i-0075,m5.2xlarge,15.57,26.81,31.14,720,2026-02,development,data-engineering
i-0075,m5.2xlarge,8.92,39.33,14.3,720,2026-03,development,data-engineering
i-0075,m5.2xlarge,17.69,27.61,27.05,720,2026-04,development,data-engineering
i-0075,m5.2xlarge,13.36,29.16,26.85,720,2026-05,development,data-engineering
i-0075,m5.2xlarge,18.42,21.03,33.13,720,2026-06,development,data-engineering
i-0076,r5.xlarge,14.7,40.18,20.83,720,2026-01,sandbox,payments
i-0076,r5.xlarge,13.19,41.72,21.54,720,2026-02,sandbox,payments
i-0076,r5.xlarge,13.88,20.5,15.65,720,2026-03,sandbox,payments
i-0076,r5.xlarge,15.06,37.92,25.4,720,2026-04,sandbox,payments
i-0076,r5.xlarge,9.58,31.14,20.17,720,2026-05,sandbox,payments
i-0076,r5.xlarge,13.45,41.76,29.84,720,2026-06,sandbox,payments
i-0077,r5.2xlarge,8.92,42.26,22.85,720,2026-01,production,risk-engineering
i-0077,r5.2xlarge,16.18,23.5,27.43,720,2026-02,production,risk-engineering
i-0077,r5.2xlarge,10.6,30.96,12.39,720,2026-03,production,risk-engineering
i-0077,r5.2xlarge,9.67,22.3,17.51,720,2026-04,production,risk-engineering
i-0077,r5.2xlarge,9.1,37.3,12.67,720,2026-05,production,risk-engineering
i-0077,r5.2xlarge,14.8,23.52,33.74,720,2026-06,production,risk-engineering
i-0078,c5.xlarge,18.26,25.64,26.13,720,2026-01,staging,product-engineering
i-0078,c5.xlarge,8.31,43.29,24.03,720,2026-02,staging,product-engineering
i-0078,c5.xlarge,8.48,28.56,13.77,720,2026-03,staging,product-engineering
i-0078,c5.xlarge,12.32,36.75,22.81,720,2026-04,staging,product-engineering
i-0078,c5.xlarge,12.22,22.98,17.63,720,2026-05,staging,product-engineering
i-0078,c5.xlarge,9.1,40.19,15.11,720,2026-06,staging,product-engineering
i-0079,c5.2xlarge,14.55,28.57,17.2,720,2026-01,development,lending-backend
i-0079,c5.2xlarge,15.03,31.43,21.2,720,2026-02,development,lending-backend
i-0079,c5.2xlarge,14.52,32.28,18.98,720,2026-03,development,lending-backend
i-0079,c5.2xlarge,14.15,36.74,12.61,720,2026-04,development,lending-backend
i-0079,c5.2xlarge,13.12,21.44,16.29,720,2026-05,development,lending-backend
i-0079,c5.2xlarge,14.17,41.65,32.3,720,2026-06,development,lending-backend
i-0080,t3.large,8.77,30.48,25.41,720,2026-01,sandbox,platform-infra
i-0080,t3.large,9.62,39.14,29.12,720,2026-02,sandbox,platform-infra
i-0080,t3.large,17.94,20.21,16.98,720,2026-03,sandbox,platform-infra
i-0080,t3.large,17.1,36.76,32.57,720,2026-04,sandbox,platform-infra
i-0080,t3.large,8.63,34.92,25.09,720,2026-05,sandbox,platform-infra
i-0080,t3.large,8.39,32.84,26.02,720,2026-06,sandbox,platform-infra
i-0081,m5.xlarge,10.1,26.83,26.73,720,2026-01,production,data-engineering
i-0081,m5.xlarge,13.15,41.45,19.87,720,2026-02,production,data-engineering
i-0081,m5.xlarge,10.93,44.62,32.96,720,2026-03,production,data-engineering
i-0081,m5.xlarge,8.32,39.27,14.54,720,2026-04,production,data-engineering
i-0081,m5.xlarge,8.3,26.84,18.19,720,2026-05,production,data-engineering
i-0081,m5.xlarge,17.01,37.77,34.58,720,2026-06,production,data-engineering
i-0082,m5.large,15.83,30.46,28.08,720,2026-01,staging,payments
i-0082,m5.large,18.99,37.75,29.52,720,2026-02,staging,payments
i-0082,m5.large,18.32,22.84,28.21,720,2026-03,staging,payments
i-0082,m5.large,17.36,43.86,16.85,720,2026-04,staging,payments
i-0082,m5.large,13.54,37.01,17.69,720,2026-05,staging,payments
i-0082,m5.large,14.61,26.44,19.67,720,2026-06,staging,payments
i-0083,m5.2xlarge,12.86,33.23,22.34,720,2026-01,development,risk-engineering
i-0083,m5.2xlarge,13.43,27.46,15.66,720,2026-02,development,risk-engineering
i-0083,m5.2xlarge,8.52,24.9,25.38,720,2026-03,development,risk-engineering
i-0083,m5.2xlarge,16.65,24.23,14.5,720,2026-04,development,risk-engineering
i-0083,m5.2xlarge,16.24,27.63,33.88,720,2026-05,development,risk-engineering
i-0083,m5.2xlarge,15.86,28.17,18.66,720,2026-06,development,risk-engineering
i-0084,r5.xlarge,13.76,21.98,14.71,720,2026-01,sandbox,product-engineering
i-0084,r5.xlarge,9.93,39.37,23.82,720,2026-02,sandbox,product-engineering
i-0084,r5.xlarge,8.12,36.84,21.74,720,2026-03,sandbox,product-engineering
i-0084,r5.xlarge,13.62,25.35,24.69,720,2026-04,sandbox,product-engineering
i-0084,r5.xlarge,18.77,21.84,18.53,720,2026-05,sandbox,product-engineering
i-0084,r5.xlarge,10.67,26.21,20.71,720,2026-06,sandbox,product-engineering
i-0085,r5.2xlarge,17.0,42.82,16.65,720,2026-01,production,lending-backend
i-0085,r5.2xlarge,13.97,35.92,24.0,720,2026-02,production,lending-backend
i-0085,r5.2xlarge,12.77,24.8,23.23,720,2026-03,production,lending-backend
i-0085,r5.2xlarge,12.41,39.89,29.56,720,2026-04,production,lending-backend
i-0085,r5.2xlarge,9.47,22.21,32.89,720,2026-05,production,lending-backend
i-0085,r5.2xlarge,13.89,41.45,13.34,720,2026-06,production,lending-backend
i-0086,c5.xlarge,13.79,33.49,31.8,720,2026-01,staging,platform-infra
i-0086,c5.xlarge,9.07,26.01,21.35,720,2026-02,staging,platform-infra
i-0086,c5.xlarge,17.52,43.47,34.83,720,2026-03,staging,platform-infra
i-0086,c5.xlarge,18.55,20.15,13.1,720,2026-04,staging,platform-infra
i-0086,c5.xlarge,9.62,28.72,31.09,720,2026-05,staging,platform-infra
i-0086,c5.xlarge,17.82,24.67,26.25,720,2026-06,staging,platform-infra
i-0087,c5.2xlarge,18.09,31.59,14.38,720,2026-01,development,data-engineering
i-0087,c5.2xlarge,13.04,29.39,25.29,720,2026-02,development,data-engineering
i-0087,c5.2xlarge,12.83,20.43,34.86,720,2026-03,development,data-engineering
i-0087,c5.2xlarge,13.98,31.84,33.96,720,2026-04,development,data-engineering
i-0087,c5.2xlarge,9.71,24.73,30.58,720,2026-05,development,data-engineering
i-0087,c5.2xlarge,10.87,39.98,18.25,720,2026-06,development,data-engineering
i-0088,t3.large,8.37,32.93,16.52,720,2026-01,sandbox,payments
i-0088,t3.large,16.34,36.03,33.24,720,2026-02,sandbox,payments
i-0088,t3.large,16.61,24.52,30.4,720,2026-03,sandbox,payments
i-0088,t3.large,15.06,36.72,31.14,720,2026-04,sandbox,payments
i-0088,t3.large,14.31,31.65,26.64,720,2026-05,sandbox,payments
i-0088,t3.large,11.28,24.56,26.18,720,2026-06,sandbox,payments
i-0089,m5.xlarge,10.57,22.0,12.01,720,2026-01,production,risk-engineering
i-0089,m5.xlarge,14.69,29.05,29.3,720,2026-02,production,risk-engineering
i-0089,m5.xlarge,12.13,32.15,21.36,720,2026-03,production,risk-engineering
i-0089,m5.xlarge,15.16,28.9,34.17,720,2026-04,production,risk-engineering
i-0089,m5.xlarge,18.3,41.2,33.17,720,2026-05,production,risk-engineering
i-0089,m5.xlarge,12.94,33.41,29.07,720,2026-06,production,risk-engineering
i-0090,m5.large,15.66,42.27,28.48,720,2026-01,staging,product-engineering
i-0090,m5.large,18.98,28.71,31.16,720,2026-02,staging,product-engineering
i-0090,m5.large,15.67,37.28,19.49,720,2026-03,staging,product-engineering
i-0090,m5.large,16.64,42.51,17.03,720,2026-04,staging,product-engineering
i-0090,m5.large,14.88,29.8,34.76,720,2026-05,staging,product-engineering
i-0090,m5.large,13.27,25.71,20.78,720,2026-06,staging,product-engineering
i-0091,m5.2xlarge,15.19,21.9,25.88,720,2026-01,development,lending-backend
i-0091,m5.2xlarge,18.24,41.26,13.56,720,2026-02,development,lending-backend
i-0091,m5.2xlarge,18.93,37.47,15.73,720,2026-03,development,lending-backend
i-0091,m5.2xlarge,8.14,24.28,31.28,720,2026-04,development,lending-backend
i-0091,m5.2xlarge,8.24,25.83,29.42,720,2026-05,development,lending-backend
i-0091,m5.2xlarge,14.45,39.57,29.16,720,2026-06,development,lending-backend
i-0092,r5.xlarge,8.56,42.31,17.22,720,2026-01,sandbox,platform-infra
i-0092,r5.xlarge,14.09,36.11,15.88,720,2026-02,sandbox,platform-infra
i-0092,r5.xlarge,18.74,32.2,13.33,720,2026-03,sandbox,platform-infra
i-0092,r5.xlarge,18.31,34.66,28.08,720,2026-04,sandbox,platform-infra
i-0092,r5.xlarge,13.78,40.87,12.76,720,2026-05,sandbox,platform-infra
i-0092,r5.xlarge,10.95,31.74,13.76,720,2026-06,sandbox,platform-infra
i-0093,r5.2xlarge,15.76,29.84,18.27,720,2026-01,production,data-engineering
i-0093,r5.2xlarge,8.04,38.0,31.18,720,2026-02,production,data-engineering
i-0093,r5.2xlarge,12.35,34.11,17.24,720,2026-03,production,data-engineering
i-0093,r5.2xlarge,14.84,20.3,23.24,720,2026-04,production,data-engineering
i-0093,r5.2xlarge,15.09,42.95,20.77,720,2026-05,production,data-engineering
i-0093,r5.2xlarge,16.42,34.94,33.32,720,2026-06,production,data-engineering
i-0094,c5.xlarge,12.38,27.98,32.4,720,2026-01,staging,payments
i-0094,c5.xlarge,8.54,23.41,13.9,720,2026-02,staging,payments
i-0094,c5.xlarge,17.27,20.27,31.82,720,2026-03,staging,payments
i-0094,c5.xlarge,12.96,20.1,21.24,720,2026-04,staging,payments
i-0094,c5.xlarge,10.05,35.61,27.63,720,2026-05,staging,payments
i-0094,c5.xlarge,13.36,21.01,27.09,720,2026-06,staging,payments
i-0095,c5.2xlarge,17.26,38.01,31.09,720,2026-01,development,risk-engineering
i-0095,c5.2xlarge,10.21,42.22,19.41,720,2026-02,development,risk-engineering
i-0095,c5.2xlarge,8.15,41.08,33.66,720,2026-03,development,risk-engineering
i-0095,c5.2xlarge,15.21,25.79,17.79,720,2026-04,development,risk-engineering
i-0095,c5.2xlarge,13.13,42.45,15.44,720,2026-05,development,risk-engineering
i-0095,c5.2xlarge,17.09,27.28,30.6,720,2026-06,development,risk-engineering
i-0096,t3.large,18.12,30.69,20.4,720,2026-01,sandbox,product-engineering
i-0096,t3.large,16.82,33.24,27.74,720,2026-02,sandbox,product-engineering
i-0096,t3.large,14.85,23.82,31.43,720,2026-03,sandbox,product-engineering
i-0096,t3.large,10.15,43.31,17.76,720,2026-04,sandbox,product-engineering
i-0096,t3.large,16.07,27.12,19.31,720,2026-05,sandbox,product-engineering
i-0096,t3.large,11.41,38.7,24.81,720,2026-06,sandbox,product-engineering
i-0097,m5.xlarge,17.71,27.68,27.92,720,2026-01,production,lending-backend
i-0097,m5.xlarge,16.28,23.79,21.21,720,2026-02,production,lending-backend
i-0097,m5.xlarge,13.31,28.89,19.41,720,2026-03,production,lending-backend
i-0097,m5.xlarge,15.55,25.4,28.32,720,2026-04,production,lending-backend
i-0097,m5.xlarge,18.29,34.13,26.06,720,2026-05,production,lending-backend
i-0097,m5.xlarge,8.76,41.61,18.57,720,2026-06,production,lending-backend
i-0098,m5.large,14.77,44.48,25.7,720,2026-01,staging,platform-infra
i-0098,m5.large,15.97,31.13,13.39,720,2026-02,staging,platform-infra
i-0098,m5.large,16.77,20.87,28.12,720,2026-03,staging,platform-infra
i-0098,m5.large,8.25,41.56,15.63,720,2026-04,staging,platform-infra
i-0098,m5.large,13.66,34.93,22.52,720,2026-05,staging,platform-infra
i-0098,m5.large,11.75,31.7,19.16,720,2026-06,staging,platform-infra
i-0099,m5.2xlarge,12.82,28.97,25.02,720,2026-01,development,data-engineering
i-0099,m5.2xlarge,10.62,44.72,23.52,720,2026-02,development,data-engineering
i-0099,m5.2xlarge,10.14,31.93,31.93,720,2026-03,development,data-engineering
i-0099,m5.2xlarge,8.24,36.99,24.6,720,2026-04,development,data-engineering
i-0099,m5.2xlarge,9.87,40.44,20.48,720,2026-05,development,data-engineering
i-0099,m5.2xlarge,11.23,40.7,26.69,720,2026-06,development,data-engineering
i-0100,r5.xlarge,17.88,35.75,29.04,720,2026-01,sandbox,payments
i-0100,r5.xlarge,17.2,21.37,29.85,720,2026-02,sandbox,payments
i-0100,r5.xlarge,14.75,21.74,23.7,720,2026-03,sandbox,payments
i-0100,r5.xlarge,8.91,38.4,24.57,720,2026-04,sandbox,payments
i-0100,r5.xlarge,18.49,24.58,25.94,720,2026-05,sandbox,payments
i-0100,r5.xlarge,10.33,35.35,28.62,720,2026-06,sandbox,payments
i-0101,r5.2xlarge,30.28,68.53,50.61,720,2026-01,production,risk-engineering
i-0101,r5.2xlarge,19.31,52.01,45.61,720,2026-02,production,risk-engineering
i-0101,r5.2xlarge,26.48,46.67,41.58,720,2026-03,production,risk-engineering
i-0101,r5.2xlarge,24.93,53.65,49.29,720,2026-04,production,risk-engineering
i-0101,r5.2xlarge,24.93,40.93,26.74,720,2026-05,production,risk-engineering
i-0101,r5.2xlarge,32.56,73.62,45.65,720,2026-06,production,risk-engineering
i-0102,c5.xlarge,24.19,72.85,44.88,720,2026-01,staging,product-engineering
i-0102,c5.xlarge,32.35,66.8,36.37,720,2026-02,staging,product-engineering
i-0102,c5.xlarge,26.14,46.51,33.76,720,2026-03,staging,product-engineering
i-0102,c5.xlarge,31.23,71.29,46.73,720,2026-04,staging,product-engineering
i-0102,c5.xlarge,25.91,43.03,26.71,720,2026-05,staging,product-engineering
i-0102,c5.xlarge,24.36,56.23,43.27,720,2026-06,staging,product-engineering
i-0103,c5.2xlarge,18.11,74.64,35.92,720,2026-01,development,lending-backend
i-0103,c5.2xlarge,32.42,58.72,28.91,720,2026-02,development,lending-backend
i-0103,c5.2xlarge,31.56,64.84,40.82,720,2026-03,development,lending-backend
i-0103,c5.2xlarge,26.75,43.06,44.68,720,2026-04,development,lending-backend
i-0103,c5.2xlarge,33.49,43.26,32.91,720,2026-05,development,lending-backend
i-0103,c5.2xlarge,33.34,49.95,44.62,720,2026-06,development,lending-backend
i-0104,t3.large,27.09,60.87,37.47,720,2026-01,sandbox,platform-infra
i-0104,t3.large,23.1,41.7,47.33,720,2026-02,sandbox,platform-infra
i-0104,t3.large,30.68,63.48,44.31,720,2026-03,sandbox,platform-infra
i-0104,t3.large,22.14,40.78,49.26,720,2026-04,sandbox,platform-infra
i-0104,t3.large,26.35,50.74,28.06,720,2026-05,sandbox,platform-infra
i-0104,t3.large,19.07,52.21,49.14,720,2026-06,sandbox,platform-infra
i-0105,m5.xlarge,33.62,71.39,52.6,720,2026-01,production,data-engineering
i-0105,m5.xlarge,33.43,58.45,31.58,720,2026-02,production,data-engineering
i-0105,m5.xlarge,31.57,47.48,33.02,720,2026-03,production,data-engineering
i-0105,m5.xlarge,21.97,58.02,34.65,720,2026-04,production,data-engineering
i-0105,m5.xlarge,20.62,55.86,51.22,720,2026-05,production,data-engineering
i-0105,m5.xlarge,27.7,70.74,30.88,720,2026-06,production,data-engineering
i-0106,m5.large,20.84,60.15,38.9,720,2026-01,staging,payments
i-0106,m5.large,29.22,67.81,47.54,720,2026-02,staging,payments
i-0106,m5.large,34.02,53.94,31.19,720,2026-03,staging,payments
i-0106,m5.large,27.37,43.88,33.67,720,2026-04,staging,payments
i-0106,m5.large,21.53,53.88,28.34,720,2026-05,staging,payments
i-0106,m5.large,18.54,62.99,43.31,720,2026-06,staging,payments
i-0107,m5.2xlarge,30.04,63.11,28.43,720,2026-01,development,risk-engineering
i-0107,m5.2xlarge,22.95,44.53,50.29,720,2026-02,development,risk-engineering
i-0107,m5.2xlarge,30.7,47.05,35.24,720,2026-03,development,risk-engineering
i-0107,m5.2xlarge,34.43,60.8,49.03,720,2026-04,development,risk-engineering
i-0107,m5.2xlarge,22.5,47.35,48.52,720,2026-05,development,risk-engineering
i-0107,m5.2xlarge,29.66,63.83,41.58,720,2026-06,development,risk-engineering
i-0108,r5.xlarge,27.58,65.75,33.1,720,2026-01,sandbox,product-engineering
i-0108,r5.xlarge,24.0,70.51,34.27,720,2026-02,sandbox,product-engineering
i-0108,r5.xlarge,27.29,64.59,55.0,720,2026-03,sandbox,product-engineering
i-0108,r5.xlarge,25.4,54.98,50.28,720,2026-04,sandbox,product-engineering
i-0108,r5.xlarge,31.69,65.59,38.9,720,2026-05,sandbox,product-engineering
i-0108,r5.xlarge,23.51,61.31,51.29,720,2026-06,sandbox,product-engineering
i-0109,r5.2xlarge,33.02,43.8,37.85,720,2026-01,production,lending-backend
i-0109,r5.2xlarge,25.9,74.22,45.34,720,2026-02,production,lending-backend
i-0109,r5.2xlarge,24.92,40.91,41.96,720,2026-03,production,lending-backend
i-0109,r5.2xlarge,19.63,69.21,47.58,720,2026-04,production,lending-backend
i-0109,r5.2xlarge,25.83,55.02,51.92,720,2026-05,production,lending-backend
i-0109,r5.2xlarge,22.9,48.72,53.18,720,2026-06,production,lending-backend
i-0110,c5.xlarge,31.76,68.72,30.86,720,2026-01,staging,platform-infra
i-0110,c5.xlarge,20.44,40.91,32.11,720,2026-02,staging,platform-infra
i-0110,c5.xlarge,31.16,48.4,46.87,720,2026-03,staging,platform-infra
i-0110,c5.xlarge,22.28,53.84,54.49,720,2026-04,staging,platform-infra
i-0110,c5.xlarge,22.16,53.17,34.03,720,2026-05,staging,platform-infra
i-0110,c5.xlarge,19.86,57.15,36.36,720,2026-06,staging,platform-infra
i-0111,c5.2xlarge,29.81,68.62,41.33,720,2026-01,development,data-engineering
i-0111,c5.2xlarge,18.55,61.66,26.66,720,2026-02,development,data-engineering
i-0111,c5.2xlarge,28.48,63.98,30.93,720,2026-03,development,data-engineering
i-0111,c5.2xlarge,31.93,71.89,49.39,720,2026-04,development,data-engineering
i-0111,c5.2xlarge,23.19,60.53,52.44,720,2026-05,development,data-engineering
i-0111,c5.2xlarge,23.45,68.7,25.28,720,2026-06,development,data-engineering
i-0112,t3.large,18.06,66.59,47.84,720,2026-01,sandbox,payments
i-0112,t3.large,31.41,72.55,28.54,720,2026-02,sandbox,payments
i-0112,t3.large,21.94,71.63,30.32,720,2026-03,sandbox,payments
i-0112,t3.large,29.6,58.57,27.5,720,2026-04,sandbox,payments
i-0112,t3.large,22.85,58.21,50.57,720,2026-05,sandbox,payments
i-0112,t3.large,30.03,61.77,39.88,720,2026-06,sandbox,payments
i-0113,m5.xlarge,23.08,44.17,37.27,720,2026-01,production,risk-engineering
i-0113,m5.xlarge,18.48,47.39,37.97,720,2026-02,production,risk-engineering
i-0113,m5.xlarge,25.12,41.55,42.67,720,2026-03,production,risk-engineering
i-0113,m5.xlarge,27.34,42.73,53.29,720,2026-04,production,risk-engineering
i-0113,m5.xlarge,19.69,69.92,25.01,720,2026-05,production,risk-engineering
i-0113,m5.xlarge,33.0,40.69,47.73,720,2026-06,production,risk-engineering
i-0114,m5.large,24.15,65.84,37.05,720,2026-01,staging,product-engineering
i-0114,m5.large,19.21,66.86,27.14,720,2026-02,staging,product-engineering
i-0114,m5.large,33.68,41.78,39.38,720,2026-03,staging,product-engineering
i-0114,m5.large,30.29,53.76,31.52,720,2026-04,staging,product-engineering
i-0114,m5.large,30.9,67.45,52.68,720,2026-05,staging,product-engineering
i-0114,m5.large,24.39,57.72,35.89,720,2026-06,staging,product-engineering
i-0115,m5.2xlarge,22.37,66.29,35.19,720,2026-01,development,lending-backend
i-0115,m5.2xlarge,25.28,54.13,46.38,720,2026-02,development,lending-backend
i-0115,m5.2xlarge,33.6,63.34,39.15,720,2026-03,development,lending-backend
i-0115,m5.2xlarge,31.25,62.43,26.82,720,2026-04,development,lending-backend
i-0115,m5.2xlarge,19.63,41.33,38.7,720,2026-05,development,lending-backend
i-0115,m5.2xlarge,32.04,50.96,36.52,720,2026-06,development,lending-backend
i-0116,r5.xlarge,33.46,69.29,44.95,720,2026-01,sandbox,platform-infra
i-0116,r5.xlarge,22.54,44.1,25.48,720,2026-02,sandbox,platform-infra
i-0116,r5.xlarge,19.82,50.24,41.55,720,2026-03,sandbox,platform-infra
i-0116,r5.xlarge,19.09,44.77,30.43,720,2026-04,sandbox,platform-infra
i-0116,r5.xlarge,28.74,61.55,41.52,720,2026-05,sandbox,platform-infra
i-0116,r5.xlarge,22.26,52.99,27.9,720,2026-06,sandbox,platform-infra
i-0117,r5.2xlarge,21.85,71.42,54.39,720,2026-01,production,data-engineering
i-0117,r5.2xlarge,29.01,72.09,44.28,720,2026-02,production,data-engineering
i-0117,r5.2xlarge,18.56,74.89,27.97,720,2026-03,production,data-engineering
i-0117,r5.2xlarge,29.6,48.85,36.76,720,2026-04,production,data-engineering
i-0117,r5.2xlarge,28.98,55.28,32.52,720,2026-05,production,data-engineering
i-0117,r5.2xlarge,23.69,51.95,53.78,720,2026-06,production,data-engineering
i-0118,c5.xlarge,31.58,56.05,30.99,720,2026-01,staging,payments
i-0118,c5.xlarge,31.79,45.5,31.31,720,2026-02,staging,payments
i-0118,c5.xlarge,24.22,70.81,28.95,720,2026-03,staging,payments
i-0118,c5.xlarge,20.08,57.29,33.29,720,2026-04,staging,payments
i-0118,c5.xlarge,27.67,55.81,38.05,720,2026-05,staging,payments
i-0118,c5.xlarge,19.9,44.94,49.63,720,2026-06,staging,payments
i-0119,c5.2xlarge,33.06,48.21,28.4,720,2026-01,development,risk-engineering
i-0119,c5.2xlarge,18.91,61.29,46.46,720,2026-02,development,risk-engineering
i-0119,c5.2xlarge,24.34,63.79,46.39,720,2026-03,development,risk-engineering
i-0119,c5.2xlarge,33.9,42.27,30.77,720,2026-04,development,risk-engineering
i-0119,c5.2xlarge,19.16,70.38,48.78,720,2026-05,development,risk-engineering
i-0119,c5.2xlarge,27.77,42.93,33.2,720,2026-06,development,risk-engineering
i-0120,t3.large,23.06,59.63,32.74,720,2026-01,sandbox,product-engineering
i-0120,t3.large,19.24,65.58,33.97,720,2026-02,sandbox,product-engineering
i-0120,t3.large,25.69,44.47,49.08,720,2026-03,sandbox,product-engineering
i-0120,t3.large,27.61,71.56,39.86,720,2026-04,sandbox,product-engineering
i-0120,t3.large,34.0,71.22,42.29,720,2026-05,sandbox,product-engineering
i-0120,t3.large,33.88,51.31,35.97,720,2026-06,sandbox,product-engineering
i-0121,m5.xlarge,18.77,60.62,46.66,720,2026-01,production,lending-backend
i-0121,m5.xlarge,31.15,45.24,38.32,720,2026-02,production,lending-backend
i-0121,m5.xlarge,21.01,63.17,29.74,720,2026-03,production,lending-backend
i-0121,m5.xlarge,33.37,48.07,33.74,720,2026-04,production,lending-backend
i-0121,m5.xlarge,32.47,56.05,25.72,720,2026-05,production,lending-backend
i-0121,m5.xlarge,26.41,42.96,54.56,720,2026-06,production,lending-backend
i-0122,m5.large,28.0,48.98,41.91,720,2026-01,staging,platform-infra
i-0122,m5.large,19.31,68.0,52.76,720,2026-02,staging,platform-infra
i-0122,m5.large,32.87,51.96,34.77,720,2026-03,staging,platform-infra
i-0122,m5.large,18.6,62.8,41.05,720,2026-04,staging,platform-infra
i-0122,m5.large,25.81,71.77,30.04,720,2026-05,staging,platform-infra
i-0122,m5.large,18.16,42.57,31.7,720,2026-06,staging,platform-infra
i-0123,m5.2xlarge,18.57,57.6,34.42,720,2026-01,development,data-engineering
i-0123,m5.2xlarge,21.07,66.25,31.13,720,2026-02,development,data-engineering
i-0123,m5.2xlarge,29.69,52.22,40.35,720,2026-03,development,data-engineering
i-0123,m5.2xlarge,33.88,41.31,40.01,720,2026-04,development,data-engineering
i-0123,m5.2xlarge,32.53,60.58,33.31,720,2026-05,development,data-engineering
i-0123,m5.2xlarge,24.76,63.81,51.72,720,2026-06,development,data-engineering
i-0124,r5.xlarge,18.7,42.5,34.75,720,2026-01,sandbox,payments
i-0124,r5.xlarge,21.96,49.27,31.64,720,2026-02,sandbox,payments
i-0124,r5.xlarge,21.33,44.57,53.02,720,2026-03,sandbox,payments
i-0124,r5.xlarge,20.45,47.15,32.39,720,2026-04,sandbox,payments
i-0124,r5.xlarge,33.86,66.45,48.69,720,2026-05,sandbox,payments
i-0124,r5.xlarge,19.78,69.27,37.25,720,2026-06,sandbox,payments
i-0125,r5.2xlarge,22.47,60.15,49.67,720,2026-01,production,risk-engineering
i-0125,r5.2xlarge,31.24,71.15,52.84,720,2026-02,production,risk-engineering
i-0125,r5.2xlarge,22.05,54.84,25.44,720,2026-03,production,risk-engineering
i-0125,r5.2xlarge,32.95,45.41,50.84,720,2026-04,production,risk-engineering
i-0125,r5.2xlarge,23.6,52.88,26.17,720,2026-05,production,risk-engineering
i-0125,r5.2xlarge,23.56,71.09,25.77,720,2026-06,production,risk-engineering
i-0126,c5.xlarge,24.91,41.1,36.13,720,2026-01,staging,product-engineering
i-0126,c5.xlarge,20.93,48.83,51.33,720,2026-02,staging,product-engineering
i-0126,c5.xlarge,25.41,49.58,42.68,720,2026-03,staging,product-engineering
i-0126,c5.xlarge,20.42,49.08,41.39,720,2026-04,staging,product-engineering
i-0126,c5.xlarge,22.04,63.77,39.74,720,2026-05,staging,product-engineering
i-0126,c5.xlarge,31.12,73.19,28.47,720,2026-06,staging,product-engineering
i-0127,c5.2xlarge,23.69,51.18,29.54,720,2026-01,development,lending-backend
i-0127,c5.2xlarge,31.78,66.6,39.53,720,2026-02,development,lending-backend
i-0127,c5.2xlarge,27.14,42.08,41.67,720,2026-03,development,lending-backend
i-0127,c5.2xlarge,31.45,60.08,32.96,720,2026-04,development,lending-backend
i-0127,c5.2xlarge,29.35,52.65,41.35,720,2026-05,development,lending-backend
i-0127,c5.2xlarge,26.29,53.34,46.57,720,2026-06,development,lending-backend
i-0128,t3.large,33.03,40.18,53.01,720,2026-01,sandbox,platform-infra
i-0128,t3.large,26.7,64.53,50.67,720,2026-02,sandbox,platform-infra
i-0128,t3.large,25.94,69.22,30.33,720,2026-03,sandbox,platform-infra
i-0128,t3.large,20.71,63.01,51.1,720,2026-04,sandbox,platform-infra
i-0128,t3.large,33.17,62.53,40.76,720,2026-05,sandbox,platform-infra
i-0128,t3.large,23.63,74.3,34.59,720,2026-06,sandbox,platform-infra
i-0129,m5.xlarge,30.65,58.62,43.26,720,2026-01,production,data-engineering
i-0129,m5.xlarge,24.69,73.77,42.15,720,2026-02,production,data-engineering
i-0129,m5.xlarge,33.94,40.27,42.18,720,2026-03,production,data-engineering
i-0129,m5.xlarge,30.19,66.08,52.15,720,2026-04,production,data-engineering
i-0129,m5.xlarge,18.07,40.01,39.17,720,2026-05,production,data-engineering
i-0129,m5.xlarge,18.5,74.11,31.66,720,2026-06,production,data-engineering
i-0130,m5.large,26.04,42.14,40.66,720,2026-01,staging,payments
i-0130,m5.large,24.46,41.56,35.05,720,2026-02,staging,payments
i-0130,m5.large,24.65,74.65,31.24,720,2026-03,staging,payments
i-0130,m5.large,27.26,74.56,48.76,720,2026-04,staging,payments
i-0130,m5.large,34.89,73.89,39.69,720,2026-05,staging,payments
i-0130,m5.large,29.84,43.87,38.23,720,2026-06,staging,payments
i-0131,m5.2xlarge,31.75,57.69,46.08,720,2026-01,development,risk-engineering
i-0131,m5.2xlarge,30.68,48.87,51.27,720,2026-02,development,risk-engineering
i-0131,m5.2xlarge,25.82,47.36,50.96,720,2026-03,development,risk-engineering
i-0131,m5.2xlarge,25.1,66.26,41.44,720,2026-04,development,risk-engineering
i-0131,m5.2xlarge,24.49,68.35,42.53,720,2026-05,development,risk-engineering
i-0131,m5.2xlarge,24.64,43.84,51.86,720,2026-06,development,risk-engineering
i-0132,r5.xlarge,18.6,70.21,35.8,720,2026-01,sandbox,product-engineering
i-0132,r5.xlarge,28.87,72.28,29.55,720,2026-02,sandbox,product-engineering
i-0132,r5.xlarge,27.64,66.76,47.73,720,2026-03,sandbox,product-engineering
i-0132,r5.xlarge,26.94,61.87,47.73,720,2026-04,sandbox,product-engineering
i-0132,r5.xlarge,32.3,66.66,35.62,720,2026-05,sandbox,product-engineering
i-0132,r5.xlarge,34.94,55.21,25.73,720,2026-06,sandbox,product-engineering
i-0133,r5.2xlarge,24.16,44.47,28.64,720,2026-01,production,lending-backend
i-0133,r5.2xlarge,22.79,41.87,45.66,720,2026-02,production,lending-backend
i-0133,r5.2xlarge,19.26,47.12,27.79,720,2026-03,production,lending-backend
i-0133,r5.2xlarge,19.07,49.37,42.16,720,2026-04,production,lending-backend
i-0133,r5.2xlarge,34.4,70.64,51.28,720,2026-05,production,lending-backend
i-0133,r5.2xlarge,20.99,49.27,27.29,720,2026-06,production,lending-backend
i-0134,c5.xlarge,31.23,42.44,41.7,720,2026-01,staging,platform-infra
i-0134,c5.xlarge,22.21,48.52,54.72,720,2026-02,staging,platform-infra
i-0134,c5.xlarge,30.87,69.29,42.16,720,2026-03,staging,platform-infra
i-0134,c5.xlarge,32.81,62.59,53.39,720,2026-04,staging,platform-infra
i-0134,c5.xlarge,22.78,60.84,45.7,720,2026-05,staging,platform-infra
i-0134,c5.xlarge,24.68,70.79,54.39,720,2026-06,staging,platform-infra
i-0135,c5.2xlarge,26.39,53.67,39.16,720,2026-01,development,data-engineering
i-0135,c5.2xlarge,32.5,62.59,26.34,720,2026-02,development,data-engineering
i-0135,c5.2xlarge,27.22,40.61,48.36,720,2026-03,development,data-engineering
i-0135,c5.2xlarge,23.58,56.52,48.96,720,2026-04,development,data-engineering
i-0135,c5.2xlarge,18.79,45.55,36.94,720,2026-05,development,data-engineering
i-0135,c5.2xlarge,21.91,51.83,54.95,720,2026-06,development,data-engineering
i-0136,t3.large,32.03,70.94,53.11,720,2026-01,sandbox,payments
i-0136,t3.large,23.8,50.4,32.02,720,2026-02,sandbox,payments
i-0136,t3.large,32.11,63.78,32.09,720,2026-03,sandbox,payments
i-0136,t3.large,24.41,57.73,40.84,720,2026-04,sandbox,payments
i-0136,t3.large,33.11,53.32,52.26,720,2026-05,sandbox,payments
i-0136,t3.large,25.5,66.12,52.91,720,2026-06,sandbox,payments
i-0137,m5.xlarge,33.43,41.99,31.17,720,2026-01,production,risk-engineering
i-0137,m5.xlarge,26.11,55.1,44.23,720,2026-02,production,risk-engineering
i-0137,m5.xlarge,34.06,43.93,38.56,720,2026-03,production,risk-engineering
i-0137,m5.xlarge,21.27,71.29,53.94,720,2026-04,production,risk-engineering
i-0137,m5.xlarge,26.14,43.64,48.56,720,2026-05,production,risk-engineering
i-0137,m5.xlarge,29.85,52.41,51.62,720,2026-06,production,risk-engineering
i-0138,m5.large,34.59,59.52,41.97,720,2026-01,staging,product-engineering
i-0138,m5.large,23.06,60.46,38.19,720,2026-02,staging,product-engineering
i-0138,m5.large,23.14,42.35,32.58,720,2026-03,staging,product-engineering
i-0138,m5.large,21.36,58.97,43.05,720,2026-04,staging,product-engineering
i-0138,m5.large,28.35,53.59,37.64,720,2026-05,staging,product-engineering
i-0138,m5.large,32.18,56.67,54.63,720,2026-06,staging,product-engineering
i-0139,m5.2xlarge,25.47,62.74,26.51,720,2026-01,development,lending-backend
i-0139,m5.2xlarge,29.11,69.8,53.27,720,2026-02,development,lending-backend
i-0139,m5.2xlarge,34.95,49.88,42.26,720,2026-03,development,lending-backend
i-0139,m5.2xlarge,25.66,59.73,29.72,720,2026-04,development,lending-backend
i-0139,m5.2xlarge,32.55,71.83,38.49,720,2026-05,development,lending-backend
i-0139,m5.2xlarge,22.77,44.93,45.51,720,2026-06,development,lending-backend
i-0140,r5.xlarge,23.31,71.83,45.13,720,2026-01,sandbox,platform-infra
i-0140,r5.xlarge,28.98,59.58,26.37,720,2026-02,sandbox,platform-infra
i-0140,r5.xlarge,33.84,61.98,54.82,720,2026-03,sandbox,platform-infra
i-0140,r5.xlarge,27.14,64.85,26.69,720,2026-04,sandbox,platform-infra
i-0140,r5.xlarge,28.74,66.76,48.36,720,2026-05,sandbox,platform-infra
i-0140,r5.xlarge,31.09,47.92,54.26,720,2026-06,sandbox,platform-infra
i-0141,r5.2xlarge,34.92,42.65,53.09,720,2026-01,production,data-engineering
i-0141,r5.2xlarge,22.92,64.12,35.14,720,2026-02,production,data-engineering
i-0141,r5.2xlarge,34.45,43.55,39.93,720,2026-03,production,data-engineering
i-0141,r5.2xlarge,25.28,51.41,44.37,720,2026-04,production,data-engineering
i-0141,r5.2xlarge,20.23,65.08,54.42,720,2026-05,production,data-engineering
i-0141,r5.2xlarge,31.68,70.1,35.79,720,2026-06,production,data-engineering
i-0142,c5.xlarge,23.52,58.1,26.37,720,2026-01,staging,payments
i-0142,c5.xlarge,34.07,45.03,52.09,720,2026-02,staging,payments
i-0142,c5.xlarge,19.42,68.79,29.56,720,2026-03,staging,payments
i-0142,c5.xlarge,18.65,65.18,33.41,720,2026-04,staging,payments
i-0142,c5.xlarge,30.15,59.43,28.26,720,2026-05,staging,payments
i-0142,c5.xlarge,33.85,55.83,47.03,720,2026-06,staging,payments
i-0143,c5.2xlarge,26.52,61.15,34.08,720,2026-01,development,risk-engineering
i-0143,c5.2xlarge,21.41,58.99,38.21,720,2026-02,development,risk-engineering
i-0143,c5.2xlarge,24.63,63.54,45.72,720,2026-03,development,risk-engineering
i-0143,c5.2xlarge,18.78,51.86,37.35,720,2026-04,development,risk-engineering
i-0143,c5.2xlarge,19.65,48.26,26.55,720,2026-05,development,risk-engineering
i-0143,c5.2xlarge,34.94,65.78,27.62,720,2026-06,development,risk-engineering
i-0144,t3.large,18.34,65.18,38.18,720,2026-01,sandbox,product-engineering
i-0144,t3.large,31.38,72.32,42.98,720,2026-02,sandbox,product-engineering
i-0144,t3.large,21.18,67.38,53.67,720,2026-03,sandbox,product-engineering
i-0144,t3.large,27.86,63.87,35.12,720,2026-04,sandbox,product-engineering
i-0144,t3.large,24.49,65.71,52.83,720,2026-05,sandbox,product-engineering
i-0144,t3.large,28.69,67.64,30.15,720,2026-06,sandbox,product-engineering
i-0145,m5.xlarge,21.6,58.62,30.3,720,2026-01,production,lending-backend
i-0145,m5.xlarge,28.79,50.21,48.75,720,2026-02,production,lending-backend
i-0145,m5.xlarge,31.74,56.23,30.42,720,2026-03,production,lending-backend
i-0145,m5.xlarge,29.0,74.75,43.68,720,2026-04,production,lending-backend
i-0145,m5.xlarge,18.61,40.61,34.61,720,2026-05,production,lending-backend
i-0145,m5.xlarge,21.33,68.46,50.34,720,2026-06,production,lending-backend
i-0146,m5.large,22.4,51.4,32.09,720,2026-01,staging,platform-infra
i-0146,m5.large,33.44,57.59,44.68,720,2026-02,staging,platform-infra
i-0146,m5.large,25.06,62.09,36.58,720,2026-03,staging,platform-infra
i-0146,m5.large,23.77,62.21,42.73,720,2026-04,staging,platform-infra
i-0146,m5.large,22.99,45.23,36.06,720,2026-05,staging,platform-infra
i-0146,m5.large,25.06,62.0,52.44,720,2026-06,staging,platform-infra
i-0147,m5.2xlarge,18.62,48.53,30.81,720,2026-01,development,data-engineering
i-0147,m5.2xlarge,26.54,55.04,46.87,720,2026-02,development,data-engineering
i-0147,m5.2xlarge,22.12,60.81,51.52,720,2026-03,development,data-engineering
i-0147,m5.2xlarge,33.48,73.56,48.2,720,2026-04,development,data-engineering
i-0147,m5.2xlarge,33.4,48.21,30.93,720,2026-05,development,data-engineering
i-0147,m5.2xlarge,18.11,64.74,53.12,720,2026-06,development,data-engineering
i-0148,r5.xlarge,21.18,62.29,47.39,720,2026-01,sandbox,payments
i-0148,r5.xlarge,33.77,62.64,54.11,720,2026-02,sandbox,payments
i-0148,r5.xlarge,23.86,52.25,41.29,720,2026-03,sandbox,payments
i-0148,r5.xlarge,24.52,40.05,46.95,720,2026-04,sandbox,payments
i-0148,r5.xlarge,30.78,66.14,35.35,720,2026-05,sandbox,payments
i-0148,r5.xlarge,26.88,52.6,25.48,720,2026-06,sandbox,payments
i-0149,r5.2xlarge,27.56,44.33,27.4,720,2026-01,production,risk-engineering
i-0149,r5.2xlarge,30.84,40.33,53.77,720,2026-02,production,risk-engineering
i-0149,r5.2xlarge,26.76,74.41,26.74,720,2026-03,production,risk-engineering
i-0149,r5.2xlarge,27.92,52.23,50.3,720,2026-04,production,risk-engineering
i-0149,r5.2xlarge,24.14,49.12,50.73,720,2026-05,production,risk-engineering
i-0149,r5.2xlarge,24.37,40.59,36.71,720,2026-06,production,risk-engineering
i-0150,c5.xlarge,29.13,48.9,37.96,720,2026-01,staging,product-engineering
i-0150,c5.xlarge,18.96,60.58,47.69,720,2026-02,staging,product-engineering
i-0150,c5.xlarge,25.03,54.71,27.65,720,2026-03,staging,product-engineering
i-0150,c5.xlarge,21.43,45.41,39.45,720,2026-04,staging,product-engineering
i-0150,c5.xlarge,27.0,73.21,27.2,720,2026-05,staging,product-engineering
i-0150,c5.xlarge,28.2,58.43,40.49,720,2026-06,staging,product-engineering
i-0151,c5.2xlarge,32.84,47.19,26.22,720,2026-01,development,lending-backend
i-0151,c5.2xlarge,29.43,52.08,25.53,720,2026-02,development,lending-backend
i-0151,c5.2xlarge,22.27,50.83,43.51,720,2026-03,development,lending-backend
i-0151,c5.2xlarge,20.93,54.46,39.47,720,2026-04,development,lending-backend
i-0151,c5.2xlarge,25.81,74.09,26.37,720,2026-05,development,lending-backend
i-0151,c5.2xlarge,34.17,60.37,48.87,720,2026-06,development,lending-backend
i-0152,t3.large,25.32,55.88,51.38,720,2026-01,sandbox,platform-infra
i-0152,t3.large,33.23,48.35,30.98,720,2026-02,sandbox,platform-infra
i-0152,t3.large,26.44,71.51,34.67,720,2026-03,sandbox,platform-infra
i-0152,t3.large,29.08,64.79,48.36,720,2026-04,sandbox,platform-infra
i-0152,t3.large,27.59,54.09,54.01,720,2026-05,sandbox,platform-infra
i-0152,t3.large,28.39,65.5,35.35,720,2026-06,sandbox,platform-infra
i-0153,m5.xlarge,29.39,49.02,32.35,720,2026-01,production,data-engineering
i-0153,m5.xlarge,30.15,58.25,45.5,720,2026-02,production,data-engineering
i-0153,m5.xlarge,22.58,60.96,38.32,720,2026-03,production,data-engineering
i-0153,m5.xlarge,28.15,50.18,46.46,720,2026-04,production,data-engineering
i-0153,m5.xlarge,31.7,49.1,34.02,720,2026-05,production,data-engineering
i-0153,m5.xlarge,29.24,64.35,46.12,720,2026-06,production,data-engineering
i-0154,m5.large,29.61,53.75,36.85,720,2026-01,staging,payments
i-0154,m5.large,22.33,45.49,45.78,720,2026-02,staging,payments
i-0154,m5.large,19.58,72.82,49.8,720,2026-03,staging,payments
i-0154,m5.large,32.58,71.73,37.26,720,2026-04,staging,payments
i-0154,m5.large,32.39,45.53,25.65,720,2026-05,staging,payments
i-0154,m5.large,31.34,42.62,54.66,720,2026-06,staging,payments
i-0155,m5.2xlarge,29.47,66.37,32.37,720,2026-01,development,risk-engineering
i-0155,m5.2xlarge,29.46,41.51,50.13,720,2026-02,development,risk-engineering
i-0155,m5.2xlarge,20.88,64.41,31.73,720,2026-03,development,risk-engineering
i-0155,m5.2xlarge,19.16,56.85,30.08,720,2026-04,development,risk-engineering
i-0155,m5.2xlarge,30.4,48.31,35.27,720,2026-05,development,risk-engineering
i-0155,m5.2xlarge,27.65,49.97,36.34,720,2026-06,development,risk-engineering
i-0156,r5.xlarge,31.87,46.27,27.47,720,2026-01,sandbox,product-engineering
i-0156,r5.xlarge,23.58,54.85,41.28,720,2026-02,sandbox,product-engineering
i-0156,r5.xlarge,24.33,67.65,26.18,720,2026-03,sandbox,product-engineering
i-0156,r5.xlarge,25.34,53.38,44.43,720,2026-04,sandbox,product-engineering
i-0156,r5.xlarge,34.43,57.86,54.61,720,2026-05,sandbox,product-engineering
i-0156,r5.xlarge,23.14,41.08,29.97,720,2026-06,sandbox,product-engineering
i-0157,r5.2xlarge,24.72,51.07,27.91,720,2026-01,production,lending-backend
i-0157,r5.2xlarge,25.36,51.83,28.68,720,2026-02,production,lending-backend
i-0157,r5.2xlarge,23.03,71.03,34.06,720,2026-03,production,lending-backend
i-0157,r5.2xlarge,30.14,61.42,37.82,720,2026-04,production,lending-backend
i-0157,r5.2xlarge,22.06,52.92,42.76,720,2026-05,production,lending-backend
i-0157,r5.2xlarge,23.96,47.52,28.49,720,2026-06,production,lending-backend
i-0158,c5.xlarge,32.96,55.41,43.76,720,2026-01,staging,platform-infra
i-0158,c5.xlarge,26.34,70.54,41.41,720,2026-02,staging,platform-infra
i-0158,c5.xlarge,26.17,72.36,46.59,720,2026-03,staging,platform-infra
i-0158,c5.xlarge,19.9,46.22,48.61,720,2026-04,staging,platform-infra
i-0158,c5.xlarge,32.21,59.08,41.63,720,2026-05,staging,platform-infra
i-0158,c5.xlarge,28.74,55.37,45.41,720,2026-06,staging,platform-infra
i-0159,c5.2xlarge,19.84,73.64,47.5,720,2026-01,development,data-engineering
i-0159,c5.2xlarge,28.73,51.07,29.83,720,2026-02,development,data-engineering
i-0159,c5.2xlarge,24.96,63.16,44.01,720,2026-03,development,data-engineering
i-0159,c5.2xlarge,24.5,61.47,49.41,720,2026-04,development,data-engineering
i-0159,c5.2xlarge,18.45,55.77,47.76,720,2026-05,development,data-engineering
i-0159,c5.2xlarge,27.28,62.8,40.5,720,2026-06,development,data-engineering
i-0160,t3.large,34.86,41.91,39.73,720,2026-01,sandbox,payments
i-0160,t3.large,19.55,45.59,36.49,720,2026-02,sandbox,payments
i-0160,t3.large,20.64,73.73,53.4,720,2026-03,sandbox,payments
i-0160,t3.large,23.71,62.39,41.01,720,2026-04,sandbox,payments
i-0160,t3.large,31.86,61.96,25.01,720,2026-05,sandbox,payments
i-0160,t3.large,30.97,66.14,40.29,720,2026-06,sandbox,payments
i-0161,m5.xlarge,33.35,71.8,40.72,720,2026-01,production,risk-engineering
i-0161,m5.xlarge,28.34,74.88,33.96,720,2026-02,production,risk-engineering
i-0161,m5.xlarge,23.52,46.4,51.88,720,2026-03,production,risk-engineering
i-0161,m5.xlarge,30.66,43.7,54.45,720,2026-04,production,risk-engineering
i-0161,m5.xlarge,30.43,69.77,26.44,720,2026-05,production,risk-engineering
i-0161,m5.xlarge,26.58,64.45,41.29,720,2026-06,production,risk-engineering
i-0162,m5.large,29.33,68.63,36.23,720,2026-01,staging,product-engineering
i-0162,m5.large,32.43,45.7,33.13,720,2026-02,staging,product-engineering
i-0162,m5.large,18.74,52.75,36.4,720,2026-03,staging,product-engineering
i-0162,m5.large,31.69,62.86,38.1,720,2026-04,staging,product-engineering
i-0162,m5.large,29.09,41.85,30.41,720,2026-05,staging,product-engineering
i-0162,m5.large,28.66,62.45,48.22,720,2026-06,staging,product-engineering
i-0163,m5.2xlarge,24.85,65.29,45.52,720,2026-01,development,lending-backend
i-0163,m5.2xlarge,34.38,47.53,41.55,720,2026-02,development,lending-backend
i-0163,m5.2xlarge,28.23,74.95,31.04,720,2026-03,development,lending-backend
i-0163,m5.2xlarge,26.89,52.12,40.78,720,2026-04,development,lending-backend
i-0163,m5.2xlarge,21.95,41.67,42.18,720,2026-05,development,lending-backend
i-0163,m5.2xlarge,23.71,46.37,34.72,720,2026-06,development,lending-backend
i-0164,r5.xlarge,18.84,73.27,42.43,720,2026-01,sandbox,platform-infra
i-0164,r5.xlarge,31.85,54.81,52.1,720,2026-02,sandbox,platform-infra
i-0164,r5.xlarge,26.22,60.09,39.75,720,2026-03,sandbox,platform-infra
i-0164,r5.xlarge,30.47,59.83,33.15,720,2026-04,sandbox,platform-infra
i-0164,r5.xlarge,20.47,61.21,39.68,720,2026-05,sandbox,platform-infra
i-0164,r5.xlarge,19.63,53.85,40.44,720,2026-06,sandbox,platform-infra
i-0165,r5.2xlarge,32.06,42.66,35.45,720,2026-01,production,data-engineering
i-0165,r5.2xlarge,31.99,62.69,33.7,720,2026-02,production,data-engineering
i-0165,r5.2xlarge,32.37,57.27,39.95,720,2026-03,production,data-engineering
i-0165,r5.2xlarge,34.6,73.15,35.76,720,2026-04,production,data-engineering
i-0165,r5.2xlarge,20.39,51.4,25.91,720,2026-05,production,data-engineering
i-0165,r5.2xlarge,18.35,53.84,53.23,720,2026-06,production,data-engineering
i-0166,c5.xlarge,32.81,57.9,41.96,720,2026-01,staging,payments
i-0166,c5.xlarge,18.1,47.54,25.74,720,2026-02,staging,payments
i-0166,c5.xlarge,30.83,45.1,51.07,720,2026-03,staging,payments
i-0166,c5.xlarge,28.94,48.03,29.73,720,2026-04,staging,payments
i-0166,c5.xlarge,28.67,71.53,46.55,720,2026-05,staging,payments
i-0166,c5.xlarge,23.93,60.56,34.32,720,2026-06,staging,payments
i-0167,c5.2xlarge,34.99,66.21,43.43,720,2026-01,development,risk-engineering
i-0167,c5.2xlarge,25.2,61.64,35.25,720,2026-02,development,risk-engineering
i-0167,c5.2xlarge,18.49,53.83,52.91,720,2026-03,development,risk-engineering
i-0167,c5.2xlarge,28.65,42.94,51.55,720,2026-04,development,risk-engineering
i-0167,c5.2xlarge,22.57,48.53,33.91,720,2026-05,development,risk-engineering
i-0167,c5.2xlarge,27.81,59.06,39.74,720,2026-06,development,risk-engineering
i-0168,t3.large,30.2,51.08,48.46,720,2026-01,sandbox,product-engineering
i-0168,t3.large,20.98,67.39,44.91,720,2026-02,sandbox,product-engineering
i-0168,t3.large,29.61,56.85,45.01,720,2026-03,sandbox,product-engineering
i-0168,t3.large,19.36,69.8,26.67,720,2026-04,sandbox,product-engineering
i-0168,t3.large,20.53,60.19,47.18,720,2026-05,sandbox,product-engineering
i-0168,t3.large,19.3,72.23,54.21,720,2026-06,sandbox,product-engineering
i-0169,m5.xlarge,28.3,56.84,47.24,720,2026-01,production,lending-backend
i-0169,m5.xlarge,23.58,57.26,52.48,720,2026-02,production,lending-backend
i-0169,m5.xlarge,34.25,72.45,32.87,720,2026-03,production,lending-backend
i-0169,m5.xlarge,21.95,50.42,38.24,720,2026-04,production,lending-backend
i-0169,m5.xlarge,23.34,53.1,43.62,720,2026-05,production,lending-backend
i-0169,m5.xlarge,30.96,65.74,49.43,720,2026-06,production,lending-backend
i-0170,m5.large,18.55,41.67,48.68,720,2026-01,staging,platform-infra
i-0170,m5.large,27.06,60.23,26.58,720,2026-02,staging,platform-infra
i-0170,m5.large,22.34,62.34,50.78,720,2026-03,staging,platform-infra
i-0170,m5.large,33.59,57.51,41.36,720,2026-04,staging,platform-infra
i-0170,m5.large,32.16,58.82,40.51,720,2026-05,staging,platform-infra
i-0170,m5.large,33.39,67.65,52.27,720,2026-06,staging,platform-infra
i-0171,m5.2xlarge,43.73,80.73,73.7,720,2026-01,development,data-engineering
i-0171,m5.2xlarge,39.45,88.84,47.32,720,2026-02,development,data-engineering
i-0171,m5.2xlarge,67.32,83.36,47.73,720,2026-03,development,data-engineering
i-0171,m5.2xlarge,53.93,85.46,65.35,720,2026-04,development,data-engineering
i-0171,m5.2xlarge,52.09,91.98,60.77,720,2026-05,development,data-engineering
i-0171,m5.2xlarge,55.23,66.87,76.88,720,2026-06,development,data-engineering
i-0172,r5.xlarge,42.08,80.85,72.14,720,2026-01,sandbox,payments
i-0172,r5.xlarge,43.62,80.82,49.63,720,2026-02,sandbox,payments
i-0172,r5.xlarge,65.39,81.93,74.24,720,2026-03,sandbox,payments
i-0172,r5.xlarge,70.78,84.46,69.02,720,2026-04,sandbox,payments
i-0172,r5.xlarge,56.97,76.53,65.92,720,2026-05,sandbox,payments
i-0172,r5.xlarge,71.33,77.5,52.58,720,2026-06,sandbox,payments
i-0173,r5.2xlarge,50.54,78.06,42.94,720,2026-01,production,risk-engineering
i-0173,r5.2xlarge,54.94,79.83,63.54,720,2026-02,production,risk-engineering
i-0173,r5.2xlarge,49.51,83.39,75.13,720,2026-03,production,risk-engineering
i-0173,r5.2xlarge,73.22,82.51,41.7,720,2026-04,production,risk-engineering
i-0173,r5.2xlarge,73.77,86.18,53.44,720,2026-05,production,risk-engineering
i-0173,r5.2xlarge,40.89,69.3,46.71,720,2026-06,production,risk-engineering
i-0174,c5.xlarge,36.82,92.06,61.63,720,2026-01,staging,product-engineering
i-0174,c5.xlarge,63.0,89.84,71.66,720,2026-02,staging,product-engineering
i-0174,c5.xlarge,70.3,94.02,57.56,720,2026-03,staging,product-engineering
i-0174,c5.xlarge,73.01,86.7,42.83,720,2026-04,staging,product-engineering
i-0174,c5.xlarge,62.27,85.6,76.23,720,2026-05,staging,product-engineering
i-0174,c5.xlarge,49.92,82.55,40.49,720,2026-06,staging,product-engineering
i-0175,c5.2xlarge,48.28,66.87,60.87,720,2026-01,development,lending-backend
i-0175,c5.2xlarge,67.7,71.19,61.1,720,2026-02,development,lending-backend
i-0175,c5.2xlarge,43.16,68.62,60.44,720,2026-03,development,lending-backend
i-0175,c5.2xlarge,38.17,82.62,41.25,720,2026-04,development,lending-backend
i-0175,c5.2xlarge,39.27,81.5,63.66,720,2026-05,development,lending-backend
i-0175,c5.2xlarge,36.16,82.2,73.54,720,2026-06,development,lending-backend
i-0176,t3.large,63.89,68.94,63.7,720,2026-01,sandbox,platform-infra
i-0176,t3.large,61.89,66.12,74.21,720,2026-02,sandbox,platform-infra
i-0176,t3.large,71.25,90.51,72.99,720,2026-03,sandbox,platform-infra
i-0176,t3.large,64.8,84.0,67.15,720,2026-04,sandbox,platform-infra
i-0176,t3.large,67.26,84.87,53.11,720,2026-05,sandbox,platform-infra
i-0176,t3.large,50.04,91.91,40.68,720,2026-06,sandbox,platform-infra
i-0177,m5.xlarge,62.95,93.64,68.25,720,2026-01,production,data-engineering
i-0177,m5.xlarge,74.76,85.63,41.37,720,2026-02,production,data-engineering
i-0177,m5.xlarge,68.08,73.54,57.84,720,2026-03,production,data-engineering
i-0177,m5.xlarge,47.48,73.06,57.26,720,2026-04,production,data-engineering
i-0177,m5.xlarge,50.15,84.0,72.53,720,2026-05,production,data-engineering
i-0177,m5.xlarge,46.88,71.41,66.68,720,2026-06,production,data-engineering
i-0178,m5.large,61.81,92.03,40.64,720,2026-01,staging,payments
i-0178,m5.large,69.12,80.63,64.85,720,2026-02,staging,payments
i-0178,m5.large,38.65,77.98,49.09,720,2026-03,staging,payments
i-0178,m5.large,45.17,80.12,72.5,720,2026-04,staging,payments
i-0178,m5.large,64.75,82.73,61.58,720,2026-05,staging,payments
i-0178,m5.large,52.09,94.18,62.41,720,2026-06,staging,payments
i-0179,m5.2xlarge,45.16,71.9,64.45,720,2026-01,development,risk-engineering
i-0179,m5.2xlarge,55.91,65.23,73.2,720,2026-02,development,risk-engineering
i-0179,m5.2xlarge,63.16,84.85,42.75,720,2026-03,development,risk-engineering
i-0179,m5.2xlarge,49.48,93.06,74.5,720,2026-04,development,risk-engineering
i-0179,m5.2xlarge,46.42,69.71,57.96,720,2026-05,development,risk-engineering
i-0179,m5.2xlarge,49.23,85.47,78.66,720,2026-06,development,risk-engineering
i-0180,r5.xlarge,49.52,66.87,75.9,720,2026-01,sandbox,product-engineering
i-0180,r5.xlarge,36.52,93.58,66.58,720,2026-02,sandbox,product-engineering
i-0180,r5.xlarge,72.67,70.99,41.63,720,2026-03,sandbox,product-engineering
i-0180,r5.xlarge,54.53,78.52,53.26,720,2026-04,sandbox,product-engineering
i-0180,r5.xlarge,73.31,89.68,66.46,720,2026-05,sandbox,product-engineering
i-0180,r5.xlarge,41.51,87.03,69.08,720,2026-06,sandbox,product-engineering
i-0181,r5.2xlarge,52.0,92.74,46.68,720,2026-01,production,lending-backend
i-0181,r5.2xlarge,45.69,66.9,71.82,720,2026-02,production,lending-backend
i-0181,r5.2xlarge,59.87,74.45,46.55,720,2026-03,production,lending-backend
i-0181,r5.2xlarge,36.61,70.0,58.13,720,2026-04,production,lending-backend
i-0181,r5.2xlarge,44.89,72.77,75.02,720,2026-05,production,lending-backend
i-0181,r5.2xlarge,55.61,86.88,41.43,720,2026-06,production,lending-backend
i-0182,c5.xlarge,49.61,79.38,47.46,720,2026-01,staging,platform-infra
i-0182,c5.xlarge,39.81,91.11,77.58,720,2026-02,staging,platform-infra
i-0182,c5.xlarge,38.15,75.47,78.33,720,2026-03,staging,platform-infra
i-0182,c5.xlarge,38.33,84.31,78.89,720,2026-04,staging,platform-infra
i-0182,c5.xlarge,74.13,79.14,46.51,720,2026-05,staging,platform-infra
i-0182,c5.xlarge,43.08,91.69,76.47,720,2026-06,staging,platform-infra
i-0183,c5.2xlarge,59.32,87.99,69.6,720,2026-01,development,data-engineering
i-0183,c5.2xlarge,61.47,89.82,67.42,720,2026-02,development,data-engineering
i-0183,c5.2xlarge,56.36,72.11,69.76,720,2026-03,development,data-engineering
i-0183,c5.2xlarge,53.94,73.84,72.08,720,2026-04,development,data-engineering
i-0183,c5.2xlarge,62.87,93.12,46.62,720,2026-05,development,data-engineering
i-0183,c5.2xlarge,60.97,72.33,76.14,720,2026-06,development,data-engineering
i-0184,t3.large,38.98,84.68,71.64,720,2026-01,sandbox,payments
i-0184,t3.large,49.2,93.62,74.03,720,2026-02,sandbox,payments
i-0184,t3.large,46.78,65.23,51.87,720,2026-03,sandbox,payments
i-0184,t3.large,46.25,91.7,78.68,720,2026-04,sandbox,payments
i-0184,t3.large,37.82,79.14,61.93,720,2026-05,sandbox,payments
i-0184,t3.large,38.72,76.32,52.68,720,2026-06,sandbox,payments
i-0185,m5.xlarge,56.44,84.84,68.14,720,2026-01,production,risk-engineering
i-0185,m5.xlarge,40.47,89.39,67.14,720,2026-02,production,risk-engineering
i-0185,m5.xlarge,70.56,78.48,75.76,720,2026-03,production,risk-engineering
i-0185,m5.xlarge,69.63,78.15,55.25,720,2026-04,production,risk-engineering
i-0185,m5.xlarge,72.31,86.45,77.13,720,2026-05,production,risk-engineering
i-0185,m5.xlarge,66.88,83.28,44.63,720,2026-06,production,risk-engineering
i-0186,m5.large,46.66,94.07,52.78,720,2026-01,staging,product-engineering
i-0186,m5.large,38.73,86.23,69.36,720,2026-02,staging,product-engineering
i-0186,m5.large,46.42,73.93,58.76,720,2026-03,staging,product-engineering
i-0186,m5.large,35.87,88.68,52.68,720,2026-04,staging,product-engineering
i-0186,m5.large,69.15,89.08,66.46,720,2026-05,staging,product-engineering
i-0186,m5.large,47.99,80.49,57.79,720,2026-06,staging,product-engineering
i-0187,m5.2xlarge,48.56,90.44,59.34,720,2026-01,development,lending-backend
i-0187,m5.2xlarge,68.31,68.16,45.64,720,2026-02,development,lending-backend
i-0187,m5.2xlarge,74.09,82.63,60.39,720,2026-03,development,lending-backend
i-0187,m5.2xlarge,55.93,71.46,68.75,720,2026-04,development,lending-backend
i-0187,m5.2xlarge,38.39,82.2,62.83,720,2026-05,development,lending-backend
i-0187,m5.2xlarge,71.57,80.79,45.48,720,2026-06,development,lending-backend
i-0188,r5.xlarge,57.91,67.74,48.15,720,2026-01,sandbox,platform-infra
i-0188,r5.xlarge,36.24,80.4,43.38,720,2026-02,sandbox,platform-infra
i-0188,r5.xlarge,53.78,92.99,68.79,720,2026-03,sandbox,platform-infra
i-0188,r5.xlarge,38.1,71.73,66.95,720,2026-04,sandbox,platform-infra
i-0188,r5.xlarge,70.79,65.99,72.5,720,2026-05,sandbox,platform-infra
i-0188,r5.xlarge,57.47,81.38,78.31,720,2026-06,sandbox,platform-infra
i-0189,r5.2xlarge,64.91,90.5,54.16,720,2026-01,production,data-engineering
i-0189,r5.2xlarge,57.17,83.46,52.86,720,2026-02,production,data-engineering
i-0189,r5.2xlarge,57.81,72.1,45.74,720,2026-03,production,data-engineering
i-0189,r5.2xlarge,49.96,87.18,76.65,720,2026-04,production,data-engineering
i-0189,r5.2xlarge,53.31,84.28,44.12,720,2026-05,production,data-engineering
i-0189,r5.2xlarge,71.18,82.06,71.21,720,2026-06,production,data-engineering
i-0190,c5.xlarge,66.78,72.69,61.17,720,2026-01,staging,payments
i-0190,c5.xlarge,73.42,67.69,67.32,720,2026-02,staging,payments
i-0190,c5.xlarge,73.49,74.02,74.46,720,2026-03,staging,payments
i-0190,c5.xlarge,72.35,87.41,49.25,720,2026-04,staging,payments
i-0190,c5.xlarge,48.36,66.07,73.26,720,2026-05,staging,payments
i-0190,c5.xlarge,68.98,83.98,54.1,720,2026-06,staging,payments
i-0191,c5.2xlarge,38.07,87.59,69.06,720,2026-01,development,risk-engineering
i-0191,c5.2xlarge,71.5,86.92,73.15,720,2026-02,development,risk-engineering
i-0191,c5.2xlarge,64.84,83.92,57.08,720,2026-03,development,risk-engineering
i-0191,c5.2xlarge,71.08,84.53,55.93,720,2026-04,development,risk-engineering
i-0191,c5.2xlarge,38.34,73.72,61.75,720,2026-05,development,risk-engineering
i-0191,c5.2xlarge,46.03,71.64,61.1,720,2026-06,development,risk-engineering
i-0192,t3.large,41.79,89.01,59.37,720,2026-01,sandbox,product-engineering
i-0192,t3.large,57.95,69.42,52.98,720,2026-02,sandbox,product-engineering
i-0192,t3.large,51.4,89.25,70.81,720,2026-03,sandbox,product-engineering
i-0192,t3.large,43.92,83.49,49.74,720,2026-04,sandbox,product-engineering
i-0192,t3.large,74.53,93.56,62.53,720,2026-05,sandbox,product-engineering
i-0192,t3.large,62.96,89.04,68.84,720,2026-06,sandbox,product-engineering
i-0193,m5.xlarge,62.99,93.76,63.86,720,2026-01,production,lending-backend
i-0193,m5.xlarge,60.45,90.48,66.8,720,2026-02,production,lending-backend
i-0193,m5.xlarge,64.32,72.03,54.85,720,2026-03,production,lending-backend
i-0193,m5.xlarge,40.89,80.17,58.23,720,2026-04,production,lending-backend
i-0193,m5.xlarge,74.89,83.34,71.46,720,2026-05,production,lending-backend
i-0193,m5.xlarge,48.36,89.95,64.6,720,2026-06,production,lending-backend
i-0194,m5.large,62.88,73.83,61.95,720,2026-01,staging,platform-infra
i-0194,m5.large,60.36,82.67,76.61,720,2026-02,staging,platform-infra
i-0194,m5.large,70.93,94.13,66.7,720,2026-03,staging,platform-infra
i-0194,m5.large,73.88,89.97,50.83,720,2026-04,staging,platform-infra
i-0194,m5.large,52.1,72.15,40.17,720,2026-05,staging,platform-infra
i-0194,m5.large,42.52,65.12,68.79,720,2026-06,staging,platform-infra
i-0195,m5.2xlarge,52.02,74.38,70.47,720,2026-01,development,data-engineering
i-0195,m5.2xlarge,68.3,94.26,65.68,720,2026-02,development,data-engineering
i-0195,m5.2xlarge,53.46,74.16,48.89,720,2026-03,development,data-engineering
i-0195,m5.2xlarge,43.52,77.28,79.67,720,2026-04,development,data-engineering
i-0195,m5.2xlarge,35.03,70.92,47.54,720,2026-05,development,data-engineering
i-0195,m5.2xlarge,63.68,75.57,58.29,720,2026-06,development,data-engineering
i-0196,r5.xlarge,40.94,77.15,44.13,720,2026-01,sandbox,payments
i-0196,r5.xlarge,56.32,67.94,71.62,720,2026-02,sandbox,payments
i-0196,r5.xlarge,57.66,86.72,56.74,720,2026-03,sandbox,payments
i-0196,r5.xlarge,50.26,67.95,60.95,720,2026-04,sandbox,payments
i-0196,r5.xlarge,55.58,79.04,69.62,720,2026-05,sandbox,payments
i-0196,r5.xlarge,68.3,87.52,45.75,720,2026-06,sandbox,payments
i-0197,r5.2xlarge,59.88,67.41,67.78,720,2026-01,production,risk-engineering
i-0197,r5.2xlarge,50.27,68.97,74.48,720,2026-02,production,risk-engineering
i-0197,r5.2xlarge,59.56,75.64,41.23,720,2026-03,production,risk-engineering
i-0197,r5.2xlarge,56.49,92.7,63.86,720,2026-04,production,risk-engineering
i-0197,r5.2xlarge,73.87,69.09,62.73,720,2026-05,production,risk-engineering
i-0197,r5.2xlarge,66.93,80.77,43.64,720,2026-06,production,risk-engineering
i-0198,c5.xlarge,58.32,83.35,69.15,720,2026-01,staging,product-engineering
i-0198,c5.xlarge,65.45,88.12,66.54,720,2026-02,staging,product-engineering
i-0198,c5.xlarge,43.63,77.13,71.05,720,2026-03,staging,product-engineering
i-0198,c5.xlarge,73.14,67.37,61.42,720,2026-04,staging,product-engineering
i-0198,c5.xlarge,47.5,71.76,60.23,720,2026-05,staging,product-engineering
i-0198,c5.xlarge,59.24,65.29,71.21,720,2026-06,staging,product-engineering
i-0199,c5.2xlarge,67.8,93.97,47.23,720,2026-01,development,lending-backend
i-0199,c5.2xlarge,58.78,77.8,53.39,720,2026-02,development,lending-backend
i-0199,c5.2xlarge,57.63,88.47,40.92,720,2026-03,development,lending-backend
i-0199,c5.2xlarge,73.78,89.3,70.05,720,2026-04,development,lending-backend
i-0199,c5.2xlarge,65.42,76.67,70.06,720,2026-05,development,lending-backend
i-0199,c5.2xlarge,50.47,91.96,47.09,720,2026-06,development,lending-backend
i-0200,t3.large,46.69,81.54,52.77,720,2026-01,sandbox,platform-infra
i-0200,t3.large,51.97,79.77,74.25,720,2026-02,sandbox,platform-infra
i-0200,t3.large,55.93,75.87,49.91,720,2026-03,sandbox,platform-infra
i-0200,t3.large,51.35,80.47,69.84,720,2026-04,sandbox,platform-infra
i-0200,t3.large,39.84,71.65,55.19,720,2026-05,sandbox,platform-infra
i-0200,t3.large,49.42,76.75,71.74,720,2026-06,sandbox,platform-infra
i-0201,m5.xlarge,47.97,80.06,64.96,720,2026-01,production,data-engineering
i-0201,m5.xlarge,44.29,86.56,61.88,720,2026-02,production,data-engineering
i-0201,m5.xlarge,52.87,89.29,49.74,720,2026-03,production,data-engineering
i-0201,m5.xlarge,70.33,81.83,64.37,720,2026-04,production,data-engineering
i-0201,m5.xlarge,70.0,89.53,64.06,720,2026-05,production,data-engineering
i-0201,m5.xlarge,65.13,78.0,61.9,720,2026-06,production,data-engineering
i-0202,m5.large,37.48,67.7,73.18,720,2026-01,staging,payments
i-0202,m5.large,37.39,70.08,71.83,720,2026-02,staging,payments
i-0202,m5.large,35.05,73.47,63.36,720,2026-03,staging,payments
i-0202,m5.large,58.82,88.31,60.24,720,2026-04,staging,payments
i-0202,m5.large,55.38,86.76,59.94,720,2026-05,staging,payments
i-0202,m5.large,59.34,91.93,56.06,720,2026-06,staging,payments
i-0203,m5.2xlarge,50.41,65.11,64.54,720,2026-01,development,risk-engineering
i-0203,m5.2xlarge,36.19,80.12,72.17,720,2026-02,development,risk-engineering
i-0203,m5.2xlarge,57.0,73.09,71.45,720,2026-03,development,risk-engineering
i-0203,m5.2xlarge,45.79,86.99,64.41,720,2026-04,development,risk-engineering
i-0203,m5.2xlarge,41.8,92.15,48.03,720,2026-05,development,risk-engineering
i-0203,m5.2xlarge,74.58,65.22,50.54,720,2026-06,development,risk-engineering
i-0204,r5.xlarge,42.99,65.42,69.29,720,2026-01,sandbox,product-engineering
i-0204,r5.xlarge,62.74,88.77,50.27,720,2026-02,sandbox,product-engineering
i-0204,r5.xlarge,52.77,84.77,57.59,720,2026-03,sandbox,product-engineering
i-0204,r5.xlarge,62.89,84.02,44.59,720,2026-04,sandbox,product-engineering
i-0204,r5.xlarge,66.24,86.62,66.23,720,2026-05,sandbox,product-engineering
i-0204,r5.xlarge,41.2,73.04,55.73,720,2026-06,sandbox,product-engineering
i-0205,r5.2xlarge,46.2,71.83,72.21,720,2026-01,production,lending-backend
i-0205,r5.2xlarge,60.53,81.96,49.04,720,2026-02,production,lending-backend
i-0205,r5.2xlarge,71.72,70.74,71.8,720,2026-03,production,lending-backend
i-0205,r5.2xlarge,73.67,86.81,79.71,720,2026-04,production,lending-backend
i-0205,r5.2xlarge,61.04,71.52,48.15,720,2026-05,production,lending-backend
i-0205,r5.2xlarge,47.98,65.21,67.27,720,2026-06,production,lending-backend
i-0206,c5.xlarge,45.75,89.46,54.37,720,2026-01,staging,platform-infra
i-0206,c5.xlarge,54.2,93.97,49.69,720,2026-02,staging,platform-infra
i-0206,c5.xlarge,63.85,87.65,48.84,720,2026-03,staging,platform-infra
i-0206,c5.xlarge,55.04,75.51,70.88,720,2026-04,staging,platform-infra
i-0206,c5.xlarge,59.9,79.28,71.17,720,2026-05,staging,platform-infra
i-0206,c5.xlarge,44.41,87.61,74.61,720,2026-06,staging,platform-infra
i-0207,c5.2xlarge,70.14,88.51,56.32,720,2026-01,development,data-engineering
i-0207,c5.2xlarge,74.27,76.39,65.55,720,2026-02,development,data-engineering
i-0207,c5.2xlarge,41.44,94.41,68.16,720,2026-03,development,data-engineering
i-0207,c5.2xlarge,65.14,66.97,70.54,720,2026-04,development,data-engineering
i-0207,c5.2xlarge,65.99,85.15,51.68,720,2026-05,development,data-engineering
i-0207,c5.2xlarge,54.59,68.31,58.86,720,2026-06,development,data-engineering
i-0208,t3.large,44.75,75.47,46.5,720,2026-01,sandbox,payments
i-0208,t3.large,44.2,67.3,76.8,720,2026-02,sandbox,payments
i-0208,t3.large,56.22,76.9,61.4,720,2026-03,sandbox,payments
i-0208,t3.large,60.13,92.66,47.15,720,2026-04,sandbox,payments
i-0208,t3.large,46.82,94.27,54.85,720,2026-05,sandbox,payments
i-0208,t3.large,35.9,69.43,41.05,720,2026-06,sandbox,payments
i-0209,m5.xlarge,74.6,73.37,76.94,720,2026-01,production,risk-engineering
i-0209,m5.xlarge,74.84,83.0,41.33,720,2026-02,production,risk-engineering
i-0209,m5.xlarge,38.26,79.45,56.25,720,2026-03,production,risk-engineering
i-0209,m5.xlarge,59.25,78.17,77.36,720,2026-04,production,risk-engineering
i-0209,m5.xlarge,56.39,85.81,75.86,720,2026-05,production,risk-engineering
i-0209,m5.xlarge,40.87,71.89,44.29,720,2026-06,production,risk-engineering
i-0210,m5.large,40.59,80.38,52.85,720,2026-01,staging,product-engineering
i-0210,m5.large,51.93,94.47,46.27,720,2026-02,staging,product-engineering
i-0210,m5.large,56.63,67.97,52.74,720,2026-03,staging,product-engineering
i-0210,m5.large,56.1,93.4,55.65,720,2026-04,staging,product-engineering
i-0210,m5.large,37.6,76.64,45.83,720,2026-05,staging,product-engineering
i-0210,m5.large,44.2,83.54,42.7,720,2026-06,staging,product-engineering
i-0211,m5.2xlarge,53.59,83.28,56.87,720,2026-01,development,lending-backend
i-0211,m5.2xlarge,35.77,94.57,54.68,720,2026-02,development,lending-backend
i-0211,m5.2xlarge,66.14,74.77,59.0,720,2026-03,development,lending-backend
i-0211,m5.2xlarge,50.54,75.28,40.87,720,2026-04,development,lending-backend
i-0211,m5.2xlarge,49.4,91.68,67.62,720,2026-05,development,lending-backend
i-0211,m5.2xlarge,40.82,82.73,75.69,720,2026-06,development,lending-backend
i-0212,r5.xlarge,63.0,69.46,74.71,720,2026-01,sandbox,platform-infra
i-0212,r5.xlarge,47.06,78.62,61.05,720,2026-02,sandbox,platform-infra
i-0212,r5.xlarge,69.02,92.95,77.19,720,2026-03,sandbox,platform-infra
i-0212,r5.xlarge,35.32,92.66,42.18,720,2026-04,sandbox,platform-infra
i-0212,r5.xlarge,45.63,80.45,59.2,720,2026-05,sandbox,platform-infra
i-0212,r5.xlarge,59.19,79.38,77.38,720,2026-06,sandbox,platform-infra
i-0213,r5.2xlarge,44.62,73.22,76.83,720,2026-01,production,data-engineering
i-0213,r5.2xlarge,38.07,83.29,67.27,720,2026-02,production,data-engineering
i-0213,r5.2xlarge,55.22,85.83,46.91,720,2026-03,production,data-engineering
i-0213,r5.2xlarge,69.11,69.2,56.03,720,2026-04,production,data-engineering
i-0213,r5.2xlarge,38.01,81.36,66.79,720,2026-05,production,data-engineering
i-0213,r5.2xlarge,72.65,87.18,61.64,720,2026-06,production,data-engineering
i-0214,c5.xlarge,72.3,79.35,62.45,720,2026-01,staging,payments
i-0214,c5.xlarge,58.84,77.3,73.54,720,2026-02,staging,payments
i-0214,c5.xlarge,42.41,81.65,68.89,720,2026-03,staging,payments
i-0214,c5.xlarge,71.16,91.52,60.35,720,2026-04,staging,payments
i-0214,c5.xlarge,60.73,76.83,58.73,720,2026-05,staging,payments
i-0214,c5.xlarge,71.25,92.92,75.82,720,2026-06,staging,payments
i-0215,c5.2xlarge,40.53,90.5,77.93,720,2026-01,development,risk-engineering
i-0215,c5.2xlarge,49.45,80.56,71.16,720,2026-02,development,risk-engineering
i-0215,c5.2xlarge,57.48,94.8,58.23,720,2026-03,development,risk-engineering
i-0215,c5.2xlarge,63.56,88.78,59.76,720,2026-04,development,risk-engineering
i-0215,c5.2xlarge,69.28,81.38,56.47,720,2026-05,development,risk-engineering
i-0215,c5.2xlarge,39.31,76.8,69.36,720,2026-06,development,risk-engineering
i-0216,t3.large,71.85,72.55,54.21,720,2026-01,sandbox,product-engineering
i-0216,t3.large,41.16,85.72,78.41,720,2026-02,sandbox,product-engineering
i-0216,t3.large,60.64,83.51,62.14,720,2026-03,sandbox,product-engineering
i-0216,t3.large,38.54,86.89,64.08,720,2026-04,sandbox,product-engineering
i-0216,t3.large,61.46,91.96,71.36,720,2026-05,sandbox,product-engineering
i-0216,t3.large,66.24,92.82,79.6,720,2026-06,sandbox,product-engineering
i-0217,m5.xlarge,58.25,68.27,58.37,720,2026-01,production,lending-backend
i-0217,m5.xlarge,66.5,65.83,42.28,720,2026-02,production,lending-backend
i-0217,m5.xlarge,37.69,86.93,60.05,720,2026-03,production,lending-backend
i-0217,m5.xlarge,49.76,68.17,69.29,720,2026-04,production,lending-backend
i-0217,m5.xlarge,47.84,72.96,66.09,720,2026-05,production,lending-backend
i-0217,m5.xlarge,57.36,75.87,65.66,720,2026-06,production,lending-backend
i-0218,m5.large,45.85,88.84,49.17,720,2026-01,staging,platform-infra
i-0218,m5.large,41.35,88.47,68.32,720,2026-02,staging,platform-infra
i-0218,m5.large,42.31,68.49,73.54,720,2026-03,staging,platform-infra
i-0218,m5.large,66.06,74.82,66.33,720,2026-04,staging,platform-infra
i-0218,m5.large,39.97,80.21,40.75,720,2026-05,staging,platform-infra
i-0218,m5.large,50.66,67.25,59.01,720,2026-06,staging,platform-infra
i-0219,m5.2xlarge,51.87,78.33,41.81,720,2026-01,development,data-engineering
i-0219,m5.2xlarge,49.46,87.69,54.76,720,2026-02,development,data-engineering
i-0219,m5.2xlarge,63.61,76.08,56.93,720,2026-03,development,data-engineering
i-0219,m5.2xlarge,57.56,93.52,44.35,720,2026-04,development,data-engineering
i-0219,m5.2xlarge,36.32,83.24,77.96,720,2026-05,development,data-engineering
i-0219,m5.2xlarge,74.59,79.52,58.72,720,2026-06,development,data-engineering
i-0220,r5.xlarge,60.8,81.67,65.36,720,2026-01,sandbox,payments
i-0220,r5.xlarge,69.96,87.39,59.88,720,2026-02,sandbox,payments
i-0220,r5.xlarge,53.47,84.19,58.23,720,2026-03,sandbox,payments
i-0220,r5.xlarge,53.31,65.49,46.96,720,2026-04,sandbox,payments
i-0220,r5.xlarge,54.54,89.68,51.15,720,2026-05,sandbox,payments
i-0220,r5.xlarge,55.91,75.35,44.19,720,2026-06,sandbox,payments
i-0221,r5.2xlarge,73.33,90.64,43.14,720,2026-01,production,risk-engineering
i-0221,r5.2xlarge,63.79,75.43,79.79,720,2026-02,production,risk-engineering
i-0221,r5.2xlarge,47.1,72.16,62.72,720,2026-03,production,risk-engineering
i-0221,r5.2xlarge,68.41,70.78,68.38,720,2026-04,production,risk-engineering
i-0221,r5.2xlarge,37.46,92.57,43.24,720,2026-05,production,risk-engineering
i-0221,r5.2xlarge,71.57,79.72,57.92,720,2026-06,production,risk-engineering
i-0222,c5.xlarge,73.93,94.71,66.01,720,2026-01,staging,product-engineering
i-0222,c5.xlarge,40.08,80.19,61.17,720,2026-02,staging,product-engineering
i-0222,c5.xlarge,55.58,82.08,40.75,720,2026-03,staging,product-engineering
i-0222,c5.xlarge,63.45,86.37,44.62,720,2026-04,staging,product-engineering
i-0222,c5.xlarge,57.81,82.05,67.3,720,2026-05,staging,product-engineering
i-0222,c5.xlarge,38.42,83.8,51.23,720,2026-06,staging,product-engineering
i-0223,c5.2xlarge,55.28,88.2,68.23,720,2026-01,development,lending-backend
i-0223,c5.2xlarge,39.76,82.74,78.76,720,2026-02,development,lending-backend
i-0223,c5.2xlarge,41.27,90.59,68.1,720,2026-03,development,lending-backend
i-0223,c5.2xlarge,65.96,73.46,51.52,720,2026-04,development,lending-backend
i-0223,c5.2xlarge,71.24,75.79,42.52,720,2026-05,development,lending-backend
i-0223,c5.2xlarge,59.02,68.74,71.86,720,2026-06,development,lending-backend
i-0224,t3.large,60.67,91.24,71.39,720,2026-01,sandbox,platform-infra
i-0224,t3.large,39.48,76.43,70.98,720,2026-02,sandbox,platform-infra
i-0224,t3.large,51.69,94.17,69.43,720,2026-03,sandbox,platform-infra
i-0224,t3.large,35.62,91.4,44.03,720,2026-04,sandbox,platform-infra
i-0224,t3.large,40.62,87.03,74.6,720,2026-05,sandbox,platform-infra
i-0224,t3.large,56.45,73.67,54.05,720,2026-06,sandbox,platform-infra
i-0225,m5.xlarge,48.72,74.8,49.72,720,2026-01,production,data-engineering
i-0225,m5.xlarge,59.35,92.01,52.28,720,2026-02,production,data-engineering
i-0225,m5.xlarge,42.47,90.16,69.67,720,2026-03,production,data-engineering
i-0225,m5.xlarge,72.23,69.97,45.77,720,2026-04,production,data-engineering
i-0225,m5.xlarge,56.66,83.43,59.21,720,2026-05,production,data-engineering
i-0225,m5.xlarge,58.96,70.41,59.18,720,2026-06,production,data-engineering
i-0226,m5.large,61.32,77.98,67.18,720,2026-01,staging,payments
i-0226,m5.large,53.05,75.01,52.14,720,2026-02,staging,payments
i-0226,m5.large,51.44,65.69,66.74,720,2026-03,staging,payments
i-0226,m5.large,68.8,75.64,41.84,720,2026-04,staging,payments
i-0226,m5.large,74.47,72.91,45.06,720,2026-05,staging,payments
i-0226,m5.large,49.79,87.16,51.76,720,2026-06,staging,payments
i-0227,m5.2xlarge,57.99,77.47,44.71,720,2026-01,development,risk-engineering
i-0227,m5.2xlarge,48.21,86.75,64.48,720,2026-02,development,risk-engineering
i-0227,m5.2xlarge,39.79,69.9,65.63,720,2026-03,development,risk-engineering
i-0227,m5.2xlarge,67.54,75.48,63.81,720,2026-04,development,risk-engineering
i-0227,m5.2xlarge,41.83,74.34,40.81,720,2026-05,development,risk-engineering
i-0227,m5.2xlarge,65.73,77.03,72.65,720,2026-06,development,risk-engineering
i-0228,r5.xlarge,63.33,89.86,51.43,720,2026-01,sandbox,product-engineering
i-0228,r5.xlarge,42.4,94.16,68.69,720,2026-02,sandbox,product-engineering
i-0228,r5.xlarge,68.36,65.39,54.18,720,2026-03,sandbox,product-engineering
i-0228,r5.xlarge,64.71,67.34,62.69,720,2026-04,sandbox,product-engineering
i-0228,r5.xlarge,52.16,65.53,49.44,720,2026-05,sandbox,product-engineering
i-0228,r5.xlarge,46.39,68.36,65.26,720,2026-06,sandbox,product-engineering
i-0229,r5.2xlarge,44.7,73.33,75.93,720,2026-01,production,lending-backend
i-0229,r5.2xlarge,53.68,76.76,68.95,720,2026-02,production,lending-backend
i-0229,r5.2xlarge,71.38,65.75,57.93,720,2026-03,production,lending-backend
i-0229,r5.2xlarge,59.43,74.56,70.9,720,2026-04,production,lending-backend
i-0229,r5.2xlarge,73.86,93.3,50.64,720,2026-05,production,lending-backend
i-0229,r5.2xlarge,44.05,93.72,58.35,720,2026-06,production,lending-backend
i-0230,c5.xlarge,43.33,86.21,51.38,720,2026-01,staging,platform-infra
i-0230,c5.xlarge,45.69,91.38,46.5,720,2026-02,staging,platform-infra
i-0230,c5.xlarge,37.58,73.08,64.28,720,2026-03,staging,platform-infra
i-0230,c5.xlarge,39.92,79.15,65.09,720,2026-04,staging,platform-infra
i-0230,c5.xlarge,68.95,71.9,72.69,720,2026-05,staging,platform-infra
i-0230,c5.xlarge,44.4,85.3,57.23,720,2026-06,staging,platform-infra
i-0231,c5.2xlarge,39.59,86.43,48.71,720,2026-01,development,data-engineering
i-0231,c5.2xlarge,42.06,75.75,66.13,720,2026-02,development,data-engineering
i-0231,c5.2xlarge,44.36,70.51,40.4,720,2026-03,development,data-engineering
i-0231,c5.2xlarge,53.87,77.86,49.35,720,2026-04,development,data-engineering
i-0231,c5.2xlarge,37.15,77.88,71.53,720,2026-05,development,data-engineering
i-0231,c5.2xlarge,63.61,90.82,40.38,720,2026-06,development,data-engineering
i-0232,t3.large,73.66,75.24,79.62,720,2026-01,sandbox,payments
i-0232,t3.large,45.1,79.15,54.16,720,2026-02,sandbox,payments
i-0232,t3.large,49.23,90.27,69.86,720,2026-03,sandbox,payments
i-0232,t3.large,74.69,83.41,58.53,720,2026-04,sandbox,payments
i-0232,t3.large,38.6,94.9,62.06,720,2026-05,sandbox,payments
i-0232,t3.large,63.02,77.2,61.91,720,2026-06,sandbox,payments
i-0233,m5.xlarge,72.7,69.99,51.69,720,2026-01,production,risk-engineering
i-0233,m5.xlarge,41.08,88.77,42.48,720,2026-02,production,risk-engineering
i-0233,m5.xlarge,38.27,73.95,60.57,720,2026-03,production,risk-engineering
i-0233,m5.xlarge,51.25,66.34,78.3,720,2026-04,production,risk-engineering
i-0233,m5.xlarge,73.11,73.38,69.26,720,2026-05,production,risk-engineering
i-0233,m5.xlarge,58.14,72.12,50.49,720,2026-06,production,risk-engineering
i-0234,m5.large,54.65,77.58,51.65,720,2026-01,staging,product-engineering
i-0234,m5.large,67.3,79.44,66.19,720,2026-02,staging,product-engineering
i-0234,m5.large,42.57,81.01,52.72,720,2026-03,staging,product-engineering
i-0234,m5.large,56.06,88.42,70.76,720,2026-04,staging,product-engineering
i-0234,m5.large,49.17,85.83,77.65,720,2026-05,staging,product-engineering
i-0234,m5.large,60.03,69.45,67.19,720,2026-06,staging,product-engineering
i-0235,m5.2xlarge,39.2,91.16,60.67,720,2026-01,development,lending-backend
i-0235,m5.2xlarge,50.41,66.71,55.23,720,2026-02,development,lending-backend
i-0235,m5.2xlarge,71.13,65.63,58.99,720,2026-03,development,lending-backend
i-0235,m5.2xlarge,72.25,76.85,57.13,720,2026-04,development,lending-backend
i-0235,m5.2xlarge,58.14,78.89,46.74,720,2026-05,development,lending-backend
i-0235,m5.2xlarge,35.74,83.29,76.83,720,2026-06,development,lending-backend
i-0236,r5.xlarge,39.25,71.33,54.81,720,2026-01,sandbox,platform-infra
i-0236,r5.xlarge,67.35,73.08,75.28,720,2026-02,sandbox,platform-infra
i-0236,r5.xlarge,37.2,93.23,62.43,720,2026-03,sandbox,platform-infra
i-0236,r5.xlarge,61.35,76.03,71.28,720,2026-04,sandbox,platform-infra
i-0236,r5.xlarge,41.66,66.47,55.82,720,2026-05,sandbox,platform-infra
i-0236,r5.xlarge,69.15,87.65,60.69,720,2026-06,sandbox,platform-infra
i-0237,r5.2xlarge,57.89,68.9,73.63,720,2026-01,production,data-engineering
i-0237,r5.2xlarge,66.48,84.69,58.65,720,2026-02,production,data-engineering
i-0237,r5.2xlarge,73.58,91.37,65.78,720,2026-03,production,data-engineering
i-0237,r5.2xlarge,49.87,83.54,63.02,720,2026-04,production,data-engineering
i-0237,r5.2xlarge,50.77,74.2,56.28,720,2026-05,production,data-engineering
i-0237,r5.2xlarge,57.96,77.84,50.54,720,2026-06,production,data-engineering
i-0238,c5.xlarge,65.44,80.94,42.71,720,2026-01,staging,payments
i-0238,c5.xlarge,49.73,91.55,70.21,720,2026-02,staging,payments
i-0238,c5.xlarge,47.93,93.15,43.06,720,2026-03,staging,payments
i-0238,c5.xlarge,73.45,72.37,40.36,720,2026-04,staging,payments
i-0238,c5.xlarge,52.35,75.77,61.56,720,2026-05,staging,payments
i-0238,c5.xlarge,66.87,90.27,56.05,720,2026-06,staging,payments
i-0239,c5.2xlarge,52.19,69.45,41.9,720,2026-01,development,risk-engineering
i-0239,c5.2xlarge,60.65,66.93,69.35,720,2026-02,development,risk-engineering
i-0239,c5.2xlarge,56.56,70.96,61.58,720,2026-03,development,risk-engineering
i-0239,c5.2xlarge,42.32,78.16,71.98,720,2026-04,development,risk-engineering
i-0239,c5.2xlarge,53.48,69.46,68.95,720,2026-05,development,risk-engineering
i-0239,c5.2xlarge,42.47,87.16,59.17,720,2026-06,development,risk-engineering
i-0240,t3.large,53.15,90.54,68.34,720,2026-01,sandbox,product-engineering
i-0240,t3.large,36.32,73.89,74.84,720,2026-02,sandbox,product-engineering
i-0240,t3.large,35.73,81.36,69.11,720,2026-03,sandbox,product-engineering
i-0240,t3.large,59.87,87.82,69.03,720,2026-04,sandbox,product-engineering
i-0240,t3.large,62.68,89.65,65.83,720,2026-05,sandbox,product-engineering
i-0240,t3.large,51.1,79.16,68.67,720,2026-06,sandbox,product-engineering
i-0241,m5.xlarge,70.05,73.17,53.68,720,2026-01,production,lending-backend
i-0241,m5.xlarge,72.23,82.36,47.16,720,2026-02,production,lending-backend
i-0241,m5.xlarge,61.55,94.72,72.94,720,2026-03,production,lending-backend
i-0241,m5.xlarge,64.83,71.24,75.05,720,2026-04,production,lending-backend
i-0241,m5.xlarge,56.03,91.68,53.19,720,2026-05,production,lending-backend
i-0241,m5.xlarge,37.48,79.28,50.79,720,2026-06,production,lending-backend
i-0242,m5.large,63.61,93.71,67.64,720,2026-01,staging,platform-infra
i-0242,m5.large,70.48,78.59,70.87,720,2026-02,staging,platform-infra
i-0242,m5.large,68.72,86.33,60.31,720,2026-03,staging,platform-infra
i-0242,m5.large,60.03,86.02,50.12,720,2026-04,staging,platform-infra
i-0242,m5.large,67.38,93.51,58.61,720,2026-05,staging,platform-infra
i-0242,m5.large,63.04,87.11,66.49,720,2026-06,staging,platform-infra
i-0243,m5.2xlarge,56.88,91.45,57.96,720,2026-01,development,data-engineering
i-0243,m5.2xlarge,37.44,90.34,66.96,720,2026-02,development,data-engineering
i-0243,m5.2xlarge,68.97,69.16,41.23,720,2026-03,development,data-engineering
i-0243,m5.2xlarge,72.37,69.43,72.39,720,2026-04,development,data-engineering
i-0243,m5.2xlarge,67.93,86.26,45.25,720,2026-05,development,data-engineering
i-0243,m5.2xlarge,61.7,91.67,57.02,720,2026-06,development,data-engineering
i-0244,r5.xlarge,51.54,78.29,43.29,720,2026-01,sandbox,payments
i-0244,r5.xlarge,70.68,91.08,79.92,720,2026-02,sandbox,payments
i-0244,r5.xlarge,58.41,87.54,48.11,720,2026-03,sandbox,payments
i-0244,r5.xlarge,61.7,84.49,76.05,720,2026-04,sandbox,payments
i-0244,r5.xlarge,68.23,93.15,74.75,720,2026-05,sandbox,payments
i-0244,r5.xlarge,69.75,66.91,73.84,720,2026-06,sandbox,payments
i-0245,r5.2xlarge,59.3,76.41,42.26,720,2026-01,production,risk-engineering
i-0245,r5.2xlarge,62.11,74.85,58.71,720,2026-02,production,risk-engineering
i-0245,r5.2xlarge,62.27,92.35,73.02,720,2026-03,production,risk-engineering
i-0245,r5.2xlarge,53.02,76.63,49.59,720,2026-04,production,risk-engineering
i-0245,r5.2xlarge,49.9,68.33,78.84,720,2026-05,production,risk-engineering
i-0245,r5.2xlarge,57.96,68.83,54.11,720,2026-06,production,risk-engineering
i-0246,c5.xlarge,56.88,80.99,41.42,720,2026-01,staging,product-engineering
i-0246,c5.xlarge,73.03,73.26,40.65,720,2026-02,staging,product-engineering
i-0246,c5.xlarge,38.06,82.41,45.51,720,2026-03,staging,product-engineering
i-0246,c5.xlarge,36.67,76.39,64.91,720,2026-04,staging,product-engineering
i-0246,c5.xlarge,39.47,74.4,56.71,720,2026-05,staging,product-engineering
i-0246,c5.xlarge,41.38,80.18,43.41,720,2026-06,staging,product-engineering
i-0247,c5.2xlarge,36.86,80.6,49.92,720,2026-01,development,lending-backend
i-0247,c5.2xlarge,38.81,77.72,76.61,720,2026-02,development,lending-backend
i-0247,c5.2xlarge,63.97,89.47,74.88,720,2026-03,development,lending-backend
i-0247,c5.2xlarge,73.91,87.9,64.34,720,2026-04,development,lending-backend
i-0247,c5.2xlarge,49.62,70.45,67.47,720,2026-05,development,lending-backend
i-0247,c5.2xlarge,74.8,79.02,68.95,720,2026-06,development,lending-backend
i-0248,t3.large,54.8,77.96,56.41,720,2026-01,sandbox,platform-infra
i-0248,t3.large,55.18,76.01,69.95,720,2026-02,sandbox,platform-infra
i-0248,t3.large,69.97,91.49,49.11,720,2026-03,sandbox,platform-infra
i-0248,t3.large,70.84,75.25,52.37,720,2026-04,sandbox,platform-infra
i-0248,t3.large,64.07,74.14,42.12,720,2026-05,sandbox,platform-infra
i-0248,t3.large,49.94,86.64,53.08,720,2026-06,sandbox,platform-infra
i-0249,m5.xlarge,60.18,84.8,69.35,720,2026-01,production,data-engineering
i-0249,m5.xlarge,70.89,77.98,46.66,720,2026-02,production,data-engineering
i-0249,m5.xlarge,47.76,77.97,68.56,720,2026-03,production,data-engineering
i-0249,m5.xlarge,35.52,74.47,71.19,720,2026-04,production,data-engineering
i-0249,m5.xlarge,61.83,86.95,72.47,720,2026-05,production,data-engineering
i-0249,m5.xlarge,66.33,85.47,57.59,720,2026-06,production,data-engineering
i-0250,m5.large,74.34,82.07,48.11,720,2026-01,staging,payments
i-0250,m5.large,46.71,85.81,76.99,720,2026-02,staging,payments
i-0250,m5.large,42.15,67.47,75.26,720,2026-03,staging,payments
i-0250,m5.large,71.61,73.29,55.09,720,2026-04,staging,payments
i-0250,m5.large,61.41,74.9,75.09,720,2026-05,staging,payments
i-0250,m5.large,39.3,66.14,48.34,720,2026-06,staging,payments
i-0251,m5.2xlarge,46.44,68.39,42.63,720,2026-01,development,risk-engineering
i-0251,m5.2xlarge,65.22,69.93,76.56,720,2026-02,development,risk-engineering
i-0251,m5.2xlarge,49.72,85.12,49.02,720,2026-03,development,risk-engineering
i-0251,m5.2xlarge,44.61,82.24,62.43,720,2026-04,development,risk-engineering
i-0251,m5.2xlarge,65.75,87.73,66.83,720,2026-05,development,risk-engineering
i-0251,m5.2xlarge,52.97,91.72,64.9,720,2026-06,development,risk-engineering
i-0252,r5.xlarge,74.61,89.58,41.77,720,2026-01,sandbox,product-engineering
i-0252,r5.xlarge,47.82,82.16,68.86,720,2026-02,sandbox,product-engineering
i-0252,r5.xlarge,57.01,88.58,51.31,720,2026-03,sandbox,product-engineering
i-0252,r5.xlarge,42.36,66.62,62.93,720,2026-04,sandbox,product-engineering
i-0252,r5.xlarge,62.54,74.78,64.54,720,2026-05,sandbox,product-engineering
i-0252,r5.xlarge,37.09,67.98,68.07,720,2026-06,sandbox,product-engineering
i-0253,r5.2xlarge,49.72,85.14,73.27,720,2026-01,production,lending-backend
i-0253,r5.2xlarge,69.1,70.17,59.45,720,2026-02,production,lending-backend
i-0253,r5.2xlarge,64.36,88.22,71.39,720,2026-03,production,lending-backend
i-0253,r5.2xlarge,44.13,70.78,63.6,720,2026-04,production,lending-backend
i-0253,r5.2xlarge,64.64,74.57,44.19,720,2026-05,production,lending-backend
i-0253,r5.2xlarge,63.67,73.99,46.65,720,2026-06,production,lending-backend
i-0254,c5.xlarge,40.91,74.45,63.71,720,2026-01,staging,platform-infra
i-0254,c5.xlarge,49.34,65.62,43.88,720,2026-02,staging,platform-infra
i-0254,c5.xlarge,46.62,84.79,43.94,720,2026-03,staging,platform-infra
i-0254,c5.xlarge,57.43,68.6,48.46,720,2026-04,staging,platform-infra
i-0254,c5.xlarge,41.89,67.02,66.85,720,2026-05,staging,platform-infra
i-0254,c5.xlarge,53.54,89.93,43.96,720,2026-06,staging,platform-infra
i-0255,c5.2xlarge,40.79,74.19,70.63,720,2026-01,development,data-engineering
i-0255,c5.2xlarge,47.23,77.25,52.06,720,2026-02,development,data-engineering
i-0255,c5.2xlarge,38.21,93.18,61.94,720,2026-03,development,data-engineering
i-0255,c5.2xlarge,66.51,84.75,60.57,720,2026-04,development,data-engineering
i-0255,c5.2xlarge,38.59,84.28,46.21,720,2026-05,development,data-engineering
i-0255,c5.2xlarge,51.58,83.87,71.29,720,2026-06,development,data-engineering
i-0256,t3.large,62.4,85.15,45.96,720,2026-01,sandbox,payments
i-0256,t3.large,48.85,66.29,68.78,720,2026-02,sandbox,payments
i-0256,t3.large,73.1,72.92,43.51,720,2026-03,sandbox,payments
i-0256,t3.large,54.02,90.7,62.08,720,2026-04,sandbox,payments
i-0256,t3.large,36.87,94.23,73.15,720,2026-05,sandbox,payments
i-0256,t3.large,40.26,92.65,58.03,720,2026-06,sandbox,payments
i-0257,m5.xlarge,49.88,78.83,73.38,720,2026-01,production,risk-engineering
i-0257,m5.xlarge,61.38,66.78,78.3,720,2026-02,production,risk-engineering
i-0257,m5.xlarge,40.91,87.37,65.45,720,2026-03,production,risk-engineering
i-0257,m5.xlarge,42.5,70.12,74.81,720,2026-04,production,risk-engineering
i-0257,m5.xlarge,51.79,84.64,60.16,720,2026-05,production,risk-engineering
i-0257,m5.xlarge,64.09,79.38,51.5,720,2026-06,production,risk-engineering
i-0258,m5.large,49.54,90.77,58.72,720,2026-01,staging,product-engineering
i-0258,m5.large,43.54,93.04,71.86,720,2026-02,staging,product-engineering
i-0258,m5.large,37.23,94.97,67.8,720,2026-03,staging,product-engineering
i-0258,m5.large,41.41,72.12,67.7,720,2026-04,staging,product-engineering
i-0258,m5.large,66.19,72.17,50.28,720,2026-05,staging,product-engineering
i-0258,m5.large,47.28,82.94,46.87,720,2026-06,staging,product-engineering
i-0259,m5.2xlarge,39.17,85.37,71.16,720,2026-01,development,lending-backend
i-0259,m5.2xlarge,55.04,75.91,57.28,720,2026-02,development,lending-backend
i-0259,m5.2xlarge,50.54,93.8,70.72,720,2026-03,development,lending-backend
i-0259,m5.2xlarge,43.32,76.53,61.76,720,2026-04,development,lending-backend
i-0259,m5.2xlarge,59.52,79.05,72.41,720,2026-05,development,lending-backend
i-0259,m5.2xlarge,65.7,80.15,74.18,720,2026-06,development,lending-backend
i-0260,r5.xlarge,65.04,88.36,78.26,720,2026-01,sandbox,platform-infra
i-0260,r5.xlarge,45.66,73.03,75.56,720,2026-02,sandbox,platform-infra
i-0260,r5.xlarge,65.89,92.8,42.53,720,2026-03,sandbox,platform-infra
i-0260,r5.xlarge,60.11,69.34,60.16,720,2026-04,sandbox,platform-infra
i-0260,r5.xlarge,41.23,68.84,40.49,720,2026-05,sandbox,platform-infra
i-0260,r5.xlarge,60.21,75.77,44.21,720,2026-06,sandbox,platform-infra
i-0261,r5.2xlarge,47.91,70.07,77.67,720,2026-01,production,data-engineering
i-0261,r5.2xlarge,47.8,75.02,73.59,720,2026-02,production,data-engineering
i-0261,r5.2xlarge,60.91,86.31,65.44,720,2026-03,production,data-engineering
i-0261,r5.2xlarge,72.85,71.21,79.56,720,2026-04,production,data-engineering
i-0261,r5.2xlarge,68.24,82.67,66.49,720,2026-05,production,data-engineering
i-0261,r5.2xlarge,60.95,66.75,48.72,720,2026-06,production,data-engineering
i-0262,c5.xlarge,73.46,81.03,55.13,720,2026-01,staging,payments
i-0262,c5.xlarge,65.48,80.74,40.53,720,2026-02,staging,payments
i-0262,c5.xlarge,64.45,86.97,46.61,720,2026-03,staging,payments
i-0262,c5.xlarge,73.27,71.72,58.31,720,2026-04,staging,payments
i-0262,c5.xlarge,39.59,83.1,55.02,720,2026-05,staging,payments
i-0262,c5.xlarge,49.13,89.81,40.38,720,2026-06,staging,payments
i-0263,c5.2xlarge,66.92,82.14,79.44,720,2026-01,development,risk-engineering
i-0263,c5.2xlarge,58.58,66.66,42.03,720,2026-02,development,risk-engineering
i-0263,c5.2xlarge,70.33,90.24,53.84,720,2026-03,development,risk-engineering
i-0263,c5.2xlarge,59.72,79.69,78.69,720,2026-04,development,risk-engineering
i-0263,c5.2xlarge,73.0,94.52,74.66,720,2026-05,development,risk-engineering
i-0263,c5.2xlarge,71.38,71.52,73.24,720,2026-06,development,risk-engineering
i-0264,t3.large,63.35,93.88,62.85,720,2026-01,sandbox,product-engineering
i-0264,t3.large,38.41,82.92,67.46,720,2026-02,sandbox,product-engineering
i-0264,t3.large,43.81,76.82,63.94,720,2026-03,sandbox,product-engineering
i-0264,t3.large,49.96,76.25,45.32,720,2026-04,sandbox,product-engineering
i-0264,t3.large,72.63,87.51,40.05,720,2026-05,sandbox,product-engineering
i-0264,t3.large,65.62,87.19,40.39,720,2026-06,sandbox,product-engineering
i-0265,m5.xlarge,49.78,83.2,58.11,720,2026-01,production,lending-backend
i-0265,m5.xlarge,66.12,77.76,46.15,720,2026-02,production,lending-backend
i-0265,m5.xlarge,74.06,72.26,68.71,720,2026-03,production,lending-backend
i-0265,m5.xlarge,40.73,74.87,57.68,720,2026-04,production,lending-backend
i-0265,m5.xlarge,42.69,78.5,46.29,720,2026-05,production,lending-backend
i-0265,m5.xlarge,57.36,84.91,42.5,720,2026-06,production,lending-backend
i-0266,m5.large,69.85,70.55,49.01,720,2026-01,staging,platform-infra
i-0266,m5.large,61.45,79.06,59.98,720,2026-02,staging,platform-infra
i-0266,m5.large,40.13,89.17,64.68,720,2026-03,staging,platform-infra
i-0266,m5.large,40.42,76.22,72.42,720,2026-04,staging,platform-infra
i-0266,m5.large,57.73,68.26,54.91,720,2026-05,staging,platform-infra
i-0266,m5.large,44.71,80.52,73.73,720,2026-06,staging,platform-infra
i-0267,m5.2xlarge,52.45,78.0,76.21,720,2026-01,development,data-engineering
i-0267,m5.2xlarge,58.05,81.99,50.48,720,2026-02,development,data-engineering
i-0267,m5.2xlarge,59.31,82.28,55.87,720,2026-03,development,data-engineering
i-0267,m5.2xlarge,74.63,91.46,69.98,720,2026-04,development,data-engineering
i-0267,m5.2xlarge,56.49,78.86,47.4,720,2026-05,development,data-engineering
i-0267,m5.2xlarge,47.23,88.22,58.15,720,2026-06,development,data-engineering
i-0268,r5.xlarge,70.29,69.44,60.33,720,2026-01,sandbox,payments
i-0268,r5.xlarge,60.88,80.51,75.57,720,2026-02,sandbox,payments
i-0268,r5.xlarge,74.58,68.48,45.2,720,2026-03,sandbox,payments
i-0268,r5.xlarge,40.21,85.44,54.91,720,2026-04,sandbox,payments
i-0268,r5.xlarge,64.33,77.16,65.1,720,2026-05,sandbox,payments
i-0268,r5.xlarge,65.79,81.45,61.58,720,2026-06,sandbox,payments
i-0269,r5.2xlarge,38.53,77.32,61.83,720,2026-01,production,risk-engineering
i-0269,r5.2xlarge,53.48,92.02,76.26,720,2026-02,production,risk-engineering
i-0269,r5.2xlarge,67.88,76.26,68.69,720,2026-03,production,risk-engineering
i-0269,r5.2xlarge,50.81,71.98,53.72,720,2026-04,production,risk-engineering
i-0269,r5.2xlarge,37.84,74.95,58.43,720,2026-05,production,risk-engineering
i-0269,r5.2xlarge,73.22,74.4,76.1,720,2026-06,production,risk-engineering
i-0270,c5.xlarge,44.15,70.73,60.76,720,2026-01,staging,product-engineering
i-0270,c5.xlarge,61.9,66.33,48.84,720,2026-02,staging,product-engineering
i-0270,c5.xlarge,53.23,74.93,68.5,720,2026-03,staging,product-engineering
i-0270,c5.xlarge,55.45,69.81,75.78,720,2026-04,staging,product-engineering
i-0270,c5.xlarge,46.72,86.93,71.2,720,2026-05,staging,product-engineering
i-0270,c5.xlarge,73.53,79.96,64.63,720,2026-06,staging,product-engineering
i-0271,c5.2xlarge,48.4,85.35,58.54,720,2026-01,development,lending-backend
i-0271,c5.2xlarge,52.51,90.66,42.01,720,2026-02,development,lending-backend
i-0271,c5.2xlarge,70.28,90.56,60.25,720,2026-03,development,lending-backend
i-0271,c5.2xlarge,54.61,75.85,79.77,720,2026-04,development,lending-backend
i-0271,c5.2xlarge,39.45,82.71,67.27,720,2026-05,development,lending-backend
i-0271,c5.2xlarge,72.37,88.41,65.75,720,2026-06,development,lending-backend
i-0272,t3.large,39.67,76.21,45.55,720,2026-01,sandbox,platform-infra
i-0272,t3.large,70.25,87.49,70.3,720,2026-02,sandbox,platform-infra
i-0272,t3.large,61.09,80.21,46.0,720,2026-03,sandbox,platform-infra
i-0272,t3.large,48.19,69.11,69.0,720,2026-04,sandbox,platform-infra
i-0272,t3.large,41.41,86.06,67.69,720,2026-05,sandbox,platform-infra
i-0272,t3.large,53.37,69.06,52.59,720,2026-06,sandbox,platform-infra
i-0273,m5.xlarge,47.8,86.01,44.55,720,2026-01,production,data-engineering
i-0273,m5.xlarge,68.16,87.83,47.45,720,2026-02,production,data-engineering
i-0273,m5.xlarge,63.77,85.06,69.92,720,2026-03,production,data-engineering
i-0273,m5.xlarge,42.56,69.73,49.46,720,2026-04,production,data-engineering
i-0273,m5.xlarge,49.63,88.81,69.52,720,2026-05,production,data-engineering
i-0273,m5.xlarge,72.02,66.76,40.46,720,2026-06,production,data-engineering
i-0274,m5.large,62.97,73.38,53.36,720,2026-01,staging,payments
i-0274,m5.large,56.87,68.07,65.71,720,2026-02,staging,payments
i-0274,m5.large,48.01,83.98,73.36,720,2026-03,staging,payments
i-0274,m5.large,41.84,92.93,61.23,720,2026-04,staging,payments
i-0274,m5.large,71.92,71.23,64.18,720,2026-05,staging,payments
i-0274,m5.large,51.16,88.23,64.24,720,2026-06,staging,payments
i-0275,m5.2xlarge,54.78,92.39,55.08,720,2026-01,development,risk-engineering
i-0275,m5.2xlarge,43.8,83.24,64.96,720,2026-02,development,risk-engineering
i-0275,m5.2xlarge,52.56,79.6,78.38,720,2026-03,development,risk-engineering
i-0275,m5.2xlarge,64.31,68.32,48.49,720,2026-04,development,risk-engineering
i-0275,m5.2xlarge,74.02,86.79,76.6,720,2026-05,development,risk-engineering
i-0275,m5.2xlarge,47.15,87.26,68.56,720,2026-06,development,risk-engineering
i-0276,r5.xlarge,46.79,81.52,65.1,720,2026-01,sandbox,product-engineering
i-0276,r5.xlarge,54.25,89.82,73.31,720,2026-02,sandbox,product-engineering
i-0276,r5.xlarge,69.02,89.1,59.52,720,2026-03,sandbox,product-engineering
i-0276,r5.xlarge,50.26,89.94,59.61,720,2026-04,sandbox,product-engineering
i-0276,r5.xlarge,44.85,80.22,45.67,720,2026-05,sandbox,product-engineering
i-0276,r5.xlarge,62.67,75.08,50.43,720,2026-06,sandbox,product-engineering
i-0277,r5.2xlarge,73.26,88.31,71.48,720,2026-01,production,lending-backend
i-0277,r5.2xlarge,59.95,90.18,70.37,720,2026-02,production,lending-backend
i-0277,r5.2xlarge,58.95,93.83,47.66,720,2026-03,production,lending-backend
i-0277,r5.2xlarge,72.74,77.04,61.14,720,2026-04,production,lending-backend
i-0277,r5.2xlarge,39.91,81.2,64.45,720,2026-05,production,lending-backend
i-0277,r5.2xlarge,74.91,94.26,78.66,720,2026-06,production,lending-backend
i-0278,c5.xlarge,48.94,94.74,58.22,720,2026-01,staging,platform-infra
i-0278,c5.xlarge,69.07,71.49,60.23,720,2026-02,staging,platform-infra
i-0278,c5.xlarge,73.64,93.41,67.35,720,2026-03,staging,platform-infra
i-0278,c5.xlarge,66.91,70.29,68.87,720,2026-04,staging,platform-infra
i-0278,c5.xlarge,59.72,67.75,44.53,720,2026-05,staging,platform-infra
i-0278,c5.xlarge,39.34,86.73,45.67,720,2026-06,staging,platform-infra
i-0279,c5.2xlarge,53.71,75.71,62.02,720,2026-01,development,data-engineering
i-0279,c5.2xlarge,63.26,85.54,60.62,720,2026-02,development,data-engineering
i-0279,c5.2xlarge,53.57,76.93,74.48,720,2026-03,development,data-engineering
i-0279,c5.2xlarge,48.23,72.78,69.73,720,2026-04,development,data-engineering
i-0279,c5.2xlarge,49.39,90.41,53.12,720,2026-05,development,data-engineering
i-0279,c5.2xlarge,63.08,66.35,55.42,720,2026-06,development,data-engineering
i-0280,t3.large,48.73,89.5,78.68,720,2026-01,sandbox,payments
i-0280,t3.large,53.44,89.75,67.99,720,2026-02,sandbox,payments
i-0280,t3.large,73.7,89.33,43.1,720,2026-03,sandbox,payments
i-0280,t3.large,63.53,81.06,40.66,720,2026-04,sandbox,payments
i-0280,t3.large,45.05,92.65,77.04,720,2026-05,sandbox,payments
i-0280,t3.large,66.95,94.45,72.26,720,2026-06,sandbox,payments
i-0281,m5.xlarge,35.41,73.64,41.22,720,2026-01,production,risk-engineering
i-0281,m5.xlarge,38.76,71.57,60.14,720,2026-02,production,risk-engineering
i-0281,m5.xlarge,68.9,90.86,64.65,720,2026-03,production,risk-engineering
i-0281,m5.xlarge,72.13,80.0,75.56,720,2026-04,production,risk-engineering
i-0281,m5.xlarge,53.16,73.32,76.66,720,2026-05,production,risk-engineering
i-0281,m5.xlarge,50.52,80.1,53.15,720,2026-06,production,risk-engineering
i-0282,m5.large,61.51,94.85,41.02,720,2026-01,staging,product-engineering
i-0282,m5.large,70.99,65.12,54.57,720,2026-02,staging,product-engineering
i-0282,m5.large,41.74,87.72,42.02,720,2026-03,staging,product-engineering
i-0282,m5.large,57.14,73.85,45.35,720,2026-04,staging,product-engineering
i-0282,m5.large,65.87,71.52,48.95,720,2026-05,staging,product-engineering
i-0282,m5.large,46.0,82.6,66.39,720,2026-06,staging,product-engineering
i-0283,m5.2xlarge,35.7,72.26,57.24,720,2026-01,development,lending-backend
i-0283,m5.2xlarge,48.28,91.53,71.51,720,2026-02,development,lending-backend
i-0283,m5.2xlarge,60.04,75.14,68.03,720,2026-03,development,lending-backend
i-0283,m5.2xlarge,68.75,82.84,71.38,720,2026-04,development,lending-backend
i-0283,m5.2xlarge,64.96,82.15,52.49,720,2026-05,development,lending-backend
i-0283,m5.2xlarge,64.83,71.2,71.18,720,2026-06,development,lending-backend
i-0284,r5.xlarge,67.18,89.66,58.92,720,2026-01,sandbox,platform-infra
i-0284,r5.xlarge,42.7,67.99,69.73,720,2026-02,sandbox,platform-infra
i-0284,r5.xlarge,70.45,84.53,45.77,720,2026-03,sandbox,platform-infra
i-0284,r5.xlarge,72.4,94.67,57.34,720,2026-04,sandbox,platform-infra
i-0284,r5.xlarge,58.79,88.32,69.46,720,2026-05,sandbox,platform-infra
i-0284,r5.xlarge,73.71,68.45,63.23,720,2026-06,sandbox,platform-infra
i-0285,r5.2xlarge,62.68,91.7,74.96,720,2026-01,production,data-engineering
i-0285,r5.2xlarge,74.12,80.36,73.23,720,2026-02,production,data-engineering
i-0285,r5.2xlarge,52.09,77.67,50.13,720,2026-03,production,data-engineering
i-0285,r5.2xlarge,67.73,94.57,50.25,720,2026-04,production,data-engineering
i-0285,r5.2xlarge,37.25,89.47,64.81,720,2026-05,production,data-engineering
i-0285,r5.2xlarge,73.39,72.57,42.84,720,2026-06,production,data-engineering
i-0286,c5.xlarge,54.7,67.56,50.47,720,2026-01,staging,payments
i-0286,c5.xlarge,40.04,71.72,44.25,720,2026-02,staging,payments
i-0286,c5.xlarge,73.16,73.36,57.76,720,2026-03,staging,payments
i-0286,c5.xlarge,70.94,85.32,64.72,720,2026-04,staging,payments
i-0286,c5.xlarge,63.22,89.86,75.11,720,2026-05,staging,payments
i-0286,c5.xlarge,60.71,91.7,61.42,720,2026-06,staging,payments
i-0287,c5.2xlarge,46.09,91.4,61.66,720,2026-01,development,risk-engineering
i-0287,c5.2xlarge,71.25,66.21,55.9,720,2026-02,development,risk-engineering
i-0287,c5.2xlarge,72.91,72.49,77.66,720,2026-03,development,risk-engineering
i-0287,c5.2xlarge,73.16,91.46,62.55,720,2026-04,development,risk-engineering
i-0287,c5.2xlarge,60.88,91.09,71.04,720,2026-05,development,risk-engineering
i-0287,c5.2xlarge,60.2,94.47,67.43,720,2026-06,development,risk-engineering
i-0288,t3.large,74.02,66.72,45.56,720,2026-01,sandbox,product-engineering
i-0288,t3.large,53.06,76.55,71.31,720,2026-02,sandbox,product-engineering
i-0288,t3.large,41.42,94.28,52.6,720,2026-03,sandbox,product-engineering
i-0288,t3.large,52.16,73.24,63.17,720,2026-04,sandbox,product-engineering
i-0288,t3.large,37.35,69.49,69.83,720,2026-05,sandbox,product-engineering
i-0288,t3.large,42.46,72.07,71.72,720,2026-06,sandbox,product-engineering
i-0289,m5.xlarge,38.73,78.12,40.92,720,2026-01,production,lending-backend
i-0289,m5.xlarge,48.87,85.97,43.6,720,2026-02,production,lending-backend
i-0289,m5.xlarge,70.53,92.28,44.2,720,2026-03,production,lending-backend
i-0289,m5.xlarge,74.63,73.93,43.36,720,2026-04,production,lending-backend
i-0289,m5.xlarge,35.2,77.26,65.19,720,2026-05,production,lending-backend
i-0289,m5.xlarge,48.29,90.1,68.66,720,2026-06,production,lending-backend
i-0290,m5.large,49.01,87.03,77.62,720,2026-01,staging,platform-infra
i-0290,m5.large,38.72,74.18,58.53,720,2026-02,staging,platform-infra
i-0290,m5.large,54.92,81.27,52.03,720,2026-03,staging,platform-infra
i-0290,m5.large,61.69,84.35,63.11,720,2026-04,staging,platform-infra
i-0290,m5.large,39.55,79.31,54.25,720,2026-05,staging,platform-infra
i-0290,m5.large,54.64,92.66,59.22,720,2026-06,staging,platform-infra
i-0291,m5.2xlarge,35.56,78.17,72.83,720,2026-01,development,data-engineering
i-0291,m5.2xlarge,66.2,80.4,49.99,720,2026-02,development,data-engineering
i-0291,m5.2xlarge,53.6,81.91,79.99,720,2026-03,development,data-engineering
i-0291,m5.2xlarge,60.77,85.83,59.66,720,2026-04,development,data-engineering
i-0291,m5.2xlarge,49.18,89.39,59.8,720,2026-05,development,data-engineering
i-0291,m5.2xlarge,74.79,78.71,42.72,720,2026-06,development,data-engineering
i-0292,r5.xlarge,62.3,66.4,50.02,720,2026-01,sandbox,payments
i-0292,r5.xlarge,49.15,87.18,59.77,720,2026-02,sandbox,payments
i-0292,r5.xlarge,36.15,83.51,56.46,720,2026-03,sandbox,payments
i-0292,r5.xlarge,71.87,79.99,68.36,720,2026-04,sandbox,payments
i-0292,r5.xlarge,43.75,87.83,68.84,720,2026-05,sandbox,payments
i-0292,r5.xlarge,71.16,66.01,57.9,720,2026-06,sandbox,payments
i-0293,r5.2xlarge,62.17,67.85,56.42,720,2026-01,production,risk-engineering
i-0293,r5.2xlarge,72.69,78.08,79.42,720,2026-02,production,risk-engineering
i-0293,r5.2xlarge,37.27,86.53,63.24,720,2026-03,production,risk-engineering
i-0293,r5.2xlarge,55.02,94.13,45.19,720,2026-04,production,risk-engineering
i-0293,r5.2xlarge,70.84,85.74,50.36,720,2026-05,production,risk-engineering
i-0293,r5.2xlarge,71.07,77.88,72.57,720,2026-06,production,risk-engineering
i-0294,c5.xlarge,50.55,90.53,65.47,720,2026-01,staging,product-engineering
i-0294,c5.xlarge,40.64,84.49,47.65,720,2026-02,staging,product-engineering
i-0294,c5.xlarge,51.48,70.11,40.88,720,2026-03,staging,product-engineering
i-0294,c5.xlarge,43.48,81.09,59.26,720,2026-04,staging,product-engineering
i-0294,c5.xlarge,55.06,72.43,67.41,720,2026-05,staging,product-engineering
i-0294,c5.xlarge,63.17,75.74,75.25,720,2026-06,staging,product-engineering
i-0295,c5.2xlarge,60.76,86.39,51.09,720,2026-01,development,lending-backend
i-0295,c5.2xlarge,35.02,90.96,72.9,720,2026-02,development,lending-backend
i-0295,c5.2xlarge,39.93,76.22,66.45,720,2026-03,development,lending-backend
i-0295,c5.2xlarge,61.08,90.81,45.61,720,2026-04,development,lending-backend
i-0295,c5.2xlarge,52.2,67.92,55.58,720,2026-05,development,lending-backend
i-0295,c5.2xlarge,35.6,91.95,61.08,720,2026-06,development,lending-backend
i-0296,t3.large,68.99,66.8,49.1,720,2026-01,sandbox,platform-infra
i-0296,t3.large,45.38,76.6,72.11,720,2026-02,sandbox,platform-infra
i-0296,t3.large,50.46,71.14,42.6,720,2026-03,sandbox,platform-infra
i-0296,t3.large,38.18,87.8,57.79,720,2026-04,sandbox,platform-infra
i-0296,t3.large,64.05,85.47,45.41,720,2026-05,sandbox,platform-infra
i-0296,t3.large,40.72,87.66,68.85,720,2026-06,sandbox,platform-infra
i-0297,m5.xlarge,50.12,67.32,40.48,720,2026-01,production,data-engineering
i-0297,m5.xlarge,46.53,65.28,49.2,720,2026-02,production,data-engineering
i-0297,m5.xlarge,51.78,68.64,44.17,720,2026-03,production,data-engineering
i-0297,m5.xlarge,70.86,82.56,77.38,720,2026-04,production,data-engineering
i-0297,m5.xlarge,48.83,85.31,48.19,720,2026-05,production,data-engineering
i-0297,m5.xlarge,59.73,68.89,40.08,720,2026-06,production,data-engineering
i-0298,m5.large,72.26,81.65,77.08,720,2026-01,staging,payments
i-0298,m5.large,48.35,74.83,56.03,720,2026-02,staging,payments
i-0298,m5.large,63.24,81.97,77.01,720,2026-03,staging,payments
i-0298,m5.large,36.02,86.25,53.21,720,2026-04,staging,payments
i-0298,m5.large,42.21,80.31,60.2,720,2026-05,staging,payments
i-0298,m5.large,40.48,71.06,56.33,720,2026-06,staging,payments
i-0299,m5.2xlarge,51.35,74.53,45.94,720,2026-01,development,risk-engineering
i-0299,m5.2xlarge,35.17,94.11,77.74,720,2026-02,development,risk-engineering
i-0299,m5.2xlarge,54.35,94.85,66.95,720,2026-03,development,risk-engineering
i-0299,m5.2xlarge,37.75,68.53,76.64,720,2026-04,development,risk-engineering
i-0299,m5.2xlarge,60.2,90.3,75.93,720,2026-05,development,risk-engineering
i-0299,m5.2xlarge,52.92,66.46,47.53,720,2026-06,development,risk-engineering
i-0300,r5.xlarge,37.66,70.66,56.42,720,2026-01,sandbox,product-engineering
i-0300,r5.xlarge,39.73,70.0,57.83,720,2026-02,sandbox,product-engineering
i-0300,r5.xlarge,48.61,79.03,57.17,720,2026-03,sandbox,product-engineering
i-0300,r5.xlarge,60.78,93.12,44.31,720,2026-04,sandbox,product-engineering
i-0300,r5.xlarge,38.97,90.58,60.26,720,2026-05,sandbox,product-engineering
i-0300,r5.xlarge,65.66,71.46,73.15,720,2026-06,sandbox,product-engineering
i-0301,r5.2xlarge,71.95,84.06,44.24,720,2026-01,production,lending-backend
i-0301,r5.2xlarge,70.81,88.77,70.04,720,2026-02,production,lending-backend
i-0301,r5.2xlarge,36.47,88.97,45.52,720,2026-03,production,lending-backend
i-0301,r5.2xlarge,43.9,82.31,50.6,720,2026-04,production,lending-backend
i-0301,r5.2xlarge,61.45,83.24,44.33,720,2026-05,production,lending-backend
i-0301,r5.2xlarge,61.24,92.72,46.44,720,2026-06,production,lending-backend
i-0302,c5.xlarge,58.88,75.26,58.38,720,2026-01,staging,platform-infra
i-0302,c5.xlarge,46.48,75.62,41.16,720,2026-02,staging,platform-infra
i-0302,c5.xlarge,74.26,83.74,60.03,720,2026-03,staging,platform-infra
i-0302,c5.xlarge,50.35,81.18,55.2,720,2026-04,staging,platform-infra
i-0302,c5.xlarge,49.4,78.92,51.04,720,2026-05,staging,platform-infra
i-0302,c5.xlarge,42.2,81.7,73.71,720,2026-06,staging,platform-infra
i-0303,c5.2xlarge,41.11,65.98,49.87,720,2026-01,development,data-engineering
i-0303,c5.2xlarge,74.19,89.86,63.83,720,2026-02,development,data-engineering
i-0303,c5.2xlarge,72.17,78.36,79.33,720,2026-03,development,data-engineering
i-0303,c5.2xlarge,46.85,72.21,65.52,720,2026-04,development,data-engineering
i-0303,c5.2xlarge,50.13,83.79,52.2,720,2026-05,development,data-engineering
i-0303,c5.2xlarge,59.72,73.27,42.04,720,2026-06,development,data-engineering
i-0304,t3.large,71.49,91.5,78.83,720,2026-01,sandbox,payments
i-0304,t3.large,63.66,85.48,62.36,720,2026-02,sandbox,payments
i-0304,t3.large,40.04,70.68,51.58,720,2026-03,sandbox,payments
i-0304,t3.large,70.61,70.19,76.91,720,2026-04,sandbox,payments
i-0304,t3.large,55.91,86.47,44.41,720,2026-05,sandbox,payments
i-0304,t3.large,45.76,93.76,50.65,720,2026-06,sandbox,payments
i-0305,m5.xlarge,46.86,70.93,45.16,720,2026-01,production,risk-engineering
i-0305,m5.xlarge,44.33,84.27,58.21,720,2026-02,production,risk-engineering
i-0305,m5.xlarge,57.15,68.67,72.08,720,2026-03,production,risk-engineering
i-0305,m5.xlarge,66.36,65.65,55.34,720,2026-04,production,risk-engineering
i-0305,m5.xlarge,37.75,88.76,69.49,720,2026-05,production,risk-engineering
i-0305,m5.xlarge,71.08,72.09,58.25,720,2026-06,production,risk-engineering
i-0306,m5.large,42.38,76.14,60.89,720,2026-01,staging,product-engineering
i-0306,m5.large,37.13,86.45,61.73,720,2026-02,staging,product-engineering
i-0306,m5.large,68.16,73.15,76.13,720,2026-03,staging,product-engineering
i-0306,m5.large,74.95,92.58,71.12,720,2026-04,staging,product-engineering
i-0306,m5.large,67.49,82.21,47.61,720,2026-05,staging,product-engineering
i-0306,m5.large,62.08,86.38,79.42,720,2026-06,staging,product-engineering
i-0307,m5.2xlarge,56.65,73.14,67.35,720,2026-01,development,lending-backend
i-0307,m5.2xlarge,74.18,70.32,53.04,720,2026-02,development,lending-backend
i-0307,m5.2xlarge,56.68,70.11,40.89,720,2026-03,development,lending-backend
i-0307,m5.2xlarge,48.48,90.96,41.74,720,2026-04,development,lending-backend
i-0307,m5.2xlarge,52.16,87.87,78.13,720,2026-05,development,lending-backend
i-0307,m5.2xlarge,74.42,77.66,78.02,720,2026-06,development,lending-backend
i-0308,r5.xlarge,36.42,87.38,65.71,720,2026-01,sandbox,platform-infra
i-0308,r5.xlarge,44.98,80.22,45.18,720,2026-02,sandbox,platform-infra
i-0308,r5.xlarge,69.86,75.74,65.04,720,2026-03,sandbox,platform-infra
i-0308,r5.xlarge,41.35,71.18,79.68,720,2026-04,sandbox,platform-infra
i-0308,r5.xlarge,65.12,93.86,51.83,720,2026-05,sandbox,platform-infra
i-0308,r5.xlarge,41.58,80.09,59.79,720,2026-06,sandbox,platform-infra
i-0309,r5.2xlarge,42.0,87.0,54.47,720,2026-01,production,data-engineering
i-0309,r5.2xlarge,42.45,74.96,62.55,720,2026-02,production,data-engineering
i-0309,r5.2xlarge,64.06,79.46,61.02,720,2026-03,production,data-engineering
i-0309,r5.2xlarge,40.56,92.44,77.15,720,2026-04,production,data-engineering
i-0309,r5.2xlarge,62.34,65.53,61.48,720,2026-05,production,data-engineering
i-0309,r5.2xlarge,60.17,94.84,79.84,720,2026-06,production,data-engineering
i-0310,c5.xlarge,69.3,66.91,78.13,720,2026-01,staging,payments
i-0310,c5.xlarge,59.51,89.03,56.29,720,2026-02,staging,payments
i-0310,c5.xlarge,47.79,78.9,45.87,720,2026-03,staging,payments
i-0310,c5.xlarge,49.28,90.73,41.52,720,2026-04,staging,payments
i-0310,c5.xlarge,41.04,68.75,56.12,720,2026-05,staging,payments
i-0310,c5.xlarge,74.88,70.2,45.82,720,2026-06,staging,payments
i-0311,c5.2xlarge,71.6,91.46,41.29,720,2026-01,development,risk-engineering
i-0311,c5.2xlarge,65.07,84.66,70.71,720,2026-02,development,risk-engineering
i-0311,c5.2xlarge,54.78,94.74,41.75,720,2026-03,development,risk-engineering
i-0311,c5.2xlarge,44.37,76.9,57.99,720,2026-04,development,risk-engineering
i-0311,c5.2xlarge,71.85,81.8,41.8,720,2026-05,development,risk-engineering
i-0311,c5.2xlarge,51.31,77.49,78.62,720,2026-06,development,risk-engineering
i-0312,t3.large,58.97,84.07,68.53,720,2026-01,sandbox,product-engineering
i-0312,t3.large,65.8,84.05,49.49,720,2026-02,sandbox,product-engineering
i-0312,t3.large,69.96,86.96,69.67,720,2026-03,sandbox,product-engineering
i-0312,t3.large,74.86,89.08,73.17,720,2026-04,sandbox,product-engineering
i-0312,t3.large,73.06,69.53,59.91,720,2026-05,sandbox,product-engineering
i-0312,t3.large,58.22,74.88,73.58,720,2026-06,sandbox,product-engineering
i-0313,m5.xlarge,65.5,86.63,79.89,720,2026-01,production,lending-backend
i-0313,m5.xlarge,45.38,87.06,62.06,720,2026-02,production,lending-backend
i-0313,m5.xlarge,47.52,69.82,75.84,720,2026-03,production,lending-backend
i-0313,m5.xlarge,58.82,89.75,61.81,720,2026-04,production,lending-backend
i-0313,m5.xlarge,43.8,75.13,55.26,720,2026-05,production,lending-backend
i-0313,m5.xlarge,73.92,65.17,79.43,720,2026-06,production,lending-backend
i-0314,m5.large,74.22,94.88,59.06,720,2026-01,staging,platform-infra
i-0314,m5.large,73.55,76.87,41.05,720,2026-02,staging,platform-infra
i-0314,m5.large,43.97,93.36,40.55,720,2026-03,staging,platform-infra
i-0314,m5.large,56.84,67.27,51.46,720,2026-04,staging,platform-infra
i-0314,m5.large,38.52,90.79,63.64,720,2026-05,staging,platform-infra
i-0314,m5.large,71.08,85.65,78.84,720,2026-06,staging,platform-infra
i-0315,m5.2xlarge,55.4,84.16,63.05,720,2026-01,development,data-engineering
i-0315,m5.2xlarge,54.37,90.38,65.78,720,2026-02,development,data-engineering
i-0315,m5.2xlarge,67.05,88.59,47.64,720,2026-03,development,data-engineering
i-0315,m5.2xlarge,61.01,70.99,63.33,720,2026-04,development,data-engineering
i-0315,m5.2xlarge,62.1,94.92,41.22,720,2026-05,development,data-engineering
i-0315,m5.2xlarge,38.65,67.31,55.93,720,2026-06,development,data-engineering
i-0316,r5.xlarge,67.86,90.32,69.48,720,2026-01,sandbox,payments
i-0316,r5.xlarge,70.88,74.69,43.53,720,2026-02,sandbox,payments
i-0316,r5.xlarge,37.33,90.56,69.22,720,2026-03,sandbox,payments
i-0316,r5.xlarge,62.94,75.19,55.2,720,2026-04,sandbox,payments
i-0316,r5.xlarge,73.32,66.91,70.95,720,2026-05,sandbox,payments
i-0316,r5.xlarge,47.39,66.17,69.7,720,2026-06,sandbox,payments
i-0317,r5.2xlarge,48.24,86.66,68.31,720,2026-01,production,risk-engineering
i-0317,r5.2xlarge,56.39,88.32,63.24,720,2026-02,production,risk-engineering
i-0317,r5.2xlarge,46.47,87.02,63.57,720,2026-03,production,risk-engineering
i-0317,r5.2xlarge,35.51,92.05,61.83,720,2026-04,production,risk-engineering
i-0317,r5.2xlarge,69.75,91.48,57.8,720,2026-05,production,risk-engineering
i-0317,r5.2xlarge,55.31,77.47,57.98,720,2026-06,production,risk-engineering
i-0318,c5.xlarge,70.81,88.64,45.06,720,2026-01,staging,product-engineering
i-0318,c5.xlarge,59.41,94.88,63.82,720,2026-02,staging,product-engineering
i-0318,c5.xlarge,66.43,88.07,54.01,720,2026-03,staging,product-engineering
i-0318,c5.xlarge,49.87,86.72,60.0,720,2026-04,staging,product-engineering
i-0318,c5.xlarge,57.82,86.39,71.1,720,2026-05,staging,product-engineering
i-0318,c5.xlarge,45.86,69.4,51.67,720,2026-06,staging,product-engineering
i-0319,c5.2xlarge,55.3,75.26,62.73,720,2026-01,development,lending-backend
i-0319,c5.2xlarge,37.14,80.29,54.72,720,2026-02,development,lending-backend
i-0319,c5.2xlarge,56.39,77.68,51.37,720,2026-03,development,lending-backend
i-0319,c5.2xlarge,71.16,70.54,67.25,720,2026-04,development,lending-backend
i-0319,c5.2xlarge,71.99,81.16,75.06,720,2026-05,development,lending-backend
i-0319,c5.2xlarge,39.99,79.81,58.28,720,2026-06,development,lending-backend
i-0320,t3.large,35.32,78.3,54.76,720,2026-01,sandbox,platform-infra
i-0320,t3.large,61.79,93.15,43.43,720,2026-02,sandbox,platform-infra
i-0320,t3.large,48.1,78.32,58.21,720,2026-03,sandbox,platform-infra
i-0320,t3.large,65.99,78.3,41.09,720,2026-04,sandbox,platform-infra
i-0320,t3.large,63.4,91.54,60.56,720,2026-05,sandbox,platform-infra
i-0320,t3.large,58.24,69.89,48.83,720,2026-06,sandbox,platform-infra
i-0321,m5.xlarge,44.41,77.92,77.13,720,2026-01,production,data-engineering
i-0321,m5.xlarge,55.87,70.76,50.64,720,2026-02,production,data-engineering
i-0321,m5.xlarge,50.36,83.7,57.6,720,2026-03,production,data-engineering
i-0321,m5.xlarge,50.7,81.94,49.67,720,2026-04,production,data-engineering
i-0321,m5.xlarge,38.16,65.73,50.05,720,2026-05,production,data-engineering
i-0321,m5.xlarge,38.66,75.09,70.92,720,2026-06,production,data-engineering
i-0322,m5.large,63.65,83.33,74.1,720,2026-01,staging,payments
i-0322,m5.large,46.28,91.55,55.97,720,2026-02,staging,payments
i-0322,m5.large,51.04,77.16,43.92,720,2026-03,staging,payments
i-0322,m5.large,74.02,69.16,53.64,720,2026-04,staging,payments
i-0322,m5.large,47.77,67.24,46.09,720,2026-05,staging,payments
i-0322,m5.large,36.79,73.77,74.67,720,2026-06,staging,payments
i-0323,m5.2xlarge,48.58,68.71,65.83,720,2026-01,development,risk-engineering
i-0323,m5.2xlarge,74.86,71.97,51.18,720,2026-02,development,risk-engineering
i-0323,m5.2xlarge,73.87,70.36,60.45,720,2026-03,development,risk-engineering
i-0323,m5.2xlarge,44.59,92.97,79.26,720,2026-04,development,risk-engineering
i-0323,m5.2xlarge,67.59,74.44,56.14,720,2026-05,development,risk-engineering
i-0323,m5.2xlarge,44.69,91.72,76.58,720,2026-06,development,risk-engineering
i-0324,r5.xlarge,51.75,84.7,46.62,720,2026-01,sandbox,product-engineering
i-0324,r5.xlarge,52.4,83.94,55.42,720,2026-02,sandbox,product-engineering
i-0324,r5.xlarge,49.3,65.03,72.17,720,2026-03,sandbox,product-engineering
i-0324,r5.xlarge,70.57,94.08,68.77,720,2026-04,sandbox,product-engineering
i-0324,r5.xlarge,56.95,73.08,79.97,720,2026-05,sandbox,product-engineering
i-0324,r5.xlarge,58.59,85.43,67.3,720,2026-06,sandbox,product-engineering
i-0325,r5.2xlarge,68.81,65.29,48.81,720,2026-01,production,lending-backend
i-0325,r5.2xlarge,61.62,91.85,67.41,720,2026-02,production,lending-backend
i-0325,r5.2xlarge,51.54,75.85,69.52,720,2026-03,production,lending-backend
i-0325,r5.2xlarge,64.65,83.21,51.66,720,2026-04,production,lending-backend
i-0325,r5.2xlarge,72.01,81.56,71.62,720,2026-05,production,lending-backend
i-0325,r5.2xlarge,43.57,75.32,74.98,720,2026-06,production,lending-backend
i-0326,c5.xlarge,37.0,80.37,59.27,720,2026-01,staging,platform-infra
i-0326,c5.xlarge,65.05,73.46,48.76,720,2026-02,staging,platform-infra
i-0326,c5.xlarge,72.05,82.15,44.19,720,2026-03,staging,platform-infra
i-0326,c5.xlarge,42.72,94.96,47.82,720,2026-04,staging,platform-infra
i-0326,c5.xlarge,59.42,77.6,75.42,720,2026-05,staging,platform-infra
i-0326,c5.xlarge,65.21,82.91,40.43,720,2026-06,staging,platform-infra
i-0327,c5.2xlarge,70.19,78.34,77.26,720,2026-01,development,data-engineering
i-0327,c5.2xlarge,54.82,85.83,42.77,720,2026-02,development,data-engineering
i-0327,c5.2xlarge,64.81,75.14,54.05,720,2026-03,development,data-engineering
i-0327,c5.2xlarge,39.75,69.41,47.43,720,2026-04,development,data-engineering
i-0327,c5.2xlarge,48.13,91.76,54.73,720,2026-05,development,data-engineering
i-0327,c5.2xlarge,63.97,67.48,63.64,720,2026-06,development,data-engineering
i-0328,t3.large,54.28,94.34,73.85,720,2026-01,sandbox,payments
i-0328,t3.large,53.19,88.25,47.72,720,2026-02,sandbox,payments
i-0328,t3.large,57.49,67.24,53.92,720,2026-03,sandbox,payments
i-0328,t3.large,44.03,86.57,59.6,720,2026-04,sandbox,payments
i-0328,t3.large,65.04,80.46,43.46,720,2026-05,sandbox,payments
i-0328,t3.large,64.41,90.0,76.14,720,2026-06,sandbox,payments
i-0329,m5.xlarge,57.88,87.61,70.08,720,2026-01,production,risk-engineering
i-0329,m5.xlarge,41.23,69.93,42.84,720,2026-02,production,risk-engineering
i-0329,m5.xlarge,47.8,79.21,79.92,720,2026-03,production,risk-engineering
i-0329,m5.xlarge,52.24,86.79,67.74,720,2026-04,production,risk-engineering
i-0329,m5.xlarge,43.18,66.76,61.84,720,2026-05,production,risk-engineering
i-0329,m5.xlarge,63.01,94.95,54.34,720,2026-06,production,risk-engineering
i-0330,m5.large,70.85,76.46,67.58,720,2026-01,staging,product-engineering
i-0330,m5.large,58.93,66.59,43.14,720,2026-02,staging,product-engineering
i-0330,m5.large,35.83,76.13,69.83,720,2026-03,staging,product-engineering
i-0330,m5.large,41.91,83.18,51.55,720,2026-04,staging,product-engineering
i-0330,m5.large,66.88,88.95,71.02,720,2026-05,staging,product-engineering
i-0330,m5.large,55.99,73.54,72.38,720,2026-06,staging,product-engineering
i-0331,m5.2xlarge,42.44,73.69,47.36,720,2026-01,development,lending-backend
i-0331,m5.2xlarge,61.97,85.59,66.1,720,2026-02,development,lending-backend
i-0331,m5.2xlarge,51.62,68.01,76.45,720,2026-03,development,lending-backend
i-0331,m5.2xlarge,55.31,77.21,63.55,720,2026-04,development,lending-backend
i-0331,m5.2xlarge,42.71,68.98,56.22,720,2026-05,development,lending-backend
i-0331,m5.2xlarge,44.09,72.33,75.7,720,2026-06,development,lending-backend
i-0332,r5.xlarge,56.23,79.5,67.58,720,2026-01,sandbox,platform-infra
i-0332,r5.xlarge,73.06,68.37,73.34,720,2026-02,sandbox,platform-infra
i-0332,r5.xlarge,58.36,69.38,51.89,720,2026-03,sandbox,platform-infra
i-0332,r5.xlarge,54.29,85.74,49.7,720,2026-04,sandbox,platform-infra
i-0332,r5.xlarge,56.4,85.54,57.95,720,2026-05,sandbox,platform-infra
i-0332,r5.xlarge,69.52,91.08,58.83,720,2026-06,sandbox,platform-infra
i-0333,r5.2xlarge,73.92,67.27,40.13,720,2026-01,production,data-engineering
i-0333,r5.2xlarge,50.23,83.03,65.17,720,2026-02,production,data-engineering
i-0333,r5.2xlarge,54.06,68.75,46.82,720,2026-03,production,data-engineering
i-0333,r5.2xlarge,69.09,91.04,66.96,720,2026-04,production,data-engineering
i-0333,r5.2xlarge,61.57,82.93,48.12,720,2026-05,production,data-engineering
i-0333,r5.2xlarge,52.13,85.88,61.49,720,2026-06,production,data-engineering
i-0334,c5.xlarge,35.74,93.61,73.79,720,2026-01,staging,payments
i-0334,c5.xlarge,45.42,83.49,76.93,720,2026-02,staging,payments
i-0334,c5.xlarge,38.84,80.09,58.25,720,2026-03,staging,payments
i-0334,c5.xlarge,51.41,90.07,55.23,720,2026-04,staging,payments
i-0334,c5.xlarge,37.55,66.98,41.71,720,2026-05,staging,payments
i-0334,c5.xlarge,51.37,86.55,48.15,720,2026-06,staging,payments
i-0335,c5.2xlarge,60.86,85.61,50.21,720,2026-01,development,risk-engineering
i-0335,c5.2xlarge,59.02,85.55,58.66,720,2026-02,development,risk-engineering
i-0335,c5.2xlarge,48.47,83.57,79.11,720,2026-03,development,risk-engineering
i-0335,c5.2xlarge,52.07,76.75,58.57,720,2026-04,development,risk-engineering
i-0335,c5.2xlarge,38.05,81.59,53.15,720,2026-05,development,risk-engineering
i-0335,c5.2xlarge,39.86,78.99,40.14,720,2026-06,development,risk-engineering
i-0336,t3.large,51.07,68.17,40.97,720,2026-01,sandbox,product-engineering
i-0336,t3.large,67.98,92.49,48.31,720,2026-02,sandbox,product-engineering
i-0336,t3.large,56.57,73.34,59.74,720,2026-03,sandbox,product-engineering
i-0336,t3.large,52.47,73.07,68.02,720,2026-04,sandbox,product-engineering
i-0336,t3.large,40.06,66.59,70.71,720,2026-05,sandbox,product-engineering
i-0336,t3.large,61.64,79.96,58.71,720,2026-06,sandbox,product-engineering
i-0337,m5.xlarge,54.9,78.11,55.72,720,2026-01,production,lending-backend
i-0337,m5.xlarge,54.99,80.86,67.68,720,2026-02,production,lending-backend
i-0337,m5.xlarge,63.45,76.33,56.54,720,2026-03,production,lending-backend
i-0337,m5.xlarge,49.95,81.1,58.13,720,2026-04,production,lending-backend
i-0337,m5.xlarge,70.58,85.89,75.95,720,2026-05,production,lending-backend
i-0337,m5.xlarge,63.37,94.13,65.43,720,2026-06,production,lending-backend
i-0338,m5.large,73.54,69.75,42.1,720,2026-01,staging,platform-infra
i-0338,m5.large,58.17,94.5,56.7,720,2026-02,staging,platform-infra
i-0338,m5.large,43.48,80.65,65.95,720,2026-03,staging,platform-infra
i-0338,m5.large,47.61,86.44,79.0,720,2026-04,staging,platform-infra
i-0338,m5.large,70.88,73.75,53.07,720,2026-05,staging,platform-infra
i-0338,m5.large,49.86,76.84,44.01,720,2026-06,staging,platform-infra
i-0339,m5.2xlarge,65.48,75.96,75.19,720,2026-01,development,data-engineering
i-0339,m5.2xlarge,72.08,65.73,79.54,720,2026-02,development,data-engineering
i-0339,m5.2xlarge,63.4,80.61,55.58,720,2026-03,development,data-engineering
i-0339,m5.2xlarge,55.74,74.74,64.91,720,2026-04,development,data-engineering
i-0339,m5.2xlarge,38.72,83.63,51.01,720,2026-05,development,data-engineering
i-0339,m5.2xlarge,35.71,81.58,63.14,720,2026-06,development,data-engineering
i-0340,r5.xlarge,52.06,67.17,75.73,720,2026-01,sandbox,payments
i-0340,r5.xlarge,59.46,68.47,60.44,720,2026-02,sandbox,payments
i-0340,r5.xlarge,54.89,66.81,64.27,720,2026-03,sandbox,payments
i-0340,r5.xlarge,67.33,87.47,48.12,720,2026-04,sandbox,payments
i-0340,r5.xlarge,69.49,75.28,77.86,720,2026-05,sandbox,payments
i-0340,r5.xlarge,37.87,79.59,63.88,720,2026-06,sandbox,payments
i-0341,r5.2xlarge,44.91,88.14,65.08,720,2026-01,production,risk-engineering
i-0341,r5.2xlarge,35.72,83.25,59.66,720,2026-02,production,risk-engineering
i-0341,r5.2xlarge,42.84,94.87,75.89,720,2026-03,production,risk-engineering
i-0341,r5.2xlarge,46.7,81.23,52.66,720,2026-04,production,risk-engineering
i-0341,r5.2xlarge,66.02,92.91,54.35,720,2026-05,production,risk-engineering
i-0341,r5.2xlarge,67.22,79.95,55.86,720,2026-06,production,risk-engineering
i-0342,c5.xlarge,72.54,80.31,58.7,720,2026-01,staging,product-engineering
i-0342,c5.xlarge,61.9,72.84,52.99,720,2026-02,staging,product-engineering
i-0342,c5.xlarge,72.28,85.36,73.07,720,2026-03,staging,product-engineering
i-0342,c5.xlarge,45.84,81.31,78.86,720,2026-04,staging,product-engineering
i-0342,c5.xlarge,47.75,69.81,60.44,720,2026-05,staging,product-engineering
i-0342,c5.xlarge,50.51,69.79,75.54,720,2026-06,staging,product-engineering
i-0343,c5.2xlarge,74.63,82.06,70.99,720,2026-01,development,lending-backend
i-0343,c5.2xlarge,69.36,86.03,41.77,720,2026-02,development,lending-backend
i-0343,c5.2xlarge,41.31,67.13,40.4,720,2026-03,development,lending-backend
i-0343,c5.2xlarge,47.24,76.77,49.64,720,2026-04,development,lending-backend
i-0343,c5.2xlarge,37.58,80.9,50.93,720,2026-05,development,lending-backend
i-0343,c5.2xlarge,66.84,65.24,73.7,720,2026-06,development,lending-backend
i-0344,t3.large,73.19,86.48,69.35,720,2026-01,sandbox,platform-infra
i-0344,t3.large,72.34,71.27,79.78,720,2026-02,sandbox,platform-infra
i-0344,t3.large,65.94,86.8,54.44,720,2026-03,sandbox,platform-infra
i-0344,t3.large,56.83,84.62,64.81,720,2026-04,sandbox,platform-infra
i-0344,t3.large,63.2,67.47,54.23,720,2026-05,sandbox,platform-infra
i-0344,t3.large,52.36,72.82,46.91,720,2026-06,sandbox,platform-infra
i-0345,m5.xlarge,40.56,75.99,59.74,720,2026-01,production,data-engineering
i-0345,m5.xlarge,37.52,93.39,70.61,720,2026-02,production,data-engineering
i-0345,m5.xlarge,64.23,70.19,64.15,720,2026-03,production,data-engineering
i-0345,m5.xlarge,56.19,94.47,69.91,720,2026-04,production,data-engineering
i-0345,m5.xlarge,58.03,90.52,46.2,720,2026-05,production,data-engineering
i-0345,m5.xlarge,35.61,85.71,43.93,720,2026-06,production,data-engineering
i-0346,m5.large,39.62,87.34,50.82,720,2026-01,staging,payments
i-0346,m5.large,60.15,92.52,52.66,720,2026-02,staging,payments
i-0346,m5.large,43.69,68.2,45.22,720,2026-03,staging,payments
i-0346,m5.large,37.49,67.63,57.28,720,2026-04,staging,payments
i-0346,m5.large,47.83,86.2,74.81,720,2026-05,staging,payments
i-0346,m5.large,66.39,80.92,44.1,720,2026-06,staging,payments
i-0347,m5.2xlarge,63.39,75.88,43.43,720,2026-01,development,risk-engineering
i-0347,m5.2xlarge,68.7,75.15,48.73,720,2026-02,development,risk-engineering
i-0347,m5.2xlarge,69.86,92.06,53.56,720,2026-03,development,risk-engineering
i-0347,m5.2xlarge,49.19,82.39,69.34,720,2026-04,development,risk-engineering
i-0347,m5.2xlarge,37.53,82.8,78.11,720,2026-05,development,risk-engineering
i-0347,m5.2xlarge,45.48,92.26,78.01,720,2026-06,development,risk-engineering
i-0348,r5.xlarge,45.77,87.63,49.55,720,2026-01,sandbox,product-engineering
i-0348,r5.xlarge,64.5,88.92,49.89,720,2026-02,sandbox,product-engineering
i-0348,r5.xlarge,63.63,89.36,54.34,720,2026-03,sandbox,product-engineering
i-0348,r5.xlarge,41.71,67.76,63.02,720,2026-04,sandbox,product-engineering
i-0348,r5.xlarge,74.12,89.69,57.43,720,2026-05,sandbox,product-engineering
i-0348,r5.xlarge,56.46,73.39,46.52,720,2026-06,sandbox,product-engineering
i-0349,r5.2xlarge,54.28,78.91,60.88,720,2026-01,production,lending-backend
i-0349,r5.2xlarge,73.11,83.12,64.23,720,2026-02,production,lending-backend
i-0349,r5.2xlarge,40.12,94.89,70.91,720,2026-03,production,lending-backend
i-0349,r5.2xlarge,70.09,77.43,60.09,720,2026-04,production,lending-backend
i-0349,r5.2xlarge,55.88,70.82,67.58,720,2026-05,production,lending-backend
i-0349,r5.2xlarge,71.12,69.91,43.45,720,2026-06,production,lending-backend
i-0350,c5.xlarge,64.53,73.2,64.95,720,2026-01,staging,platform-infra
i-0350,c5.xlarge,62.83,74.66,72.61,720,2026-02,staging,platform-infra
i-0350,c5.xlarge,57.0,91.07,70.53,720,2026-03,staging,platform-infra
i-0350,c5.xlarge,69.74,65.6,49.74,720,2026-04,staging,platform-infra
i-0350,c5.xlarge,38.6,78.26,75.6,720,2026-05,staging,platform-infra
i-0350,c5.xlarge,53.7,90.49,53.09,720,2026-06,staging,platform-infra
i-0351,c5.2xlarge,48.58,91.87,57.03,720,2026-01,development,data-engineering
i-0351,c5.2xlarge,66.59,72.1,77.95,720,2026-02,development,data-engineering
i-0351,c5.2xlarge,57.98,87.78,43.58,720,2026-03,development,data-engineering
i-0351,c5.2xlarge,54.71,92.03,75.08,720,2026-04,development,data-engineering
i-0351,c5.2xlarge,36.87,74.11,57.73,720,2026-05,development,data-engineering
i-0351,c5.2xlarge,41.89,86.9,47.38,720,2026-06,development,data-engineering
i-0352,t3.large,48.87,84.9,59.28,720,2026-01,sandbox,payments
i-0352,t3.large,64.54,93.84,44.66,720,2026-02,sandbox,payments
i-0352,t3.large,63.38,71.91,56.58,720,2026-03,sandbox,payments
i-0352,t3.large,36.31,69.08,52.79,720,2026-04,sandbox,payments
i-0352,t3.large,48.68,91.99,69.67,720,2026-05,sandbox,payments
i-0352,t3.large,73.89,82.97,49.67,720,2026-06,sandbox,payments
i-0353,m5.xlarge,48.11,74.6,53.06,720,2026-01,production,risk-engineering
i-0353,m5.xlarge,61.92,80.92,55.42,720,2026-02,production,risk-engineering
i-0353,m5.xlarge,40.96,65.66,48.75,720,2026-03,production,risk-engineering
i-0353,m5.xlarge,39.3,88.56,44.5,720,2026-04,production,risk-engineering
i-0353,m5.xlarge,63.97,76.57,42.94,720,2026-05,production,risk-engineering
i-0353,m5.xlarge,67.51,82.39,49.43,720,2026-06,production,risk-engineering
i-0354,m5.large,70.79,66.36,48.07,720,2026-01,staging,product-engineering
i-0354,m5.large,65.08,86.28,51.57,720,2026-02,staging,product-engineering
i-0354,m5.large,37.48,90.74,52.55,720,2026-03,staging,product-engineering
i-0354,m5.large,42.83,80.48,76.41,720,2026-04,staging,product-engineering
i-0354,m5.large,36.74,87.97,62.9,720,2026-05,staging,product-engineering
i-0354,m5.large,52.02,87.32,78.63,720,2026-06,staging,product-engineering
i-0355,m5.2xlarge,44.17,69.31,76.52,720,2026-01,development,lending-backend
i-0355,m5.2xlarge,61.76,78.14,62.93,720,2026-02,development,lending-backend
i-0355,m5.2xlarge,64.82,88.19,76.8,720,2026-03,development,lending-backend
i-0355,m5.2xlarge,52.07,73.8,65.59,720,2026-04,development,lending-backend
i-0355,m5.2xlarge,51.63,82.84,56.8,720,2026-05,development,lending-backend
i-0355,m5.2xlarge,41.12,79.08,67.64,720,2026-06,development,lending-backend
i-0356,r5.xlarge,66.97,79.8,46.61,720,2026-01,sandbox,platform-infra
i-0356,r5.xlarge,51.59,88.59,56.51,720,2026-02,sandbox,platform-infra
i-0356,r5.xlarge,62.86,80.22,49.65,720,2026-03,sandbox,platform-infra
i-0356,r5.xlarge,66.85,67.53,61.0,720,2026-04,sandbox,platform-infra
i-0356,r5.xlarge,43.36,67.01,60.12,720,2026-05,sandbox,platform-infra
i-0356,r5.xlarge,54.98,86.21,69.79,720,2026-06,sandbox,platform-infra
i-0357,r5.2xlarge,64.11,77.29,65.27,720,2026-01,production,data-engineering
i-0357,r5.2xlarge,58.08,77.65,63.89,720,2026-02,production,data-engineering
i-0357,r5.2xlarge,72.89,70.79,76.23,720,2026-03,production,data-engineering
i-0357,r5.2xlarge,37.14,74.25,51.53,720,2026-04,production,data-engineering
i-0357,r5.2xlarge,60.05,68.94,75.29,720,2026-05,production,data-engineering
i-0357,r5.2xlarge,68.14,84.56,58.34,720,2026-06,production,data-engineering
i-0358,c5.xlarge,72.32,89.92,59.97,720,2026-01,staging,payments
i-0358,c5.xlarge,63.07,82.01,63.52,720,2026-02,staging,payments
i-0358,c5.xlarge,48.24,78.86,43.12,720,2026-03,staging,payments
i-0358,c5.xlarge,49.29,85.87,78.13,720,2026-04,staging,payments
i-0358,c5.xlarge,73.52,81.67,64.26,720,2026-05,staging,payments
i-0358,c5.xlarge,42.43,85.86,42.83,720,2026-06,staging,payments
i-0359,c5.2xlarge,46.39,85.05,52.41,720,2026-01,development,risk-engineering
i-0359,c5.2xlarge,36.99,89.96,52.41,720,2026-02,development,risk-engineering
i-0359,c5.2xlarge,37.52,67.24,50.07,720,2026-03,development,risk-engineering
i-0359,c5.2xlarge,42.12,88.23,52.87,720,2026-04,development,risk-engineering
i-0359,c5.2xlarge,67.19,70.22,59.72,720,2026-05,development,risk-engineering
i-0359,c5.2xlarge,62.52,84.56,64.05,720,2026-06,development,risk-engineering
i-0360,t3.large,71.99,71.86,59.75,720,2026-01,sandbox,product-engineering
i-0360,t3.large,70.36,67.34,42.24,720,2026-02,sandbox,product-engineering
i-0360,t3.large,44.33,83.99,50.4,720,2026-03,sandbox,product-engineering
i-0360,t3.large,42.61,78.76,64.54,720,2026-04,sandbox,product-engineering
i-0360,t3.large,44.94,74.02,64.54,720,2026-05,sandbox,product-engineering
i-0360,t3.large,72.83,85.24,71.32,720,2026-06,sandbox,product-engineering
i-0361,m5.xlarge,49.67,73.17,58.17,720,2026-01,production,lending-backend
i-0361,m5.xlarge,67.29,78.69,73.87,720,2026-02,production,lending-backend
i-0361,m5.xlarge,74.55,67.16,41.82,720,2026-03,production,lending-backend
i-0361,m5.xlarge,40.98,76.53,45.24,720,2026-04,production,lending-backend
i-0361,m5.xlarge,69.83,65.69,52.63,720,2026-05,production,lending-backend
i-0361,m5.xlarge,42.39,92.95,66.78,720,2026-06,production,lending-backend
i-0362,m5.large,71.48,94.17,59.88,720,2026-01,staging,platform-infra
i-0362,m5.large,44.37,70.81,48.92,720,2026-02,staging,platform-infra
i-0362,m5.large,63.34,66.21,42.05,720,2026-03,staging,platform-infra
i-0362,m5.large,59.33,84.26,66.61,720,2026-04,staging,platform-infra
i-0362,m5.large,49.88,89.18,61.34,720,2026-05,staging,platform-infra
i-0362,m5.large,39.22,88.91,78.12,720,2026-06,staging,platform-infra
i-0363,m5.2xlarge,37.4,76.74,59.5,720,2026-01,development,data-engineering
i-0363,m5.2xlarge,40.86,91.03,51.37,720,2026-02,development,data-engineering
i-0363,m5.2xlarge,66.32,85.13,63.92,720,2026-03,development,data-engineering
i-0363,m5.2xlarge,42.69,71.62,41.89,720,2026-04,development,data-engineering
i-0363,m5.2xlarge,44.63,75.36,73.33,720,2026-05,development,data-engineering
i-0363,m5.2xlarge,49.66,87.64,57.58,720,2026-06,development,data-engineering
i-0364,r5.xlarge,66.39,94.29,49.59,720,2026-01,sandbox,payments
i-0364,r5.xlarge,69.49,83.65,72.69,720,2026-02,sandbox,payments
i-0364,r5.xlarge,61.06,77.72,49.12,720,2026-03,sandbox,payments
i-0364,r5.xlarge,37.8,81.07,79.61,720,2026-04,sandbox,payments
i-0364,r5.xlarge,64.52,74.82,73.09,720,2026-05,sandbox,payments
i-0364,r5.xlarge,65.76,73.45,40.57,720,2026-06,sandbox,payments
i-0365,r5.2xlarge,39.73,91.32,73.46,720,2026-01,production,risk-engineering
i-0365,r5.2xlarge,46.81,73.56,71.71,720,2026-02,production,risk-engineering
i-0365,r5.2xlarge,72.51,88.37,64.22,720,2026-03,production,risk-engineering
i-0365,r5.2xlarge,44.71,80.77,49.34,720,2026-04,production,risk-engineering
i-0365,r5.2xlarge,67.32,76.61,73.35,720,2026-05,production,risk-engineering
i-0365,r5.2xlarge,50.26,89.72,53.33,720,2026-06,production,risk-engineering
i-0366,c5.xlarge,52.61,83.46,42.81,720,2026-01,staging,product-engineering
i-0366,c5.xlarge,72.93,82.21,60.31,720,2026-02,staging,product-engineering
i-0366,c5.xlarge,68.58,90.97,60.89,720,2026-03,staging,product-engineering
i-0366,c5.xlarge,72.09,66.94,44.53,720,2026-04,staging,product-engineering
i-0366,c5.xlarge,58.87,75.62,58.57,720,2026-05,staging,product-engineering
i-0366,c5.xlarge,48.12,77.14,72.91,720,2026-06,staging,product-engineering
i-0367,c5.2xlarge,58.74,94.92,71.48,720,2026-01,development,lending-backend
i-0367,c5.2xlarge,45.95,72.93,53.44,720,2026-02,development,lending-backend
i-0367,c5.2xlarge,68.73,65.82,49.21,720,2026-03,development,lending-backend
i-0367,c5.2xlarge,71.2,84.2,49.07,720,2026-04,development,lending-backend
i-0367,c5.2xlarge,43.77,90.88,75.75,720,2026-05,development,lending-backend
i-0367,c5.2xlarge,45.25,77.62,73.38,720,2026-06,development,lending-backend
i-0368,t3.large,65.84,89.42,60.74,720,2026-01,sandbox,platform-infra
i-0368,t3.large,71.46,74.78,46.27,720,2026-02,sandbox,platform-infra
i-0368,t3.large,63.35,81.18,74.18,720,2026-03,sandbox,platform-infra
i-0368,t3.large,38.25,90.31,51.73,720,2026-04,sandbox,platform-infra
i-0368,t3.large,61.19,66.2,64.38,720,2026-05,sandbox,platform-infra
i-0368,t3.large,63.69,76.06,48.62,720,2026-06,sandbox,platform-infra
i-0369,m5.xlarge,56.51,90.0,52.94,720,2026-01,production,data-engineering
i-0369,m5.xlarge,45.1,73.37,77.97,720,2026-02,production,data-engineering
i-0369,m5.xlarge,49.37,65.11,71.27,720,2026-03,production,data-engineering
i-0369,m5.xlarge,62.97,68.86,79.4,720,2026-04,production,data-engineering
i-0369,m5.xlarge,59.32,80.02,55.29,720,2026-05,production,data-engineering
i-0369,m5.xlarge,70.95,72.32,51.43,720,2026-06,production,data-engineering
i-0370,m5.large,39.9,87.77,63.82,720,2026-01,staging,payments
i-0370,m5.large,59.36,71.55,66.05,720,2026-02,staging,payments
i-0370,m5.large,65.62,75.74,72.05,720,2026-03,staging,payments
i-0370,m5.large,48.95,87.74,41.35,720,2026-04,staging,payments
i-0370,m5.large,57.05,94.09,79.25,720,2026-05,staging,payments
i-0370,m5.large,46.27,78.24,42.52,720,2026-06,staging,payments
i-0371,m5.2xlarge,69.93,82.06,55.4,720,2026-01,development,risk-engineering
i-0371,m5.2xlarge,39.51,93.4,61.21,720,2026-02,development,risk-engineering
i-0371,m5.2xlarge,46.32,75.51,50.83,720,2026-03,development,risk-engineering
i-0371,m5.2xlarge,59.07,92.9,74.27,720,2026-04,development,risk-engineering
i-0371,m5.2xlarge,53.42,89.79,56.92,720,2026-05,development,risk-engineering
i-0371,m5.2xlarge,45.09,94.5,52.16,720,2026-06,development,risk-engineering
i-0372,r5.xlarge,47.95,94.69,45.36,720,2026-01,sandbox,product-engineering
i-0372,r5.xlarge,65.42,93.07,60.47,720,2026-02,sandbox,product-engineering
i-0372,r5.xlarge,35.1,76.25,44.46,720,2026-03,sandbox,product-engineering
i-0372,r5.xlarge,51.65,88.7,57.55,720,2026-04,sandbox,product-engineering
i-0372,r5.xlarge,52.28,81.7,63.27,720,2026-05,sandbox,product-engineering
i-0372,r5.xlarge,69.25,74.25,72.87,720,2026-06,sandbox,product-engineering
i-0373,r5.2xlarge,57.64,74.02,51.81,720,2026-01,production,lending-backend
i-0373,r5.2xlarge,49.45,83.68,49.23,720,2026-02,production,lending-backend
i-0373,r5.2xlarge,71.81,82.25,76.8,720,2026-03,production,lending-backend
i-0373,r5.2xlarge,36.86,75.28,40.91,720,2026-04,production,lending-backend
i-0373,r5.2xlarge,45.89,90.86,41.46,720,2026-05,production,lending-backend
i-0373,r5.2xlarge,52.45,68.53,56.67,720,2026-06,production,lending-backend
i-0374,c5.xlarge,68.55,83.69,69.47,720,2026-01,staging,platform-infra
i-0374,c5.xlarge,48.96,93.33,68.37,720,2026-02,staging,platform-infra
i-0374,c5.xlarge,51.87,77.79,76.75,720,2026-03,staging,platform-infra
i-0374,c5.xlarge,58.06,86.19,56.68,720,2026-04,staging,platform-infra
i-0374,c5.xlarge,43.95,86.71,64.31,720,2026-05,staging,platform-infra
i-0374,c5.xlarge,55.05,83.72,48.33,720,2026-06,staging,platform-infra
i-0375,c5.2xlarge,66.76,93.44,75.64,720,2026-01,development,data-engineering
i-0375,c5.2xlarge,47.86,77.18,72.34,720,2026-02,development,data-engineering
i-0375,c5.2xlarge,58.8,81.44,77.07,720,2026-03,development,data-engineering
i-0375,c5.2xlarge,56.44,80.45,41.68,720,2026-04,development,data-engineering
i-0375,c5.2xlarge,37.78,65.22,76.53,720,2026-05,development,data-engineering
i-0375,c5.2xlarge,51.34,79.06,73.82,720,2026-06,development,data-engineering
i-0376,t3.large,59.37,83.29,51.86,720,2026-01,sandbox,payments
i-0376,t3.large,68.36,69.97,42.13,720,2026-02,sandbox,payments
i-0376,t3.large,42.66,73.03,51.29,720,2026-03,sandbox,payments
i-0376,t3.large,61.82,71.53,67.07,720,2026-04,sandbox,payments
i-0376,t3.large,38.65,69.42,60.35,720,2026-05,sandbox,payments
i-0376,t3.large,71.88,90.79,78.75,720,2026-06,sandbox,payments
i-0377,m5.xlarge,61.02,85.27,65.0,720,2026-01,production,risk-engineering
i-0377,m5.xlarge,59.91,69.41,61.75,720,2026-02,production,risk-engineering
i-0377,m5.xlarge,50.44,78.28,60.94,720,2026-03,production,risk-engineering
i-0377,m5.xlarge,40.14,75.78,42.54,720,2026-04,production,risk-engineering
i-0377,m5.xlarge,74.19,68.56,50.34,720,2026-05,production,risk-engineering
i-0377,m5.xlarge,70.65,79.48,45.43,720,2026-06,production,risk-engineering
i-0378,m5.large,50.37,68.48,48.01,720,2026-01,staging,product-engineering
i-0378,m5.large,37.08,78.15,72.27,720,2026-02,staging,product-engineering
i-0378,m5.large,58.44,83.19,48.02,720,2026-03,staging,product-engineering
i-0378,m5.large,48.76,90.36,43.51,720,2026-04,staging,product-engineering
i-0378,m5.large,69.32,79.51,73.49,720,2026-05,staging,product-engineering
i-0378,m5.large,47.72,75.17,70.06,720,2026-06,staging,product-engineering
i-0379,m5.2xlarge,66.4,71.89,78.91,720,2026-01,development,lending-backend
i-0379,m5.2xlarge,38.38,67.06,63.82,720,2026-02,development,lending-backend
i-0379,m5.2xlarge,63.91,93.83,56.2,720,2026-03,development,lending-backend
i-0379,m5.2xlarge,36.01,83.09,51.59,720,2026-04,development,lending-backend
i-0379,m5.2xlarge,52.32,79.65,42.58,720,2026-05,development,lending-backend
i-0379,m5.2xlarge,54.44,77.79,68.5,720,2026-06,development,lending-backend
i-0380,r5.xlarge,60.83,70.56,48.25,720,2026-01,sandbox,platform-infra
i-0380,r5.xlarge,45.04,70.37,66.29,720,2026-02,sandbox,platform-infra
i-0380,r5.xlarge,74.78,84.56,64.27,720,2026-03,sandbox,platform-infra
i-0380,r5.xlarge,51.4,74.38,76.44,720,2026-04,sandbox,platform-infra
i-0380,r5.xlarge,73.76,79.9,51.61,720,2026-05,sandbox,platform-infra
i-0380,r5.xlarge,65.8,68.97,70.62,720,2026-06,sandbox,platform-infra
i-0381,r5.2xlarge,67.76,68.75,79.07,720,2026-01,production,data-engineering
i-0381,r5.2xlarge,74.42,93.1,59.84,720,2026-02,production,data-engineering
i-0381,r5.2xlarge,44.84,82.46,56.8,720,2026-03,production,data-engineering
i-0381,r5.2xlarge,43.24,77.71,66.56,720,2026-04,production,data-engineering
i-0381,r5.2xlarge,37.84,75.0,40.71,720,2026-05,production,data-engineering
i-0381,r5.2xlarge,64.98,84.22,42.51,720,2026-06,production,data-engineering
i-0382,c5.xlarge,73.59,65.68,63.6,720,2026-01,staging,payments
i-0382,c5.xlarge,66.05,88.64,41.37,720,2026-02,staging,payments
i-0382,c5.xlarge,71.26,92.55,62.46,720,2026-03,staging,payments
i-0382,c5.xlarge,54.28,66.35,62.48,720,2026-04,staging,payments
i-0382,c5.xlarge,51.38,88.18,56.16,720,2026-05,staging,payments
i-0382,c5.xlarge,62.34,68.04,45.32,720,2026-06,staging,payments
i-0383,c5.2xlarge,40.59,66.37,61.65,720,2026-01,development,risk-engineering
i-0383,c5.2xlarge,66.76,83.31,63.0,720,2026-02,development,risk-engineering
i-0383,c5.2xlarge,62.22,75.19,54.48,720,2026-03,development,risk-engineering
i-0383,c5.2xlarge,47.57,86.36,46.47,720,2026-04,development,risk-engineering
i-0383,c5.2xlarge,35.52,82.89,77.7,720,2026-05,development,risk-engineering
i-0383,c5.2xlarge,59.38,88.49,66.91,720,2026-06,development,risk-engineering
i-0384,t3.large,54.9,86.55,72.96,720,2026-01,sandbox,product-engineering
i-0384,t3.large,43.99,75.08,48.95,720,2026-02,sandbox,product-engineering
i-0384,t3.large,53.09,91.55,53.81,720,2026-03,sandbox,product-engineering
i-0384,t3.large,49.98,90.81,60.61,720,2026-04,sandbox,product-engineering
i-0384,t3.large,56.42,90.82,59.62,720,2026-05,sandbox,product-engineering
i-0384,t3.large,62.26,67.57,47.15,720,2026-06,sandbox,product-engineering
i-0385,m5.xlarge,51.18,79.85,78.63,720,2026-01,production,lending-backend
i-0385,m5.xlarge,73.83,90.54,52.62,720,2026-02,production,lending-backend
i-0385,m5.xlarge,73.56,85.68,55.72,720,2026-03,production,lending-backend
i-0385,m5.xlarge,63.07,65.5,45.85,720,2026-04,production,lending-backend
i-0385,m5.xlarge,68.19,84.37,54.57,720,2026-05,production,lending-backend
i-0385,m5.xlarge,55.03,92.15,65.26,720,2026-06,production,lending-backend
i-0386,m5.large,50.93,68.61,51.75,720,2026-01,staging,platform-infra
i-0386,m5.large,74.13,78.12,58.87,720,2026-02,staging,platform-infra
i-0386,m5.large,54.94,91.52,64.16,720,2026-03,staging,platform-infra
i-0386,m5.large,62.75,76.68,41.16,720,2026-04,staging,platform-infra
i-0386,m5.large,72.24,93.47,77.97,720,2026-05,staging,platform-infra
i-0386,m5.large,72.75,89.46,67.38,720,2026-06,staging,platform-infra
i-0387,m5.2xlarge,68.78,83.02,45.37,720,2026-01,development,data-engineering
i-0387,m5.2xlarge,50.65,94.14,54.05,720,2026-02,development,data-engineering
i-0387,m5.2xlarge,69.71,67.8,53.37,720,2026-03,development,data-engineering
i-0387,m5.2xlarge,49.04,66.55,44.76,720,2026-04,development,data-engineering
i-0387,m5.2xlarge,42.73,90.13,42.54,720,2026-05,development,data-engineering
i-0387,m5.2xlarge,46.95,65.31,67.83,720,2026-06,development,data-engineering
i-0388,r5.xlarge,59.81,84.35,54.98,720,2026-01,sandbox,payments
i-0388,r5.xlarge,43.33,86.61,72.44,720,2026-02,sandbox,payments
i-0388,r5.xlarge,40.54,79.6,49.95,720,2026-03,sandbox,payments
i-0388,r5.xlarge,41.72,87.03,61.52,720,2026-04,sandbox,payments
i-0388,r5.xlarge,43.65,74.3,78.67,720,2026-05,sandbox,payments
i-0388,r5.xlarge,68.95,91.4,58.4,720,2026-06,sandbox,payments
i-0389,r5.2xlarge,59.95,76.3,43.11,720,2026-01,production,risk-engineering
i-0389,r5.2xlarge,51.04,82.82,51.49,720,2026-02,production,risk-engineering
i-0389,r5.2xlarge,68.92,69.53,54.69,720,2026-03,production,risk-engineering
i-0389,r5.2xlarge,40.0,77.14,41.59,720,2026-04,production,risk-engineering
i-0389,r5.2xlarge,45.9,77.02,59.13,720,2026-05,production,risk-engineering
i-0389,r5.2xlarge,56.75,73.25,60.92,720,2026-06,production,risk-engineering
i-0390,c5.xlarge,55.36,74.49,73.21,720,2026-01,staging,product-engineering
i-0390,c5.xlarge,56.83,74.97,77.89,720,2026-02,staging,product-engineering
i-0390,c5.xlarge,68.8,94.48,67.69,720,2026-03,staging,product-engineering
i-0390,c5.xlarge,50.13,73.43,66.53,720,2026-04,staging,product-engineering
i-0390,c5.xlarge,74.23,83.8,75.26,720,2026-05,staging,product-engineering
i-0390,c5.xlarge,48.16,77.21,76.25,720,2026-06,staging,product-engineering
i-0391,c5.2xlarge,65.27,94.44,70.99,720,2026-01,development,lending-backend
i-0391,c5.2xlarge,52.94,80.93,76.02,720,2026-02,development,lending-backend
i-0391,c5.2xlarge,57.07,72.66,57.42,720,2026-03,development,lending-backend
i-0391,c5.2xlarge,55.65,67.9,69.75,720,2026-04,development,lending-backend
i-0391,c5.2xlarge,39.37,77.15,72.18,720,2026-05,development,lending-backend
i-0391,c5.2xlarge,53.7,90.26,53.68,720,2026-06,development,lending-backend
i-0392,t3.large,73.31,71.28,41.53,720,2026-01,sandbox,platform-infra
i-0392,t3.large,69.9,87.57,49.28,720,2026-02,sandbox,platform-infra
i-0392,t3.large,74.39,80.07,78.04,720,2026-03,sandbox,platform-infra
i-0392,t3.large,55.2,79.16,57.97,720,2026-04,sandbox,platform-infra
i-0392,t3.large,48.4,81.01,58.1,720,2026-05,sandbox,platform-infra
i-0392,t3.large,36.47,72.81,48.52,720,2026-06,sandbox,platform-infra
i-0393,m5.xlarge,69.7,82.97,70.55,720,2026-01,production,data-engineering
i-0393,m5.xlarge,73.27,84.32,79.3,720,2026-02,production,data-engineering
i-0393,m5.xlarge,47.47,70.59,56.13,720,2026-03,production,data-engineering
i-0393,m5.xlarge,53.83,91.86,62.4,720,2026-04,production,data-engineering
i-0393,m5.xlarge,46.69,87.28,60.23,720,2026-05,production,data-engineering
i-0393,m5.xlarge,41.49,82.3,76.46,720,2026-06,production,data-engineering
i-0394,m5.large,68.7,82.6,55.08,720,2026-01,staging,payments
i-0394,m5.large,38.48,79.09,70.08,720,2026-02,staging,payments
i-0394,m5.large,49.41,72.06,77.26,720,2026-03,staging,payments
i-0394,m5.large,67.86,84.15,45.47,720,2026-04,staging,payments
i-0394,m5.large,40.8,68.1,64.65,720,2026-05,staging,payments
i-0394,m5.large,39.62,90.28,79.72,720,2026-06,staging,payments
i-0395,m5.2xlarge,49.65,78.61,68.47,720,2026-01,development,risk-engineering
i-0395,m5.2xlarge,72.49,91.82,42.3,720,2026-02,development,risk-engineering
i-0395,m5.2xlarge,41.76,87.64,67.56,720,2026-03,development,risk-engineering
i-0395,m5.2xlarge,40.33,80.06,71.23,720,2026-04,development,risk-engineering
i-0395,m5.2xlarge,43.75,91.14,42.12,720,2026-05,development,risk-engineering
i-0395,m5.2xlarge,66.29,83.47,52.61,720,2026-06,development,risk-engineering
i-0396,r5.xlarge,63.84,88.47,77.36,720,2026-01,sandbox,product-engineering
i-0396,r5.xlarge,49.71,85.58,64.1,720,2026-02,sandbox,product-engineering
i-0396,r5.xlarge,56.01,91.71,40.13,720,2026-03,sandbox,product-engineering
i-0396,r5.xlarge,46.28,81.15,47.13,720,2026-04,sandbox,product-engineering
i-0396,r5.xlarge,71.31,84.43,59.12,720,2026-05,sandbox,product-engineering
i-0396,r5.xlarge,67.59,78.53,62.35,720,2026-06,sandbox,product-engineering
i-0397,r5.2xlarge,35.11,75.97,45.55,720,2026-01,production,lending-backend
i-0397,r5.2xlarge,62.59,79.37,52.07,720,2026-02,production,lending-backend
i-0397,r5.2xlarge,53.71,71.29,77.0,720,2026-03,production,lending-backend
i-0397,r5.2xlarge,37.16,90.96,60.45,720,2026-04,production,lending-backend
i-0397,r5.2xlarge,59.76,74.08,78.67,720,2026-05,production,lending-backend
i-0397,r5.2xlarge,46.27,82.67,79.74,720,2026-06,production,lending-backend
i-0398,c5.xlarge,70.24,81.09,79.61,720,2026-01,staging,platform-infra
i-0398,c5.xlarge,63.05,71.26,56.22,720,2026-02,staging,platform-infra
i-0398,c5.xlarge,48.38,75.32,70.42,720,2026-03,staging,platform-infra
i-0398,c5.xlarge,58.37,66.14,75.1,720,2026-04,staging,platform-infra
i-0398,c5.xlarge,46.87,94.91,78.17,720,2026-05,staging,platform-infra
i-0398,c5.xlarge,72.62,89.33,48.82,720,2026-06,staging,platform-infra
i-0399,c5.2xlarge,56.31,71.73,50.39,720,2026-01,development,data-engineering
i-0399,c5.2xlarge,59.44,66.23,78.78,720,2026-02,development,data-engineering
i-0399,c5.2xlarge,71.75,76.42,60.62,720,2026-03,development,data-engineering
i-0399,c5.2xlarge,53.64,91.47,67.54,720,2026-04,development,data-engineering
i-0399,c5.2xlarge,46.12,78.41,57.16,720,2026-05,development,data-engineering
i-0399,c5.2xlarge,73.37,70.26,43.58,720,2026-06,development,data-engineering
i-0400,t3.large,70.22,91.9,74.87,720,2026-01,sandbox,payments
i-0400,t3.large,55.44,84.79,62.53,720,2026-02,sandbox,payments
i-0400,t3.large,37.78,82.88,40.54,720,2026-03,sandbox,payments
i-0400,t3.large,48.0,92.97,52.16,720,2026-04,sandbox,payments
i-0400,t3.large,72.59,72.5,52.58,720,2026-05,sandbox,payments
i-0400,t3.large,60.14,87.85,60.06,720,2026-06,sandbox,payments
