resource_id,resource_type,required_tags,missing_tags,compliance_status
res-00001,EC2,"business_unit,product,environment,cost_centre,team,service","cost_centre,team",NON_COMPLIANT
res-00002,RDS,"business_unit,product,environment,cost_centre,team,service",,COMPLIANT
res-00003,S3,"business_unit,product,environment,cost_centre,team,service",,COMPLIANT
res-00004,EBS,"business_unit,product,environment,cost_centre,team,service",,COMPLIANT
res-00005,EFS,"business_unit,product,environment,cost_centre,team,service",,COMPLIANT
res-00006,ALB,"business_unit,product,environment,cost_centre,team,service",,COMPLIANT
res-00007,NAT Gateway,"business_unit,product,environment,cost_centre,team,service",,COMPLIANT
res-00008,Lambda,"business_unit,product,environment,cost_centre,team,service",,COMPLIANT
res-00009,EKS,"business_unit,product,environment,cost_centre,team,service",,COMPLIANT
res-00010,SQS,"business_unit,product,environment,cost_centre,team,service",service,NON_COMPLIANT
res-00011,CloudWatch,"business_unit,product,environment,cost_centre,team,service","environment,product",NON_COMPLIANT
res-00012,SageMaker,"business_unit,product,environment,cost_centre,team,service","product,service",NON_COMPLIANT
res-00013,EC2,"business_unit,product,environment,cost_centre,team,service",environment,NON_COMPLIANT
res-00014,RDS,"business_unit,product,environment,cost_centre,team,service",,COMPLIANT
res-00015,S3,"business_unit,product,environment,cost_centre,team,service",,COMPLIANT
res-00016,EBS,"business_unit,product,environment,cost_centre,team,service",,COMPLIANT
res-00017,EFS,"business_unit,product,environment,cost_centre,team,service",,COMPLIANT
res-00018,ALB,"business_unit,product,environment,cost_centre,team,service",,COMPLIANT
res-00019,NAT Gateway,"business_unit,product,environment,cost_centre,team,service",,COMPLIANT
res-00020,Lambda,"business_unit,product,environment,cost_centre,team,service",,COMPLIANT
res-00021,EKS,"business_unit,product,environment,cost_centre,team,service",,COMPLIANT
res-00022,SQS,"business_unit,product,environment,cost_centre,team,service",,COMPLIANT
res-00023,CloudWatch,"business_unit,product,environment,cost_centre,team,service",,COMPLIANT
res-00024,SageMaker,"business_unit,product,environment,cost_centre,team,service","cost_centre,product",NON_COMPLIANT
res-00025,EC2,"business_unit,product,environment,cost_centre,team,service",service,NON_COMPLIANT
res-00026,RDS,"business_unit,product,environment,cost_centre,team,service",service,NON_COMPLIANT
res-00027,S3,"business_unit,product,environment,cost_centre,team,service",,COMPLIANT
res-00028,EBS,"business_unit,product,environment,cost_centre,team,service",,COMPLIANT
res-00029,EFS,"business_unit,product,environment,cost_centre,team,service",,COMPLIANT
res-00030,ALB,"business_unit,product,environment,cost_centre,team,service",,COMPLIANT
res-00031,NAT Gateway,"business_unit,product,environment,cost_centre,team,service",,COMPLIANT
res-00032,Lambda,"business_unit,product,environment,cost_centre,team,service",product,NON_COMPLIANT
res-00033,EKS,"business_unit,product,environment,cost_centre,team,service",,COMPLIANT
res-00034,SQS,"business_unit,product,environment,cost_centre,team,service",,COMPLIANT
res-00035,CloudWatch,"business_unit,product,environment,cost_centre,team,service",,COMPLIANT
res-00036,SageMaker,"business_unit,product,environment,cost_centre,team,service",business_unit,NON_COMPLIANT
res-00037,EC2,"business_unit,product,environment,cost_centre,team,service",,COMPLIANT
res-00038,RDS,"business_unit,product,environment,cost_centre,team,service",,COMPLIANT
res-00039,S3,"business_unit,product,environment,cost_centre,team,service",,COMPLIANT
res-00040,EBS,"business_unit,product,environment,cost_centre,team,service",,COMPLIANT
res-00041,EFS,"business_unit,product,environment,cost_centre,team,service",business_unit,NON_COMPLIANT
res-00042,ALB,"business_unit,product,environment,cost_centre,team,service","cost_centre,service",NON_COMPLIANT
res-00043,NAT Gateway,"business_unit,product,environment,cost_centre,team,service",,COMPLIANT
res-00044,Lambda,"business_unit,product,environment,cost_centre,team,service",,COMPLIANT
res-00045,EKS,"business_unit,product,environment,cost_centre,team,service",,COMPLIANT
res-00046,SQS,"business_unit,product,environment,cost_centre,team,service",,COMPLIANT
res-00047,CloudWatch,"business_unit,product,environment,cost_centre,team,service",,COMPLIANT
res-00048,SageMaker,"business_unit,product,environment,cost_centre,team,service",,COMPLIANT
res-00049,EC2,"business_unit,product,environment,cost_centre,team,service",,COMPLIANT
res-00050,RDS,"business_unit,product,environment,cost_centre,team,service",,COMPLIANT
res-00051,S3,"business_unit,product,environment,cost_centre,team,service",,COMPLIANT
res-00052,EBS,"business_unit,product,environment,cost_centre,team,service",team,NON_COMPLIANT
res-00053,EFS,"business_unit,product,environment,cost_centre,team,service",,COMPLIANT
res-00054,ALB,"business_unit,product,environment,cost_centre,team,service",,COMPLIANT
res-00055,NAT Gateway,"business_unit,product,environment,cost_centre,team,service",,COMPLIANT
res-00056,Lambda,"business_unit,product,environment,cost_centre,team,service",,COMPLIANT
res-00057,EKS,"business_unit,product,environment,cost_centre,team,service",,COMPLIANT
res-00058,SQS,"business_unit,product,environment,cost_centre,team,service",,COMPLIANT
res-00059,CloudWatch,"business_unit,product,environment,cost_centre,team,service",,COMPLIANT
res-00060,SageMaker,"business_unit,product,environment,cost_centre,team,service",,COMPLIANT
res-00061,EC2,"business_unit,product,environment,cost_centre,team,service",,COMPLIANT
res-00062,RDS,"business_unit,product,environment,cost_centre,team,service",cost_centre,NON_COMPLIANT
res-00063,S3,"business_unit,product,environment,cost_centre,team,service",,COMPLIANT
res-00064,EBS,"business_unit,product,environment,cost_centre,team,service",,COMPLIANT
res-00065,EFS,"business_unit,product,environment,cost_centre,team,service",,COMPLIANT
res-00066,ALB,"business_unit,product,environment,cost_centre,team,service",service,NON_COMPLIANT
res-00067,NAT Gateway,"business_unit,product,environment,cost_centre,team,service",,COMPLIANT
res-00068,Lambda,"business_unit,product,environment,cost_centre,team,service",business_unit,NON_COMPLIANT
res-00069,EKS,"business_unit,product,environment,cost_centre,team,service",,COMPLIANT
res-00070,SQS,"business_unit,product,environment,cost_centre,team,service",,COMPLIANT
res-00071,CloudWatch,"business_unit,product,environment,cost_centre,team,service",,COMPLIANT
res-00072,SageMaker,"business_unit,product,environment,cost_centre,team,service",,COMPLIANT
res-00073,EC2,"business_unit,product,environment,cost_centre,team,service",product,NON_COMPLIANT
res-00074,RDS,"business_unit,product,environment,cost_centre,team,service",,COMPLIANT
res-00075,S3,"business_unit,product,environment,cost_centre,team,service",team,NON_COMPLIANT
res-00076,EBS,"business_unit,product,environment,cost_centre,team,service",,COMPLIANT
res-00077,EFS,"business_unit,product,environment,cost_centre,team,service",,COMPLIANT
res-00078,ALB,"business_unit,product,environment,cost_centre,team,service",,COMPLIANT
res-00079,NAT Gateway,"business_unit,product,environment,cost_centre,team,service",product,NON_COMPLIANT
res-00080,Lambda,"business_unit,product,environment,cost_centre,team,service",,COMPLIANT
res-00081,EKS,"business_unit,product,environment,cost_centre,team,service",cost_centre,NON_COMPLIANT
res-00082,SQS,"business_unit,product,environment,cost_centre,team,service",service,NON_COMPLIANT
res-00083,CloudWatch,"business_unit,product,environment,cost_centre,team,service",product,NON_COMPLIANT
res-00084,SageMaker,"business_unit,product,environment,cost_centre,team,service",,COMPLIANT
res-00085,EC2,"business_unit,product,environment,cost_centre,team,service",,COMPLIANT
res-00086,RDS,"business_unit,product,environment,cost_centre,team,service",,COMPLIANT
res-00087,S3,"business_unit,product,environment,cost_centre,team,service",,COMPLIANT
res-00088,EBS,"business_unit,product,environment,cost_centre,team,service",,COMPLIANT
res-00089,EFS,"business_unit,product,environment,cost_centre,team,service",,COMPLIANT
res-00090,ALB,"business_unit,product,environment,cost_centre,team,service",,COMPLIANT
res-00091,NAT Gateway,"business_unit,product,environment,cost_centre,team,service",,COMPLIANT
res-00092,Lambda,"business_unit,product,environment,cost_centre,team,service",service,NON_COMPLIANT
res-00093,EKS,"business_unit,product,environment,cost_centre,team,service",,COMPLIANT
res-00094,SQS,"business_unit,product,environment,cost_centre,team,service",,COMPLIANT
res-00095,CloudWatch,"business_unit,product,environment,cost_centre,team,service",,COMPLIANT
res-00096,SageMaker,"business_unit,product,environment,cost_centre,team,service",business_unit,NON_COMPLIANT
res-00097,EC2,"business_unit,product,environment,cost_centre,team,service",,COMPLIANT
res-00098,RDS,"business_unit,product,environment,cost_centre,team,service",,COMPLIANT
res-00099,S3,"business_unit,product,environment,cost_centre,team,service",cost_centre,NON_COMPLIANT
res-00100,EBS,"business_unit,product,environment,cost_centre,team,service",,COMPLIANT
res-00101,EFS,"business_unit,product,environment,cost_centre,team,service",environment,NON_COMPLIANT
res-00102,ALB,"business_unit,product,environment,cost_centre,team,service",,COMPLIANT
res-00103,NAT Gateway,"business_unit,product,environment,cost_centre,team,service",business_unit,NON_COMPLIANT
res-00104,Lambda,"business_unit,product,environment,cost_centre,team,service",,COMPLIANT
res-00105,EKS,"business_unit,product,environment,cost_centre,team,service",,COMPLIANT
res-00106,SQS,"business_unit,product,environment,cost_centre,team,service",,COMPLIANT
res-00107,CloudWatch,"business_unit,product,environment,cost_centre,team,service",,COMPLIANT
res-00108,SageMaker,"business_unit,product,environment,cost_centre,team,service",,COMPLIANT
res-00109,EC2,"business_unit,product,environment,cost_centre,team,service",,COMPLIANT
res-00110,RDS,"business_unit,product,environment,cost_centre,team,service",,COMPLIANT
res-00111,S3,"business_unit,product,environment,cost_centre,team,service",,COMPLIANT
res-00112,EBS,"business_unit,product,environment,cost_centre,team,service",,COMPLIANT
res-00113,EFS,"business_unit,product,environment,cost_centre,team,service",,COMPLIANT
res-00114,ALB,"business_unit,product,environment,cost_centre,team,service",product,NON_COMPLIANT
res-00115,NAT Gateway,"business_unit,product,environment,cost_centre,team,service",,COMPLIANT
res-00116,Lambda,"business_unit,product,environment,cost_centre,team,service",,COMPLIANT
res-00117,EKS,"business_unit,product,environment,cost_centre,team,service",,COMPLIANT
res-00118,SQS,"business_unit,product,environment,cost_centre,team,service",,COMPLIANT
res-00119,CloudWatch,"business_unit,product,environment,cost_centre,team,service",,COMPLIANT
res-00120,SageMaker,"business_unit,product,environment,cost_centre,team,service",,COMPLIANT
res-00121,EC2,"business_unit,product,environment,cost_centre,team,service",,COMPLIANT
res-00122,RDS,"business_unit,product,environment,cost_centre,team,service",,COMPLIANT
res-00123,S3,"business_unit,product,environment,cost_centre,team,service",,COMPLIANT
res-00124,EBS,"business_unit,product,environment,cost_centre,team,service",,COMPLIANT
res-00125,EFS,"business_unit,product,environment,cost_centre,team,service",,COMPLIANT
res-00126,ALB,"business_unit,product,environment,cost_centre,team,service",product,NON_COMPLIANT
res-00127,NAT Gateway,"business_unit,product,environment,cost_centre,team,service",,COMPLIANT
res-00128,Lambda,"business_unit,product,environment,cost_centre,team,service",,COMPLIANT
res-00129,EKS,"business_unit,product,environment,cost_centre,team,service","environment,service",NON_COMPLIANT
res-00130,SQS,"business_unit,product,environment,cost_centre,team,service",,COMPLIANT
res-00131,CloudWatch,"business_unit,product,environment,cost_centre,team,service",,COMPLIANT
res-00132,SageMaker,"business_unit,product,environment,cost_centre,team,service",,COMPLIANT
res-00133,EC2,"business_unit,product,environment,cost_centre,team,service",,COMPLIANT
res-00134,RDS,"business_unit,product,environment,cost_centre,team,service",,COMPLIANT
res-00135,S3,"business_unit,product,environment,cost_centre,team,service",,COMPLIANT
res-00136,EBS,"business_unit,product,environment,cost_centre,team,service",,COMPLIANT
res-00137,EFS,"business_unit,product,environment,cost_centre,team,service",,COMPLIANT
res-00138,ALB,"business_unit,product,environment,cost_centre,team,service",,COMPLIANT
res-00139,NAT Gateway,"business_unit,product,environment,cost_centre,team,service",,COMPLIANT
res-00140,Lambda,"business_unit,product,environment,cost_centre,team,service",,COMPLIANT
res-00141,EKS,"business_unit,product,environment,cost_centre,team,service",,COMPLIANT
res-00142,SQS,"business_unit,product,environment,cost_centre,team,service",,COMPLIANT
res-00143,CloudWatch,"business_unit,product,environment,cost_centre,team,service",,COMPLIANT
res-00144,SageMaker,"business_unit,product,environment,cost_centre,team,service",,COMPLIANT
res-00145,EC2,"business_unit,product,environment,cost_centre,team,service",,COMPLIANT
res-00146,RDS,"business_unit,product,environment,cost_centre,team,service",,COMPLIANT
res-00147,S3,"business_unit,product,environment,cost_centre,team,service",,COMPLIANT
res-00148,EBS,"business_unit,product,environment,cost_centre,team,service",,COMPLIANT
res-00149,EFS,"business_unit,product,environment,cost_centre,team,service",,COMPLIANT
res-00150,ALB,"business_unit,product,environment,cost_centre,team,service",,COMPLIANT
res-00151,NAT Gateway,"business_unit,product,environment,cost_centre,team,service",,COMPLIANT
res-00152,Lambda,"business_unit,product,environment,cost_centre,team,service",,COMPLIANT
res-00153,EKS,"business_unit,product,environment,cost_centre,team,service",,COMPLIANT
res-00154,SQS,"business_unit,product,environment,cost_centre,team,service",environment,NON_COMPLIANT
res-00155,CloudWatch,"business_unit,product,environment,cost_centre,team,service",,COMPLIANT
res-00156,SageMaker,"business_unit,product,environment,cost_centre,team,service",,COMPLIANT
res-00157,EC2,"business_unit,product,environment,cost_centre,team,service",,COMPLIANT
res-00158,RDS,"business_unit,product,environment,cost_centre,team,service",environment,NON_COMPLIANT
res-00159,S3,"business_unit,product,environment,cost_centre,team,service",,COMPLIANT
res-00160,EBS,"business_unit,product,environment,cost_centre,team,service",,COMPLIANT
res-00161,EFS,"business_unit,product,environment,cost_centre,team,service",team,NON_COMPLIANT
res-00162,ALB,"business_unit,product,environment,cost_centre,team,service","cost_centre,product",NON_COMPLIANT
res-00163,NAT Gateway,"business_unit,product,environment,cost_centre,team,service",,COMPLIANT
res-00164,Lambda,"business_unit,product,environment,cost_centre,team,service",business_unit,NON_COMPLIANT
res-00165,EKS,"business_unit,product,environment,cost_centre,team,service",,COMPLIANT
res-00166,SQS,"business_unit,product,environment,cost_centre,team,service",,COMPLIANT
res-00167,CloudWatch,"business_unit,product,environment,cost_centre,team,service",environment,NON_COMPLIANT
res-00168,SageMaker,"business_unit,product,environment,cost_centre,team,service",,COMPLIANT
res-00169,EC2,"business_unit,product,environment,cost_centre,team,service",,COMPLIANT
res-00170,RDS,"business_unit,product,environment,cost_centre,team,service",,COMPLIANT
res-00171,S3,"business_unit,product,environment,cost_centre,team,service",,COMPLIANT
res-00172,EBS,"business_unit,product,environment,cost_centre,team,service",,COMPLIANT
res-00173,EFS,"business_unit,product,environment,cost_centre,team,service",,COMPLIANT
res-00174,ALB,"business_unit,product,environment,cost_centre,team,service",,COMPLIANT
res-00175,NAT Gateway,"business_unit,product,environment,cost_centre,team,service",,COMPLIANT
res-00176,Lambda,"business_unit,product,environment,cost_centre,team,service",,COMPLIANT
res-00177,EKS,"business_unit,product,environment,cost_centre,team,service",,COMPLIANT
res-00178,SQS,"business_unit,product,environment,cost_centre,team,service",,COMPLIANT
res-00179,CloudWatch,"business_unit,product,environment,cost_centre,team,service",,COMPLIANT
res-00180,SageMaker,"business_unit,product,environment,cost_centre,team,service",,COMPLIANT
res-00181,EC2,"business_unit,product,environment,cost_centre,team,service",,COMPLIANT
res-00182,RDS,"business_unit,product,environment,cost_centre,team,service",,COMPLIANT
res-00183,S3,"business_unit,product,environment,cost_centre,team,service",,COMPLIANT
res-00184,EBS,"business_unit,product,environment,cost_centre,team,service",,COMPLIANT
res-00185,EFS,"business_unit,product,environment,cost_centre,team,service",product,NON_COMPLIANT
res-00186,ALB,"business_unit,product,environment,cost_centre,team,service",,COMPLIANT
res-00187,NAT Gateway,"business_unit,product,environment,cost_centre,team,service",,COMPLIANT
res-00188,Lambda,"business_unit,product,environment,cost_centre,team,service",,COMPLIANT
res-00189,EKS,"business_unit,product,environment,cost_centre,team,service",,COMPLIANT
res-00190,SQS,"business_unit,product,environment,cost_centre,team,service",service,NON_COMPLIANT
res-00191,CloudWatch,"business_unit,product,environment,cost_centre,team,service",,COMPLIANT
res-00192,SageMaker,"business_unit,product,environment,cost_centre,team,service",,COMPLIANT
res-00193,EC2,"business_unit,product,environment,cost_centre,team,service",,COMPLIANT
res-00194,RDS,"business_unit,product,environment,cost_centre,team,service","business_unit,product",NON_COMPLIANT
res-00195,S3,"business_unit,product,environment,cost_centre,team,service",,COMPLIANT
res-00196,EBS,"business_unit,product,environment,cost_centre,team,service",,COMPLIANT
res-00197,EFS,"business_unit,product,environment,cost_centre,team,service",,COMPLIANT
res-00198,ALB,"business_unit,product,environment,cost_centre,team,service",,COMPLIANT
res-00199,NAT Gateway,"business_unit,product,environment,cost_centre,team,service",,COMPLIANT
res-00200,Lambda,"business_unit,product,environment,cost_centre,team,service",,COMPLIANT
res-00201,EKS,"business_unit,product,environment,cost_centre,team,service",,COMPLIANT
res-00202,SQS,"business_unit,product,environment,cost_centre,team,service",,COMPLIANT
res-00203,CloudWatch,"business_unit,product,environment,cost_centre,team,service",,COMPLIANT
res-00204,SageMaker,"business_unit,product,environment,cost_centre,team,service",,COMPLIANT
res-00205,EC2,"business_unit,product,environment,cost_centre,team,service",,COMPLIANT
res-00206,RDS,"business_unit,product,environment,cost_centre,team,service",,COMPLIANT
res-00207,S3,"business_unit,product,environment,cost_centre,team,service",,COMPLIANT
res-00208,EBS,"business_unit,product,environment,cost_centre,team,service",,COMPLIANT
res-00209,EFS,"business_unit,product,environment,cost_centre,team,service",,COMPLIANT
res-00210,ALB,"business_unit,product,environment,cost_centre,team,service",,COMPLIANT
res-00211,NAT Gateway,"business_unit,product,environment,cost_centre,team,service",,COMPLIANT
res-00212,Lambda,"business_unit,product,environment,cost_centre,team,service",service,NON_COMPLIANT
res-00213,EKS,"business_unit,product,environment,cost_centre,team,service",,COMPLIANT
res-00214,SQS,"business_unit,product,environment,cost_centre,team,service",,COMPLIANT
res-00215,CloudWatch,"business_unit,product,environment,cost_centre,team,service",,COMPLIANT
res-00216,SageMaker,"business_unit,product,environment,cost_centre,team,service",,COMPLIANT
res-00217,EC2,"business_unit,product,environment,cost_centre,team,service",,COMPLIANT
res-00218,RDS,"business_unit,product,environment,cost_centre,team,service",environment,NON_COMPLIANT
res-00219,S3,"business_unit,product,environment,cost_centre,team,service",,COMPLIANT
res-00220,EBS,"business_unit,product,environment,cost_centre,team,service",,COMPLIANT
res-00221,EFS,"business_unit,product,environment,cost_centre,team,service",business_unit,NON_COMPLIANT
res-00222,ALB,"business_unit,product,environment,cost_centre,team,service",,COMPLIANT
res-00223,NAT Gateway,"business_unit,product,environment,cost_centre,team,service",,COMPLIANT
res-00224,Lambda,"business_unit,product,environment,cost_centre,team,service",,COMPLIANT
res-00225,EKS,"business_unit,product,environment,cost_centre,team,service",,COMPLIANT
res-00226,SQS,"business_unit,product,environment,cost_centre,team,service",,COMPLIANT
res-00227,CloudWatch,"business_unit,product,environment,cost_centre,team,service",,COMPLIANT
res-00228,SageMaker,"business_unit,product,environment,cost_centre,team,service",,COMPLIANT
res-00229,EC2,"business_unit,product,environment,cost_centre,team,service",,COMPLIANT
res-00230,RDS,"business_unit,product,environment,cost_centre,team,service",service,NON_COMPLIANT
res-00231,S3,"business_unit,product,environment,cost_centre,team,service",product,NON_COMPLIANT
res-00232,EBS,"business_unit,product,environment,cost_centre,team,service",,COMPLIANT
res-00233,EFS,"business_unit,product,environment,cost_centre,team,service",,COMPLIANT
res-00234,ALB,"business_unit,product,environment,cost_centre,team,service",,COMPLIANT
res-00235,NAT Gateway,"business_unit,product,environment,cost_centre,team,service",service,NON_COMPLIANT
res-00236,Lambda,"business_unit,product,environment,cost_centre,team,service",,COMPLIANT
res-00237,EKS,"business_unit,product,environment,cost_centre,team,service",,COMPLIANT
res-00238,SQS,"business_unit,product,environment,cost_centre,team,service",,COMPLIANT
res-00239,CloudWatch,"business_unit,product,environment,cost_centre,team,service",business_unit,NON_COMPLIANT
res-00240,SageMaker,"business_unit,product,environment,cost_centre,team,service",,COMPLIANT
res-00241,EC2,"business_unit,product,environment,cost_centre,team,service",,COMPLIANT
res-00242,RDS,"business_unit,product,environment,cost_centre,team,service",,COMPLIANT
res-00243,S3,"business_unit,product,environment,cost_centre,team,service",,COMPLIANT
res-00244,EBS,"business_unit,product,environment,cost_centre,team,service",,COMPLIANT
res-00245,EFS,"business_unit,product,environment,cost_centre,team,service",,COMPLIANT
res-00246,ALB,"business_unit,product,environment,cost_centre,team,service",,COMPLIANT
res-00247,NAT Gateway,"business_unit,product,environment,cost_centre,team,service",team,NON_COMPLIANT
res-00248,Lambda,"business_unit,product,environment,cost_centre,team,service",,COMPLIANT
res-00249,EKS,"business_unit,product,environment,cost_centre,team,service",,COMPLIANT
res-00250,SQS,"business_unit,product,environment,cost_centre,team,service",,COMPLIANT
res-00251,CloudWatch,"business_unit,product,environment,cost_centre,team,service",,COMPLIANT
res-00252,SageMaker,"business_unit,product,environment,cost_centre,team,service",,COMPLIANT
res-00253,EC2,"business_unit,product,environment,cost_centre,team,service",,COMPLIANT
res-00254,RDS,"business_unit,product,environment,cost_centre,team,service",,COMPLIANT
res-00255,S3,"business_unit,product,environment,cost_centre,team,service",,COMPLIANT
res-00256,EBS,"business_unit,product,environment,cost_centre,team,service",,COMPLIANT
res-00257,EFS,"business_unit,product,environment,cost_centre,team,service",,COMPLIANT
res-00258,ALB,"business_unit,product,environment,cost_centre,team,service",,COMPLIANT
res-00259,NAT Gateway,"business_unit,product,environment,cost_centre,team,service",,COMPLIANT
res-00260,Lambda,"business_unit,product,environment,cost_centre,team,service",,COMPLIANT
res-00261,EKS,"business_unit,product,environment,cost_centre,team,service",environment,NON_COMPLIANT
res-00262,SQS,"business_unit,product,environment,cost_centre,team,service",environment,NON_COMPLIANT
res-00263,CloudWatch,"business_unit,product,environment,cost_centre,team,service",,COMPLIANT
res-00264,SageMaker,"business_unit,product,environment,cost_centre,team,service",,COMPLIANT
res-00265,EC2,"business_unit,product,environment,cost_centre,team,service",,COMPLIANT
res-00266,RDS,"business_unit,product,environment,cost_centre,team,service",,COMPLIANT
res-00267,S3,"business_unit,product,environment,cost_centre,team,service",cost_centre,NON_COMPLIANT
res-00268,EBS,"business_unit,product,environment,cost_centre,team,service",,COMPLIANT
res-00269,EFS,"business_unit,product,environment,cost_centre,team,service",,COMPLIANT
res-00270,ALB,"business_unit,product,environment,cost_centre,team,service",,COMPLIANT
res-00271,NAT Gateway,"business_unit,product,environment,cost_centre,team,service",service,NON_COMPLIANT
res-00272,Lambda,"business_unit,product,environment,cost_centre,team,service",team,NON_COMPLIANT
res-00273,EKS,"business_unit,product,environment,cost_centre,team,service",,COMPLIANT
res-00274,SQS,"business_unit,product,environment,cost_centre,team,service",,COMPLIANT
res-00275,CloudWatch,"business_unit,product,environment,cost_centre,team,service",,COMPLIANT
res-00276,SageMaker,"business_unit,product,environment,cost_centre,team,service",,COMPLIANT
res-00277,EC2,"business_unit,product,environment,cost_centre,team,service","cost_centre,product",NON_COMPLIANT
res-00278,RDS,"business_unit,product,environment,cost_centre,team,service",,COMPLIANT
res-00279,S3,"business_unit,product,environment,cost_centre,team,service",,COMPLIANT
res-00280,EBS,"business_unit,product,environment,cost_centre,team,service",,COMPLIANT
res-00281,EFS,"business_unit,product,environment,cost_centre,team,service",,COMPLIANT
res-00282,ALB,"business_unit,product,environment,cost_centre,team,service","business_unit,product",NON_COMPLIANT
res-00283,NAT Gateway,"business_unit,product,environment,cost_centre,team,service",,COMPLIANT
res-00284,Lambda,"business_unit,product,environment,cost_centre,team,service",service,NON_COMPLIANT
res-00285,EKS,"business_unit,product,environment,cost_centre,team,service",,COMPLIANT
res-00286,SQS,"business_unit,product,environment,cost_centre,team,service",,COMPLIANT
res-00287,CloudWatch,"business_unit,product,environment,cost_centre,team,service",,COMPLIANT
res-00288,SageMaker,"business_unit,product,environment,cost_centre,team,service",,COMPLIANT
res-00289,EC2,"business_unit,product,environment,cost_centre,team,service",product,NON_COMPLIANT
res-00290,RDS,"business_unit,product,environment,cost_centre,team,service",,COMPLIANT
res-00291,S3,"business_unit,product,environment,cost_centre,team,service",,COMPLIANT
res-00292,EBS,"business_unit,product,environment,cost_centre,team,service",,COMPLIANT
res-00293,EFS,"business_unit,product,environment,cost_centre,team,service",,COMPLIANT
res-00294,ALB,"business_unit,product,environment,cost_centre,team,service",,COMPLIANT
res-00295,NAT Gateway,"business_unit,product,environment,cost_centre,team,service",,COMPLIANT
res-00296,Lambda,"business_unit,product,environment,cost_centre,team,service",team,NON_COMPLIANT
res-00297,EKS,"business_unit,product,environment,cost_centre,team,service",,COMPLIANT
res-00298,SQS,"business_unit,product,environment,cost_centre,team,service",product,NON_COMPLIANT
res-00299,CloudWatch,"business_unit,product,environment,cost_centre,team,service",service,NON_COMPLIANT
res-00300,SageMaker,"business_unit,product,environment,cost_centre,team,service",,COMPLIANT
res-00301,EC2,"business_unit,product,environment,cost_centre,team,service",,COMPLIANT
res-00302,RDS,"business_unit,product,environment,cost_centre,team,service",,COMPLIANT
res-00303,S3,"business_unit,product,environment,cost_centre,team,service",,COMPLIANT
res-00304,EBS,"business_unit,product,environment,cost_centre,team,service","environment,team",NON_COMPLIANT
res-00305,EFS,"business_unit,product,environment,cost_centre,team,service",,COMPLIANT
res-00306,ALB,"business_unit,product,environment,cost_centre,team,service",,COMPLIANT
res-00307,NAT Gateway,"business_unit,product,environment,cost_centre,team,service",,COMPLIANT
res-00308,Lambda,"business_unit,product,environment,cost_centre,team,service",,COMPLIANT
res-00309,EKS,"business_unit,product,environment,cost_centre,team,service",,COMPLIANT
res-00310,SQS,"business_unit,product,environment,cost_centre,team,service",,COMPLIANT
res-00311,CloudWatch,"business_unit,product,environment,cost_centre,team,service",,COMPLIANT
res-00312,SageMaker,"business_unit,product,environment,cost_centre,team,service",,COMPLIANT
res-00313,EC2,"business_unit,product,environment,cost_centre,team,service",,COMPLIANT
res-00314,RDS,"business_unit,product,environment,cost_centre,team,service",,COMPLIANT
res-00315,S3,"business_unit,product,environment,cost_centre,team,service",,COMPLIANT
res-00316,EBS,"business_unit,product,environment,cost_centre,team,service",,COMPLIANT
res-00317,EFS,"business_unit,product,environment,cost_centre,team,service",,COMPLIANT
res-00318,ALB,"business_unit,product,environment,cost_centre,team,service",,COMPLIANT
res-00319,NAT Gateway,"business_unit,product,environment,cost_centre,team,service",,COMPLIANT
res-00320,Lambda,"business_unit,product,environment,cost_centre,team,service",,COMPLIANT
res-00321,EKS,"business_unit,product,environment,cost_centre,team,service",,COMPLIANT
res-00322,SQS,"business_unit,product,environment,cost_centre,team,service",,COMPLIANT
res-00323,CloudWatch,"business_unit,product,environment,cost_centre,team,service",,COMPLIANT
res-00324,SageMaker,"business_unit,product,environment,cost_centre,team,service",,COMPLIANT
res-00325,EC2,"business_unit,product,environment,cost_centre,team,service",,COMPLIANT
res-00326,RDS,"business_unit,product,environment,cost_centre,team,service",,COMPLIANT
res-00327,S3,"business_unit,product,environment,cost_centre,team,service",,COMPLIANT
res-00328,EBS,"business_unit,product,environment,cost_centre,team,service",,COMPLIANT
res-00329,EFS,"business_unit,product,environment,cost_centre,team,service",,COMPLIANT
res-00330,ALB,"business_unit,product,environment,cost_centre,team,service",,COMPLIANT
res-00331,NAT Gateway,"business_unit,product,environment,cost_centre,team,service",,COMPLIANT
res-00332,Lambda,"business_unit,product,environment,cost_centre,team,service",,COMPLIANT
res-00333,EKS,"business_unit,product,environment,cost_centre,team,service",,COMPLIANT
res-00334,SQS,"business_unit,product,environment,cost_centre,team,service",,COMPLIANT
res-00335,CloudWatch,"business_unit,product,environment,cost_centre,team,service",,COMPLIANT
res-00336,SageMaker,"business_unit,product,environment,cost_centre,team,service",,COMPLIANT
res-00337,EC2,"business_unit,product,environment,cost_centre,team,service",,COMPLIANT
res-00338,RDS,"business_unit,product,environment,cost_centre,team,service",,COMPLIANT
res-00339,S3,"business_unit,product,environment,cost_centre,team,service",,COMPLIANT
res-00340,EBS,"business_unit,product,environment,cost_centre,team,service",,COMPLIANT
res-00341,EFS,"business_unit,product,environment,cost_centre,team,service",team,NON_COMPLIANT
res-00342,ALB,"business_unit,product,environment,cost_centre,team,service",,COMPLIANT
res-00343,NAT Gateway,"business_unit,product,environment,cost_centre,team,service",,COMPLIANT
res-00344,Lambda,"business_unit,product,environment,cost_centre,team,service",,COMPLIANT
res-00345,EKS,"business_unit,product,environment,cost_centre,team,service",,COMPLIANT
res-00346,SQS,"business_unit,product,environment,cost_centre,team,service",,COMPLIANT
res-00347,CloudWatch,"business_unit,product,environment,cost_centre,team,service",,COMPLIANT
res-00348,SageMaker,"business_unit,product,environment,cost_centre,team,service",,COMPLIANT
res-00349,EC2,"business_unit,product,environment,cost_centre,team,service",business_unit,NON_COMPLIANT
res-00350,RDS,"business_unit,product,environment,cost_centre,team,service",,COMPLIANT
res-00351,S3,"business_unit,product,environment,cost_centre,team,service",business_unit,NON_COMPLIANT
res-00352,EBS,"business_unit,product,environment,cost_centre,team,service",service,NON_COMPLIANT
res-00353,EFS,"business_unit,product,environment,cost_centre,team,service","product,service",NON_COMPLIANT
res-00354,ALB,"business_unit,product,environment,cost_centre,team,service",,COMPLIANT
res-00355,NAT Gateway,"business_unit,product,environment,cost_centre,team,service",,COMPLIANT
res-00356,Lambda,"business_unit,product,environment,cost_centre,team,service",,COMPLIANT
res-00357,EKS,"business_unit,product,environment,cost_centre,team,service",,COMPLIANT
res-00358,SQS,"business_unit,product,environment,cost_centre,team,service",,COMPLIANT
res-00359,CloudWatch,"business_unit,product,environment,cost_centre,team,service",service,NON_COMPLIANT
res-00360,SageMaker,"business_unit,product,environment,cost_centre,team,service",environment,NON_COMPLIANT
res-00361,EC2,"business_unit,product,environment,cost_centre,team,service",,COMPLIANT
res-00362,RDS,"business_unit,product,environment,cost_centre,team,service",environment,NON_COMPLIANT
res-00363,S3,"business_unit,product,environment,cost_centre,team,service",,COMPLIANT
res-00364,EBS,"business_unit,product,environment,cost_centre,team,service",service,NON_COMPLIANT
res-00365,EFS,"business_unit,product,environment,cost_centre,team,service",,COMPLIANT
res-00366,ALB,"business_unit,product,environment,cost_centre,team,service",,COMPLIANT
res-00367,NAT Gateway,"business_unit,product,environment,cost_centre,team,service",,COMPLIANT
res-00368,Lambda,"business_unit,product,environment,cost_centre,team,service",,COMPLIANT
res-00369,EKS,"business_unit,product,environment,cost_centre,team,service",,COMPLIANT
res-00370,SQS,"business_unit,product,environment,cost_centre,team,service",,COMPLIANT
res-00371,CloudWatch,"business_unit,product,environment,cost_centre,team,service",,COMPLIANT
res-00372,SageMaker,"business_unit,product,environment,cost_centre,team,service",,COMPLIANT
res-00373,EC2,"business_unit,product,environment,cost_centre,team,service",,COMPLIANT
res-00374,RDS,"business_unit,product,environment,cost_centre,team,service",team,NON_COMPLIANT
res-00375,S3,"business_unit,product,environment,cost_centre,team,service",,COMPLIANT
res-00376,EBS,"business_unit,product,environment,cost_centre,team,service",,COMPLIANT
res-00377,EFS,"business_unit,product,environment,cost_centre,team,service",,COMPLIANT
res-00378,ALB,"business_unit,product,environment,cost_centre,team,service",,COMPLIANT
res-00379,NAT Gateway,"business_unit,product,environment,cost_centre,team,service",,COMPLIANT
res-00380,Lambda,"business_unit,product,environment,cost_centre,team,service",,COMPLIANT
res-00381,EKS,"business_unit,product,environment,cost_centre,team,service",business_unit,NON_COMPLIANT
res-00382,SQS,"business_unit,product,environment,cost_centre,team,service",,COMPLIANT
res-00383,CloudWatch,"business_unit,product,environment,cost_centre,team,service",,COMPLIANT
res-00384,SageMaker,"business_unit,product,environment,cost_centre,team,service",,COMPLIANT
res-00385,EC2,"business_unit,product,environment,cost_centre,team,service",,COMPLIANT
res-00386,RDS,"business_unit,product,environment,cost_centre,team,service",,COMPLIANT
res-00387,S3,"business_unit,product,environment,cost_centre,team,service",,COMPLIANT
res-00388,EBS,"business_unit,product,environment,cost_centre,team,service",,COMPLIANT
res-00389,EFS,"business_unit,product,environment,cost_centre,team,service",,COMPLIANT
res-00390,ALB,"business_unit,product,environment,cost_centre,team,service",,COMPLIANT
res-00391,NAT Gateway,"business_unit,product,environment,cost_centre,team,service",business_unit,NON_COMPLIANT
res-00392,Lambda,"business_unit,product,environment,cost_centre,team,service",service,NON_COMPLIANT
res-00393,EKS,"business_unit,product,environment,cost_centre,team,service",,COMPLIANT
res-00394,SQS,"business_unit,product,environment,cost_centre,team,service",,COMPLIANT
res-00395,CloudWatch,"business_unit,product,environment,cost_centre,team,service",,COMPLIANT
res-00396,SageMaker,"business_unit,product,environment,cost_centre,team,service",,COMPLIANT
res-00397,EC2,"business_unit,product,environment,cost_centre,team,service",,COMPLIANT
res-00398,RDS,"business_unit,product,environment,cost_centre,team,service",,COMPLIANT
res-00399,S3,"business_unit,product,environment,cost_centre,team,service",,COMPLIANT
res-00400,EBS,"business_unit,product,environment,cost_centre,team,service",service,NON_COMPLIANT
res-00401,EFS,"business_unit,product,environment,cost_centre,team,service",,COMPLIANT
res-00402,ALB,"business_unit,product,environment,cost_centre,team,service",team,NON_COMPLIANT
res-00403,NAT Gateway,"business_unit,product,environment,cost_centre,team,service",service,NON_COMPLIANT
res-00404,Lambda,"business_unit,product,environment,cost_centre,team,service",,COMPLIANT
res-00405,EKS,"business_unit,product,environment,cost_centre,team,service",,COMPLIANT
res-00406,SQS,"business_unit,product,environment,cost_centre,team,service",,COMPLIANT
res-00407,CloudWatch,"business_unit,product,environment,cost_centre,team,service",,COMPLIANT
res-00408,SageMaker,"business_unit,product,environment,cost_centre,team,service",,COMPLIANT
res-00409,EC2,"business_unit,product,environment,cost_centre,team,service",environment,NON_COMPLIANT
res-00410,RDS,"business_unit,product,environment,cost_centre,team,service",,COMPLIANT
res-00411,S3,"business_unit,product,environment,cost_centre,team,service",,COMPLIANT
res-00412,EBS,"business_unit,product,environment,cost_centre,team,service",team,NON_COMPLIANT
res-00413,EFS,"business_unit,product,environment,cost_centre,team,service","service,team",NON_COMPLIANT
res-00414,ALB,"business_unit,product,environment,cost_centre,team,service",,COMPLIANT
res-00415,NAT Gateway,"business_unit,product,environment,cost_centre,team,service",,COMPLIANT
res-00416,Lambda,"business_unit,product,environment,cost_centre,team,service",,COMPLIANT
res-00417,EKS,"business_unit,product,environment,cost_centre,team,service",,COMPLIANT
res-00418,SQS,"business_unit,product,environment,cost_centre,team,service",,COMPLIANT
res-00419,CloudWatch,"business_unit,product,environment,cost_centre,team,service",business_unit,NON_COMPLIANT
res-00420,SageMaker,"business_unit,product,environment,cost_centre,team,service",,COMPLIANT
res-00421,EC2,"business_unit,product,environment,cost_centre,team,service",,COMPLIANT
res-00422,RDS,"business_unit,product,environment,cost_centre,team,service",,COMPLIANT
res-00423,S3,"business_unit,product,environment,cost_centre,team,service",cost_centre,NON_COMPLIANT
res-00424,EBS,"business_unit,product,environment,cost_centre,team,service",,COMPLIANT
res-00425,EFS,"business_unit,product,environment,cost_centre,team,service",,COMPLIANT
res-00426,ALB,"business_unit,product,environment,cost_centre,team,service",,COMPLIANT
res-00427,NAT Gateway,"business_unit,product,environment,cost_centre,team,service",,COMPLIANT
res-00428,Lambda,"business_unit,product,environment,cost_centre,team,service",,COMPLIANT
res-00429,EKS,"business_unit,product,environment,cost_centre,team,service",environment,NON_COMPLIANT
res-00430,SQS,"business_unit,product,environment,cost_centre,team,service",,COMPLIANT
res-00431,CloudWatch,"business_unit,product,environment,cost_centre,team,service",business_unit,NON_COMPLIANT
res-00432,SageMaker,"business_unit,product,environment,cost_centre,team,service",,COMPLIANT
res-00433,EC2,"business_unit,product,environment,cost_centre,team,service",service,NON_COMPLIANT
res-00434,RDS,"business_unit,product,environment,cost_centre,team,service",,COMPLIANT
res-00435,S3,"business_unit,product,environment,cost_centre,team,service",,COMPLIANT
res-00436,EBS,"business_unit,product,environment,cost_centre,team,service",,COMPLIANT
res-00437,EFS,"business_unit,product,environment,cost_centre,team,service",,COMPLIANT
res-00438,ALB,"business_unit,product,environment,cost_centre,team,service",,COMPLIANT
res-00439,NAT Gateway,"business_unit,product,environment,cost_centre,team,service",,COMPLIANT
res-00440,Lambda,"business_unit,product,environment,cost_centre,team,service",team,NON_COMPLIANT
res-00441,EKS,"business_unit,product,environment,cost_centre,team,service",,COMPLIANT
res-00442,SQS,"business_unit,product,environment,cost_centre,team,service",,COMPLIANT
res-00443,CloudWatch,"business_unit,product,environment,cost_centre,team,service",,COMPLIANT
res-00444,SageMaker,"business_unit,product,environment,cost_centre,team,service",,COMPLIANT
res-00445,EC2,"business_unit,product,environment,cost_centre,team,service",,COMPLIANT
res-00446,RDS,"business_unit,product,environment,cost_centre,team,service",cost_centre,NON_COMPLIANT
res-00447,S3,"business_unit,product,environment,cost_centre,team,service",cost_centre,NON_COMPLIANT
res-00448,EBS,"business_unit,product,environment,cost_centre,team,service",,COMPLIANT
res-00449,EFS,"business_unit,product,environment,cost_centre,team,service",,COMPLIANT
res-00450,ALB,"business_unit,product,environment,cost_centre,team,service",,COMPLIANT
res-00451,NAT Gateway,"business_unit,product,environment,cost_centre,team,service",business_unit,NON_COMPLIANT
res-00452,Lambda,"business_unit,product,environment,cost_centre,team,service",environment,NON_COMPLIANT
res-00453,EKS,"business_unit,product,environment,cost_centre,team,service",,COMPLIANT
res-00454,SQS,"business_unit,product,environment,cost_centre,team,service",,COMPLIANT
res-00455,CloudWatch,"business_unit,product,environment,cost_centre,team,service",,COMPLIANT
res-00456,SageMaker,"business_unit,product,environment,cost_centre,team,service",,COMPLIANT
res-00457,EC2,"business_unit,product,environment,cost_centre,team,service",,COMPLIANT
res-00458,RDS,"business_unit,product,environment,cost_centre,team,service",,COMPLIANT
res-00459,S3,"business_unit,product,environment,cost_centre,team,service",,COMPLIANT
res-00460,EBS,"business_unit,product,environment,cost_centre,team,service",,COMPLIANT
res-00461,EFS,"business_unit,product,environment,cost_centre,team,service",,COMPLIANT
res-00462,ALB,"business_unit,product,environment,cost_centre,team,service",team,NON_COMPLIANT
res-00463,NAT Gateway,"business_unit,product,environment,cost_centre,team,service",,COMPLIANT
res-00464,Lambda,"business_unit,product,environment,cost_centre,team,service",,COMPLIANT
res-00465,EKS,"business_unit,product,environment,cost_centre,team,service",,COMPLIANT
res-00466,SQS,"business_unit,product,environment,cost_centre,team,service",,COMPLIANT
res-00467,CloudWatch,"business_unit,product,environment,cost_centre,team,service",,COMPLIANT
res-00468,SageMaker,"business_unit,product,environment,cost_centre,team,service",,COMPLIANT
res-00469,EC2,"business_unit,product,environment,cost_centre,team,service",,COMPLIANT
res-00470,RDS,"business_unit,product,environment,cost_centre,team,service",,COMPLIANT
res-00471,S3,"business_unit,product,environment,cost_centre,team,service",team,NON_COMPLIANT
res-00472,EBS,"business_unit,product,environment,cost_centre,team,service",,COMPLIANT
res-00473,EFS,"business_unit,product,environment,cost_centre,team,service",,COMPLIANT
res-00474,ALB,"business_unit,product,environment,cost_centre,team,service",,COMPLIANT
res-00475,NAT Gateway,"business_unit,product,environment,cost_centre,team,service",,COMPLIANT
res-00476,Lambda,"business_unit,product,environment,cost_centre,team,service",,COMPLIANT
res-00477,EKS,"business_unit,product,environment,cost_centre,team,service",,COMPLIANT
res-00478,SQS,"business_unit,product,environment,cost_centre,team,service",,COMPLIANT
res-00479,CloudWatch,"business_unit,product,environment,cost_centre,team,service",,COMPLIANT
res-00480,SageMaker,"business_unit,product,environment,cost_centre,team,service",,COMPLIANT
res-00481,EC2,"business_unit,product,environment,cost_centre,team,service",,COMPLIANT
res-00482,RDS,"business_unit,product,environment,cost_centre,team,service",,COMPLIANT
res-00483,S3,"business_unit,product,environment,cost_centre,team,service",,COMPLIANT
res-00484,EBS,"business_unit,product,environment,cost_centre,team,service",,COMPLIANT
res-00485,EFS,"business_unit,product,environment,cost_centre,team,service",,COMPLIANT
res-00486,ALB,"business_unit,product,environment,cost_centre,team,service",service,NON_COMPLIANT
res-00487,NAT Gateway,"business_unit,product,environment,cost_centre,team,service",service,NON_COMPLIANT
res-00488,Lambda,"business_unit,product,environment,cost_centre,team,service",,COMPLIANT
res-00489,EKS,"business_unit,product,environment,cost_centre,team,service",,COMPLIANT
res-00490,SQS,"business_unit,product,environment,cost_centre,team,service",,COMPLIANT
res-00491,CloudWatch,"business_unit,product,environment,cost_centre,team,service",,COMPLIANT
res-00492,SageMaker,"business_unit,product,environment,cost_centre,team,service",,COMPLIANT
res-00493,EC2,"business_unit,product,environment,cost_centre,team,service",,COMPLIANT
res-00494,RDS,"business_unit,product,environment,cost_centre,team,service",,COMPLIANT
res-00495,S3,"business_unit,product,environment,cost_centre,team,service",,COMPLIANT
res-00496,EBS,"business_unit,product,environment,cost_centre,team,service",,COMPLIANT
res-00497,EFS,"business_unit,product,environment,cost_centre,team,service",,COMPLIANT
res-00498,ALB,"business_unit,product,environment,cost_centre,team,service",service,NON_COMPLIANT
res-00499,NAT Gateway,"business_unit,product,environment,cost_centre,team,service",,COMPLIANT
res-00500,Lambda,"business_unit,product,environment,cost_centre,team,service",,COMPLIANT
res-00501,EKS,"business_unit,product,environment,cost_centre,team,service",team,NON_COMPLIANT
res-00502,SQS,"business_unit,product,environment,cost_centre,team,service",,COMPLIANT
res-00503,CloudWatch,"business_unit,product,environment,cost_centre,team,service",,COMPLIANT
res-00504,SageMaker,"business_unit,product,environment,cost_centre,team,service",,COMPLIANT
res-00505,EC2,"business_unit,product,environment,cost_centre,team,service",,COMPLIANT
res-00506,RDS,"business_unit,product,environment,cost_centre,team,service",,COMPLIANT
res-00507,S3,"business_unit,product,environment,cost_centre,team,service",,COMPLIANT
res-00508,EBS,"business_unit,product,environment,cost_centre,team,service",,COMPLIANT
res-00509,EFS,"business_unit,product,environment,cost_centre,team,service",,COMPLIANT
res-00510,ALB,"business_unit,product,environment,cost_centre,team,service",,COMPLIANT
res-00511,NAT Gateway,"business_unit,product,environment,cost_centre,team,service",,COMPLIANT
res-00512,Lambda,"business_unit,product,environment,cost_centre,team,service",product,NON_COMPLIANT
res-00513,EKS,"business_unit,product,environment,cost_centre,team,service",,COMPLIANT
res-00514,SQS,"business_unit,product,environment,cost_centre,team,service",,COMPLIANT
res-00515,CloudWatch,"business_unit,product,environment,cost_centre,team,service",,COMPLIANT
res-00516,SageMaker,"business_unit,product,environment,cost_centre,team,service",,COMPLIANT
res-00517,EC2,"business_unit,product,environment,cost_centre,team,service",,COMPLIANT
res-00518,RDS,"business_unit,product,environment,cost_centre,team,service",,COMPLIANT
res-00519,S3,"business_unit,product,environment,cost_centre,team,service",,COMPLIANT
res-00520,EBS,"business_unit,product,environment,cost_centre,team,service",,COMPLIANT
res-00521,EFS,"business_unit,product,environment,cost_centre,team,service",,COMPLIANT
res-00522,ALB,"business_unit,product,environment,cost_centre,team,service",,COMPLIANT
res-00523,NAT Gateway,"business_unit,product,environment,cost_centre,team,service",,COMPLIANT
res-00524,Lambda,"business_unit,product,environment,cost_centre,team,service",,COMPLIANT
res-00525,EKS,"business_unit,product,environment,cost_centre,team,service",,COMPLIANT
res-00526,SQS,"business_unit,product,environment,cost_centre,team,service",,COMPLIANT
res-00527,CloudWatch,"business_unit,product,environment,cost_centre,team,service",,COMPLIANT
res-00528,SageMaker,"business_unit,product,environment,cost_centre,team,service",,COMPLIANT
res-00529,EC2,"business_unit,product,environment,cost_centre,team,service",,COMPLIANT
res-00530,RDS,"business_unit,product,environment,cost_centre,team,service",,COMPLIANT
res-00531,S3,"business_unit,product,environment,cost_centre,team,service",,COMPLIANT
res-00532,EBS,"business_unit,product,environment,cost_centre,team,service",,COMPLIANT
res-00533,EFS,"business_unit,product,environment,cost_centre,team,service",environment,NON_COMPLIANT
res-00534,ALB,"business_unit,product,environment,cost_centre,team,service",,COMPLIANT
res-00535,NAT Gateway,"business_unit,product,environment,cost_centre,team,service","product,service",NON_COMPLIANT
res-00536,Lambda,"business_unit,product,environment,cost_centre,team,service",,COMPLIANT
res-00537,EKS,"business_unit,product,environment,cost_centre,team,service",,COMPLIANT
res-00538,SQS,"business_unit,product,environment,cost_centre,team,service",,COMPLIANT
res-00539,CloudWatch,"business_unit,product,environment,cost_centre,team,service",,COMPLIANT
res-00540,SageMaker,"business_unit,product,environment,cost_centre,team,service",,COMPLIANT
res-00541,EC2,"business_unit,product,environment,cost_centre,team,service",,COMPLIANT
res-00542,RDS,"business_unit,product,environment,cost_centre,team,service",product,NON_COMPLIANT
res-00543,S3,"business_unit,product,environment,cost_centre,team,service",,COMPLIANT
res-00544,EBS,"business_unit,product,environment,cost_centre,team,service",,COMPLIANT
res-00545,EFS,"business_unit,product,environment,cost_centre,team,service",,COMPLIANT
res-00546,ALB,"business_unit,product,environment,cost_centre,team,service",environment,NON_COMPLIANT
res-00547,NAT Gateway,"business_unit,product,environment,cost_centre,team,service",,COMPLIANT
res-00548,Lambda,"business_unit,product,environment,cost_centre,team,service",cost_centre,NON_COMPLIANT
res-00549,EKS,"business_unit,product,environment,cost_centre,team,service",business_unit,NON_COMPLIANT
res-00550,SQS,"business_unit,product,environment,cost_centre,team,service",,COMPLIANT
res-00551,CloudWatch,"business_unit,product,environment,cost_centre,team,service",,COMPLIANT
res-00552,SageMaker,"business_unit,product,environment,cost_centre,team,service",team,NON_COMPLIANT
res-00553,EC2,"business_unit,product,environment,cost_centre,team,service",,COMPLIANT
res-00554,RDS,"business_unit,product,environment,cost_centre,team,service",,COMPLIANT
res-00555,S3,"business_unit,product,environment,cost_centre,team,service",,COMPLIANT
res-00556,EBS,"business_unit,product,environment,cost_centre,team,service",,COMPLIANT
res-00557,EFS,"business_unit,product,environment,cost_centre,team,service",,COMPLIANT
res-00558,ALB,"business_unit,product,environment,cost_centre,team,service",,COMPLIANT
res-00559,NAT Gateway,"business_unit,product,environment,cost_centre,team,service",,COMPLIANT
res-00560,Lambda,"business_unit,product,environment,cost_centre,team,service",,COMPLIANT
res-00561,EKS,"business_unit,product,environment,cost_centre,team,service",,COMPLIANT
res-00562,SQS,"business_unit,product,environment,cost_centre,team,service","business_unit,product",NON_COMPLIANT
res-00563,CloudWatch,"business_unit,product,environment,cost_centre,team,service",,COMPLIANT
res-00564,SageMaker,"business_unit,product,environment,cost_centre,team,service","business_unit,team",NON_COMPLIANT
res-00565,EC2,"business_unit,product,environment,cost_centre,team,service",,COMPLIANT
res-00566,RDS,"business_unit,product,environment,cost_centre,team,service",,COMPLIANT
res-00567,S3,"business_unit,product,environment,cost_centre,team,service",,COMPLIANT
res-00568,EBS,"business_unit,product,environment,cost_centre,team,service",,COMPLIANT
res-00569,EFS,"business_unit,product,environment,cost_centre,team,service",team,NON_COMPLIANT
res-00570,ALB,"business_unit,product,environment,cost_centre,team,service",service,NON_COMPLIANT
res-00571,NAT Gateway,"business_unit,product,environment,cost_centre,team,service",business_unit,NON_COMPLIANT
res-00572,Lambda,"business_unit,product,environment,cost_centre,team,service",,COMPLIANT
res-00573,EKS,"business_unit,product,environment,cost_centre,team,service",,COMPLIANT
res-00574,SQS,"business_unit,product,environment,cost_centre,team,service",,COMPLIANT
res-00575,CloudWatch,"business_unit,product,environment,cost_centre,team,service",,COMPLIANT
res-00576,SageMaker,"business_unit,product,environment,cost_centre,team,service","environment,product",NON_COMPLIANT
res-00577,EC2,"business_unit,product,environment,cost_centre,team,service",,COMPLIANT
res-00578,RDS,"business_unit,product,environment,cost_centre,team,service",,COMPLIANT
res-00579,S3,"business_unit,product,environment,cost_centre,team,service",,COMPLIANT
res-00580,EBS,"business_unit,product,environment,cost_centre,team,service",,COMPLIANT
res-00581,EFS,"business_unit,product,environment,cost_centre,team,service",,COMPLIANT
res-00582,ALB,"business_unit,product,environment,cost_centre,team,service",,COMPLIANT
res-00583,NAT Gateway,"business_unit,product,environment,cost_centre,team,service",,COMPLIANT
res-00584,Lambda,"business_unit,product,environment,cost_centre,team,service",,COMPLIANT
res-00585,EKS,"business_unit,product,environment,cost_centre,team,service",,COMPLIANT
res-00586,SQS,"business_unit,product,environment,cost_centre,team,service",,COMPLIANT
res-00587,CloudWatch,"business_unit,product,environment,cost_centre,team,service",,COMPLIANT
res-00588,SageMaker,"business_unit,product,environment,cost_centre,team,service",,COMPLIANT
res-00589,EC2,"business_unit,product,environment,cost_centre,team,service",,COMPLIANT
res-00590,RDS,"business_unit,product,environment,cost_centre,team,service",,COMPLIANT
res-00591,S3,"business_unit,product,environment,cost_centre,team,service",,COMPLIANT
res-00592,EBS,"business_unit,product,environment,cost_centre,team,service",,COMPLIANT
res-00593,EFS,"business_unit,product,environment,cost_centre,team,service",,COMPLIANT
res-00594,ALB,"business_unit,product,environment,cost_centre,team,service",,COMPLIANT
res-00595,NAT Gateway,"business_unit,product,environment,cost_centre,team,service",,COMPLIANT
res-00596,Lambda,"business_unit,product,environment,cost_centre,team,service",,COMPLIANT
res-00597,EKS,"business_unit,product,environment,cost_centre,team,service",,COMPLIANT
res-00598,SQS,"business_unit,product,environment,cost_centre,team,service",,COMPLIANT
res-00599,CloudWatch,"business_unit,product,environment,cost_centre,team,service",,COMPLIANT
res-00600,SageMaker,"business_unit,product,environment,cost_centre,team,service","service,team",NON_COMPLIANT
res-00601,EC2,"business_unit,product,environment,cost_centre,team,service",environment,NON_COMPLIANT
res-00602,RDS,"business_unit,product,environment,cost_centre,team,service","product,service",NON_COMPLIANT
res-00603,S3,"business_unit,product,environment,cost_centre,team,service",,COMPLIANT
res-00604,EBS,"business_unit,product,environment,cost_centre,team,service",product,NON_COMPLIANT
res-00605,EFS,"business_unit,product,environment,cost_centre,team,service",,COMPLIANT
res-00606,ALB,"business_unit,product,environment,cost_centre,team,service",,COMPLIANT
res-00607,NAT Gateway,"business_unit,product,environment,cost_centre,team,service",,COMPLIANT
res-00608,Lambda,"business_unit,product,environment,cost_centre,team,service",business_unit,NON_COMPLIANT
res-00609,EKS,"business_unit,product,environment,cost_centre,team,service",,COMPLIANT
res-00610,SQS,"business_unit,product,environment,cost_centre,team,service",,COMPLIANT
res-00611,CloudWatch,"business_unit,product,environment,cost_centre,team,service","product,team",NON_COMPLIANT
res-00612,SageMaker,"business_unit,product,environment,cost_centre,team,service",,COMPLIANT
res-00613,EC2,"business_unit,product,environment,cost_centre,team,service","environment,product",NON_COMPLIANT
res-00614,RDS,"business_unit,product,environment,cost_centre,team,service",,COMPLIANT
res-00615,S3,"business_unit,product,environment,cost_centre,team,service",,COMPLIANT
res-00616,EBS,"business_unit,product,environment,cost_centre,team,service",,COMPLIANT
res-00617,EFS,"business_unit,product,environment,cost_centre,team,service",,COMPLIANT
res-00618,ALB,"business_unit,product,environment,cost_centre,team,service",,COMPLIANT
res-00619,NAT Gateway,"business_unit,product,environment,cost_centre,team,service",,COMPLIANT
res-00620,Lambda,"business_unit,product,environment,cost_centre,team,service",,COMPLIANT
res-00621,EKS,"business_unit,product,environment,cost_centre,team,service",environment,NON_COMPLIANT
res-00622,SQS,"business_unit,product,environment,cost_centre,team,service",,COMPLIANT
res-00623,CloudWatch,"business_unit,product,environment,cost_centre,team,service",,COMPLIANT
res-00624,SageMaker,"business_unit,product,environment,cost_centre,team,service",cost_centre,NON_COMPLIANT
res-00625,EC2,"business_unit,product,environment,cost_centre,team,service",,COMPLIANT
res-00626,RDS,"business_unit,product,environment,cost_centre,team,service",,COMPLIANT
res-00627,S3,"business_unit,product,environment,cost_centre,team,service",,COMPLIANT
res-00628,EBS,"business_unit,product,environment,cost_centre,team,service",environment,NON_COMPLIANT
res-00629,EFS,"business_unit,product,environment,cost_centre,team,service",,COMPLIANT
res-00630,ALB,"business_unit,product,environment,cost_centre,team,service",environment,NON_COMPLIANT
res-00631,NAT Gateway,"business_unit,product,environment,cost_centre,team,service",,COMPLIANT
res-00632,Lambda,"business_unit,product,environment,cost_centre,team,service",,COMPLIANT
res-00633,EKS,"business_unit,product,environment,cost_centre,team,service",,COMPLIANT
res-00634,SQS,"business_unit,product,environment,cost_centre,team,service",,COMPLIANT
res-00635,CloudWatch,"business_unit,product,environment,cost_centre,team,service","business_unit,service",NON_COMPLIANT
res-00636,SageMaker,"business_unit,product,environment,cost_centre,team,service",,COMPLIANT
res-00637,EC2,"business_unit,product,environment,cost_centre,team,service",,COMPLIANT
res-00638,RDS,"business_unit,product,environment,cost_centre,team,service",,COMPLIANT
res-00639,S3,"business_unit,product,environment,cost_centre,team,service",,COMPLIANT
res-00640,EBS,"business_unit,product,environment,cost_centre,team,service",,COMPLIANT
res-00641,EFS,"business_unit,product,environment,cost_centre,team,service",,COMPLIANT
res-00642,ALB,"business_unit,product,environment,cost_centre,team,service",,COMPLIANT
res-00643,NAT Gateway,"business_unit,product,environment,cost_centre,team,service",cost_centre,NON_COMPLIANT
res-00644,Lambda,"business_unit,product,environment,cost_centre,team,service",,COMPLIANT
res-00645,EKS,"business_unit,product,environment,cost_centre,team,service",service,NON_COMPLIANT
res-00646,SQS,"business_unit,product,environment,cost_centre,team,service",,COMPLIANT
res-00647,CloudWatch,"business_unit,product,environment,cost_centre,team,service",,COMPLIANT
res-00648,SageMaker,"business_unit,product,environment,cost_centre,team,service",,COMPLIANT
res-00649,EC2,"business_unit,product,environment,cost_centre,team,service",,COMPLIANT
res-00650,RDS,"business_unit,product,environment,cost_centre,team,service",,COMPLIANT
res-00651,S3,"business_unit,product,environment,cost_centre,team,service",,COMPLIANT
res-00652,EBS,"business_unit,product,environment,cost_centre,team,service",business_unit,NON_COMPLIANT
res-00653,EFS,"business_unit,product,environment,cost_centre,team,service",business_unit,NON_COMPLIANT
res-00654,ALB,"business_unit,product,environment,cost_centre,team,service",,COMPLIANT
res-00655,NAT Gateway,"business_unit,product,environment,cost_centre,team,service",,COMPLIANT
res-00656,Lambda,"business_unit,product,environment,cost_centre,team,service",,COMPLIANT
res-00657,EKS,"business_unit,product,environment,cost_centre,team,service",,COMPLIANT
res-00658,SQS,"business_unit,product,environment,cost_centre,team,service",,COMPLIANT
res-00659,CloudWatch,"business_unit,product,environment,cost_centre,team,service",,COMPLIANT
res-00660,SageMaker,"business_unit,product,environment,cost_centre,team,service",,COMPLIANT
res-00661,EC2,"business_unit,product,environment,cost_centre,team,service",,COMPLIANT
res-00662,RDS,"business_unit,product,environment,cost_centre,team,service",environment,NON_COMPLIANT
res-00663,S3,"business_unit,product,environment,cost_centre,team,service",,COMPLIANT
res-00664,EBS,"business_unit,product,environment,cost_centre,team,service",,COMPLIANT
res-00665,EFS,"business_unit,product,environment,cost_centre,team,service",,COMPLIANT
res-00666,ALB,"business_unit,product,environment,cost_centre,team,service",,COMPLIANT
res-00667,NAT Gateway,"business_unit,product,environment,cost_centre,team,service",,COMPLIANT
res-00668,Lambda,"business_unit,product,environment,cost_centre,team,service",,COMPLIANT
res-00669,EKS,"business_unit,product,environment,cost_centre,team,service",,COMPLIANT
res-00670,SQS,"business_unit,product,environment,cost_centre,team,service",environment,NON_COMPLIANT
res-00671,CloudWatch,"business_unit,product,environment,cost_centre,team,service",,COMPLIANT
res-00672,SageMaker,"business_unit,product,environment,cost_centre,team,service",,COMPLIANT
res-00673,EC2,"business_unit,product,environment,cost_centre,team,service",,COMPLIANT
res-00674,RDS,"business_unit,product,environment,cost_centre,team,service",,COMPLIANT
res-00675,S3,"business_unit,product,environment,cost_centre,team,service",,COMPLIANT
res-00676,EBS,"business_unit,product,environment,cost_centre,team,service",,COMPLIANT
res-00677,EFS,"business_unit,product,environment,cost_centre,team,service",team,NON_COMPLIANT
res-00678,ALB,"business_unit,product,environment,cost_centre,team,service",cost_centre,NON_COMPLIANT
res-00679,NAT Gateway,"business_unit,product,environment,cost_centre,team,service",team,NON_COMPLIANT
res-00680,Lambda,"business_unit,product,environment,cost_centre,team,service",,COMPLIANT
res-00681,EKS,"business_unit,product,environment,cost_centre,team,service",,COMPLIANT
res-00682,SQS,"business_unit,product,environment,cost_centre,team,service",service,NON_COMPLIANT
res-00683,CloudWatch,"business_unit,product,environment,cost_centre,team,service",,COMPLIANT
res-00684,SageMaker,"business_unit,product,environment,cost_centre,team,service",team,NON_COMPLIANT
res-00685,EC2,"business_unit,product,environment,cost_centre,team,service",,COMPLIANT
res-00686,RDS,"business_unit,product,environment,cost_centre,team,service",,COMPLIANT
res-00687,S3,"business_unit,product,environment,cost_centre,team,service",,COMPLIANT
res-00688,EBS,"business_unit,product,environment,cost_centre,team,service",,COMPLIANT
res-00689,EFS,"business_unit,product,environment,cost_centre,team,service",,COMPLIANT
res-00690,ALB,"business_unit,product,environment,cost_centre,team,service",,COMPLIANT
res-00691,NAT Gateway,"business_unit,product,environment,cost_centre,team,service",,COMPLIANT
res-00692,Lambda,"business_unit,product,environment,cost_centre,team,service",,COMPLIANT
res-00693,EKS,"business_unit,product,environment,cost_centre,team,service",environment,NON_COMPLIANT
res-00694,SQS,"business_unit,product,environment,cost_centre,team,service",,COMPLIANT
res-00695,CloudWatch,"business_unit,product,environment,cost_centre,team,service",,COMPLIANT
res-00696,SageMaker,"business_unit,product,environment,cost_centre,team,service",,COMPLIANT
res-00697,EC2,"business_unit,product,environment,cost_centre,team,service",,COMPLIANT
res-00698,RDS,"business_unit,product,environment,cost_centre,team,service",service,NON_COMPLIANT
res-00699,S3,"business_unit,product,environment,cost_centre,team,service",,COMPLIANT
res-00700,EBS,"business_unit,product,environment,cost_centre,team,service",,COMPLIANT
res-00701,EFS,"business_unit,product,environment,cost_centre,team,service",environment,NON_COMPLIANT
res-00702,ALB,"business_unit,product,environment,cost_centre,team,service",,COMPLIANT
res-00703,NAT Gateway,"business_unit,product,environment,cost_centre,team,service",,COMPLIANT
res-00704,Lambda,"business_unit,product,environment,cost_centre,team,service",,COMPLIANT
res-00705,EKS,"business_unit,product,environment,cost_centre,team,service",,COMPLIANT
res-00706,SQS,"business_unit,product,environment,cost_centre,team,service",,COMPLIANT
res-00707,CloudWatch,"business_unit,product,environment,cost_centre,team,service",,COMPLIANT
res-00708,SageMaker,"business_unit,product,environment,cost_centre,team,service",,COMPLIANT
res-00709,EC2,"business_unit,product,environment,cost_centre,team,service",,COMPLIANT
res-00710,RDS,"business_unit,product,environment,cost_centre,team,service",,COMPLIANT
res-00711,S3,"business_unit,product,environment,cost_centre,team,service",business_unit,NON_COMPLIANT
res-00712,EBS,"business_unit,product,environment,cost_centre,team,service",product,NON_COMPLIANT
res-00713,EFS,"business_unit,product,environment,cost_centre,team,service",,COMPLIANT
res-00714,ALB,"business_unit,product,environment,cost_centre,team,service",,COMPLIANT
res-00715,NAT Gateway,"business_unit,product,environment,cost_centre,team,service",,COMPLIANT
res-00716,Lambda,"business_unit,product,environment,cost_centre,team,service",,COMPLIANT
res-00717,EKS,"business_unit,product,environment,cost_centre,team,service",,COMPLIANT
res-00718,SQS,"business_unit,product,environment,cost_centre,team,service",,COMPLIANT
res-00719,CloudWatch,"business_unit,product,environment,cost_centre,team,service",,COMPLIANT
res-00720,SageMaker,"business_unit,product,environment,cost_centre,team,service",,COMPLIANT
res-00721,EC2,"business_unit,product,environment,cost_centre,team,service",,COMPLIANT
res-00722,RDS,"business_unit,product,environment,cost_centre,team,service",,COMPLIANT
res-00723,S3,"business_unit,product,environment,cost_centre,team,service",,COMPLIANT
res-00724,EBS,"business_unit,product,environment,cost_centre,team,service",,COMPLIANT
res-00725,EFS,"business_unit,product,environment,cost_centre,team,service","business_unit,team",NON_COMPLIANT
res-00726,ALB,"business_unit,product,environment,cost_centre,team,service",,COMPLIANT
res-00727,NAT Gateway,"business_unit,product,environment,cost_centre,team,service",,COMPLIANT
res-00728,Lambda,"business_unit,product,environment,cost_centre,team,service",,COMPLIANT
res-00729,EKS,"business_unit,product,environment,cost_centre,team,service",environment,NON_COMPLIANT
res-00730,SQS,"business_unit,product,environment,cost_centre,team,service",,COMPLIANT
res-00731,CloudWatch,"business_unit,product,environment,cost_centre,team,service",,COMPLIANT
res-00732,SageMaker,"business_unit,product,environment,cost_centre,team,service",product,NON_COMPLIANT
res-00733,EC2,"business_unit,product,environment,cost_centre,team,service",,COMPLIANT
res-00734,RDS,"business_unit,product,environment,cost_centre,team,service",,COMPLIANT
res-00735,S3,"business_unit,product,environment,cost_centre,team,service",,COMPLIANT
res-00736,EBS,"business_unit,product,environment,cost_centre,team,service",business_unit,NON_COMPLIANT
res-00737,EFS,"business_unit,product,environment,cost_centre,team,service",,COMPLIANT
res-00738,ALB,"business_unit,product,environment,cost_centre,team,service",,COMPLIANT
res-00739,NAT Gateway,"business_unit,product,environment,cost_centre,team,service",,COMPLIANT
res-00740,Lambda,"business_unit,product,environment,cost_centre,team,service",,COMPLIANT
res-00741,EKS,"business_unit,product,environment,cost_centre,team,service",product,NON_COMPLIANT
res-00742,SQS,"business_unit,product,environment,cost_centre,team,service",,COMPLIANT
res-00743,CloudWatch,"business_unit,product,environment,cost_centre,team,service",cost_centre,NON_COMPLIANT
res-00744,SageMaker,"business_unit,product,environment,cost_centre,team,service",,COMPLIANT
res-00745,EC2,"business_unit,product,environment,cost_centre,team,service",,COMPLIANT
res-00746,RDS,"business_unit,product,environment,cost_centre,team,service",,COMPLIANT
res-00747,S3,"business_unit,product,environment,cost_centre,team,service",,COMPLIANT
res-00748,EBS,"business_unit,product,environment,cost_centre,team,service",,COMPLIANT
res-00749,EFS,"business_unit,product,environment,cost_centre,team,service",,COMPLIANT
res-00750,ALB,"business_unit,product,environment,cost_centre,team,service",,COMPLIANT
res-00751,NAT Gateway,"business_unit,product,environment,cost_centre,team,service",,COMPLIANT
res-00752,Lambda,"business_unit,product,environment,cost_centre,team,service",,COMPLIANT
res-00753,EKS,"business_unit,product,environment,cost_centre,team,service",,COMPLIANT
res-00754,SQS,"business_unit,product,environment,cost_centre,team,service",environment,NON_COMPLIANT
res-00755,CloudWatch,"business_unit,product,environment,cost_centre,team,service",,COMPLIANT
res-00756,SageMaker,"business_unit,product,environment,cost_centre,team,service",service,NON_COMPLIANT
res-00757,EC2,"business_unit,product,environment,cost_centre,team,service",,COMPLIANT
res-00758,RDS,"business_unit,product,environment,cost_centre,team,service",,COMPLIANT
res-00759,S3,"business_unit,product,environment,cost_centre,team,service",,COMPLIANT
res-00760,EBS,"business_unit,product,environment,cost_centre,team,service",,COMPLIANT
res-00761,EFS,"business_unit,product,environment,cost_centre,team,service",,COMPLIANT
res-00762,ALB,"business_unit,product,environment,cost_centre,team,service",,COMPLIANT
res-00763,NAT Gateway,"business_unit,product,environment,cost_centre,team,service",service,NON_COMPLIANT
res-00764,Lambda,"business_unit,product,environment,cost_centre,team,service",,COMPLIANT
res-00765,EKS,"business_unit,product,environment,cost_centre,team,service",business_unit,NON_COMPLIANT
res-00766,SQS,"business_unit,product,environment,cost_centre,team,service",,COMPLIANT
res-00767,CloudWatch,"business_unit,product,environment,cost_centre,team,service",,COMPLIANT
res-00768,SageMaker,"business_unit,product,environment,cost_centre,team,service",,COMPLIANT
res-00769,EC2,"business_unit,product,environment,cost_centre,team,service",,COMPLIANT
res-00770,RDS,"business_unit,product,environment,cost_centre,team,service",,COMPLIANT
res-00771,S3,"business_unit,product,environment,cost_centre,team,service",product,NON_COMPLIANT
res-00772,EBS,"business_unit,product,environment,cost_centre,team,service",product,NON_COMPLIANT
res-00773,EFS,"business_unit,product,environment,cost_centre,team,service",,COMPLIANT
res-00774,ALB,"business_unit,product,environment,cost_centre,team,service",,COMPLIANT
res-00775,NAT Gateway,"business_unit,product,environment,cost_centre,team,service",,COMPLIANT
res-00776,Lambda,"business_unit,product,environment,cost_centre,team,service",,COMPLIANT
res-00777,EKS,"business_unit,product,environment,cost_centre,team,service",,COMPLIANT
res-00778,SQS,"business_unit,product,environment,cost_centre,team,service",,COMPLIANT
res-00779,CloudWatch,"business_unit,product,environment,cost_centre,team,service",,COMPLIANT
res-00780,SageMaker,"business_unit,product,environment,cost_centre,team,service",,COMPLIANT
res-00781,EC2,"business_unit,product,environment,cost_centre,team,service",,COMPLIANT
res-00782,RDS,"business_unit,product,environment,cost_centre,team,service",,COMPLIANT
res-00783,S3,"business_unit,product,environment,cost_centre,team,service",,COMPLIANT
res-00784,EBS,"business_unit,product,environment,cost_centre,team,service",,COMPLIANT
res-00785,EFS,"business_unit,product,environment,cost_centre,team,service",,COMPLIANT
res-00786,ALB,"business_unit,product,environment,cost_centre,team,service",,COMPLIANT
res-00787,NAT Gateway,"business_unit,product,environment,cost_centre,team,service",,COMPLIANT
res-00788,Lambda,"business_unit,product,environment,cost_centre,team,service",team,NON_COMPLIANT
res-00789,EKS,"business_unit,product,environment,cost_centre,team,service",,COMPLIANT
res-00790,SQS,"business_unit,product,environment,cost_centre,team,service",,COMPLIANT
res-00791,CloudWatch,"business_unit,product,environment,cost_centre,team,service",service,NON_COMPLIANT
res-00792,SageMaker,"business_unit,product,environment,cost_centre,team,service",,COMPLIANT
res-00793,EC2,"business_unit,product,environment,cost_centre,team,service",,COMPLIANT
res-00794,RDS,"business_unit,product,environment,cost_centre,team,service",,COMPLIANT
res-00795,S3,"business_unit,product,environment,cost_centre,team,service",,COMPLIANT
res-00796,EBS,"business_unit,product,environment,cost_centre,team,service",,COMPLIANT
res-00797,EFS,"business_unit,product,environment,cost_centre,team,service",,COMPLIANT
res-00798,ALB,"business_unit,product,environment,cost_centre,team,service",,COMPLIANT
res-00799,NAT Gateway,"business_unit,product,environment,cost_centre,team,service",,COMPLIANT
res-00800,Lambda,"business_unit,product,environment,cost_centre,team,service",,COMPLIANT
res-00801,EKS,"business_unit,product,environment,cost_centre,team,service",,COMPLIANT
res-00802,SQS,"business_unit,product,environment,cost_centre,team,service",,COMPLIANT
res-00803,CloudWatch,"business_unit,product,environment,cost_centre,team,service",,COMPLIANT
res-00804,SageMaker,"business_unit,product,environment,cost_centre,team,service",business_unit,NON_COMPLIANT
res-00805,EC2,"business_unit,product,environment,cost_centre,team,service",,COMPLIANT
res-00806,RDS,"business_unit,product,environment,cost_centre,team,service",,COMPLIANT
res-00807,S3,"business_unit,product,environment,cost_centre,team,service",,COMPLIANT
res-00808,EBS,"business_unit,product,environment,cost_centre,team,service",,COMPLIANT
res-00809,EFS,"business_unit,product,environment,cost_centre,team,service",,COMPLIANT
res-00810,ALB,"business_unit,product,environment,cost_centre,team,service",,COMPLIANT
res-00811,NAT Gateway,"business_unit,product,environment,cost_centre,team,service",,COMPLIANT
res-00812,Lambda,"business_unit,product,environment,cost_centre,team,service","cost_centre,team",NON_COMPLIANT
res-00813,EKS,"business_unit,product,environment,cost_centre,team,service",,COMPLIANT
res-00814,SQS,"business_unit,product,environment,cost_centre,team,service",,COMPLIANT
res-00815,CloudWatch,"business_unit,product,environment,cost_centre,team,service",,COMPLIANT
res-00816,SageMaker,"business_unit,product,environment,cost_centre,team,service",,COMPLIANT
res-00817,EC2,"business_unit,product,environment,cost_centre,team,service",,COMPLIANT
res-00818,RDS,"business_unit,product,environment,cost_centre,team,service",,COMPLIANT
res-00819,S3,"business_unit,product,environment,cost_centre,team,service",,COMPLIANT
res-00820,EBS,"business_unit,product,environment,cost_centre,team,service",,COMPLIANT
res-00821,EFS,"business_unit,product,environment,cost_centre,team,service",,COMPLIANT
res-00822,ALB,"business_unit,product,environment,cost_centre,team,service",,COMPLIANT
res-00823,NAT Gateway,"business_unit,product,environment,cost_centre,team,service",,COMPLIANT
res-00824,Lambda,"business_unit,product,environment,cost_centre,team,service",,COMPLIANT
res-00825,EKS,"business_unit,product,environment,cost_centre,team,service",,COMPLIANT
res-00826,SQS,"business_unit,product,environment,cost_centre,team,service",,COMPLIANT
res-00827,CloudWatch,"business_unit,product,environment,cost_centre,team,service",,COMPLIANT
res-00828,SageMaker,"business_unit,product,environment,cost_centre,team,service",,COMPLIANT
res-00829,EC2,"business_unit,product,environment,cost_centre,team,service",,COMPLIANT
res-00830,RDS,"business_unit,product,environment,cost_centre,team,service",,COMPLIANT
res-00831,S3,"business_unit,product,environment,cost_centre,team,service",,COMPLIANT
res-00832,EBS,"business_unit,product,environment,cost_centre,team,service",,COMPLIANT
res-00833,EFS,"business_unit,product,environment,cost_centre,team,service",,COMPLIANT
res-00834,ALB,"business_unit,product,environment,cost_centre,team,service",,COMPLIANT
res-00835,NAT Gateway,"business_unit,product,environment,cost_centre,team,service",,COMPLIANT
res-00836,Lambda,"business_unit,product,environment,cost_centre,team,service",,COMPLIANT
res-00837,EKS,"business_unit,product,environment,cost_centre,team,service",,COMPLIANT
res-00838,SQS,"business_unit,product,environment,cost_centre,team,service",,COMPLIANT
res-00839,CloudWatch,"business_unit,product,environment,cost_centre,team,service",,COMPLIANT
res-00840,SageMaker,"business_unit,product,environment,cost_centre,team,service",,COMPLIANT
res-00841,EC2,"business_unit,product,environment,cost_centre,team,service",cost_centre,NON_COMPLIANT
res-00842,RDS,"business_unit,product,environment,cost_centre,team,service",product,NON_COMPLIANT
res-00843,S3,"business_unit,product,environment,cost_centre,team,service",,COMPLIANT
res-00844,EBS,"business_unit,product,environment,cost_centre,team,service",,COMPLIANT
res-00845,EFS,"business_unit,product,environment,cost_centre,team,service",service,NON_COMPLIANT
res-00846,ALB,"business_unit,product,environment,cost_centre,team,service",,COMPLIANT
res-00847,NAT Gateway,"business_unit,product,environment,cost_centre,team,service",,COMPLIANT
res-00848,Lambda,"business_unit,product,environment,cost_centre,team,service",,COMPLIANT
res-00849,EKS,"business_unit,product,environment,cost_centre,team,service",service,NON_COMPLIANT
res-00850,SQS,"business_unit,product,environment,cost_centre,team,service",,COMPLIANT
res-00851,CloudWatch,"business_unit,product,environment,cost_centre,team,service",,COMPLIANT
res-00852,SageMaker,"business_unit,product,environment,cost_centre,team,service",business_unit,NON_COMPLIANT
res-00853,EC2,"business_unit,product,environment,cost_centre,team,service",,COMPLIANT
res-00854,RDS,"business_unit,product,environment,cost_centre,team,service",,COMPLIANT
res-00855,S3,"business_unit,product,environment,cost_centre,team,service",,COMPLIANT
res-00856,EBS,"business_unit,product,environment,cost_centre,team,service",,COMPLIANT
res-00857,EFS,"business_unit,product,environment,cost_centre,team,service",,COMPLIANT
res-00858,ALB,"business_unit,product,environment,cost_centre,team,service",,COMPLIANT
res-00859,NAT Gateway,"business_unit,product,environment,cost_centre,team,service",,COMPLIANT
res-00860,Lambda,"business_unit,product,environment,cost_centre,team,service",,COMPLIANT
res-00861,EKS,"business_unit,product,environment,cost_centre,team,service",,COMPLIANT
res-00862,SQS,"business_unit,product,environment,cost_centre,team,service",,COMPLIANT
res-00863,CloudWatch,"business_unit,product,environment,cost_centre,team,service",,COMPLIANT
res-00864,SageMaker,"business_unit,product,environment,cost_centre,team,service",,COMPLIANT
res-00865,EC2,"business_unit,product,environment,cost_centre,team,service",,COMPLIANT
res-00866,RDS,"business_unit,product,environment,cost_centre,team,service",,COMPLIANT
res-00867,S3,"business_unit,product,environment,cost_centre,team,service",,COMPLIANT
res-00868,EBS,"business_unit,product,environment,cost_centre,team,service",,COMPLIANT
res-00869,EFS,"business_unit,product,environment,cost_centre,team,service",,COMPLIANT
res-00870,ALB,"business_unit,product,environment,cost_centre,team,service",,COMPLIANT
res-00871,NAT Gateway,"business_unit,product,environment,cost_centre,team,service",,COMPLIANT
res-00872,Lambda,"business_unit,product,environment,cost_centre,team,service",service,NON_COMPLIANT
res-00873,EKS,"business_unit,product,environment,cost_centre,team,service",,COMPLIANT
res-00874,SQS,"business_unit,product,environment,cost_centre,team,service",environment,NON_COMPLIANT
res-00875,CloudWatch,"business_unit,product,environment,cost_centre,team,service",,COMPLIANT
res-00876,SageMaker,"business_unit,product,environment,cost_centre,team,service",,COMPLIANT
res-00877,EC2,"business_unit,product,environment,cost_centre,team,service",environment,NON_COMPLIANT
res-00878,RDS,"business_unit,product,environment,cost_centre,team,service",,COMPLIANT
res-00879,S3,"business_unit,product,environment,cost_centre,team,service",,COMPLIANT
res-00880,EBS,"business_unit,product,environment,cost_centre,team,service",team,NON_COMPLIANT
res-00881,EFS,"business_unit,product,environment,cost_centre,team,service",,COMPLIANT
res-00882,ALB,"business_unit,product,environment,cost_centre,team,service",service,NON_COMPLIANT
res-00883,NAT Gateway,"business_unit,product,environment,cost_centre,team,service",,COMPLIANT
res-00884,Lambda,"business_unit,product,environment,cost_centre,team,service",,COMPLIANT
res-00885,EKS,"business_unit,product,environment,cost_centre,team,service",,COMPLIANT
res-00886,SQS,"business_unit,product,environment,cost_centre,team,service",,COMPLIANT
res-00887,CloudWatch,"business_unit,product,environment,cost_centre,team,service",service,NON_COMPLIANT
res-00888,SageMaker,"business_unit,product,environment,cost_centre,team,service",,COMPLIANT
res-00889,EC2,"business_unit,product,environment,cost_centre,team,service",,COMPLIANT
res-00890,RDS,"business_unit,product,environment,cost_centre,team,service",product,NON_COMPLIANT
res-00891,S3,"business_unit,product,environment,cost_centre,team,service",business_unit,NON_COMPLIANT
res-00892,EBS,"business_unit,product,environment,cost_centre,team,service",service,NON_COMPLIANT
res-00893,EFS,"business_unit,product,environment,cost_centre,team,service",,COMPLIANT
res-00894,ALB,"business_unit,product,environment,cost_centre,team,service",,COMPLIANT
res-00895,NAT Gateway,"business_unit,product,environment,cost_centre,team,service",,COMPLIANT
res-00896,Lambda,"business_unit,product,environment,cost_centre,team,service",,COMPLIANT
res-00897,EKS,"business_unit,product,environment,cost_centre,team,service",,COMPLIANT
res-00898,SQS,"business_unit,product,environment,cost_centre,team,service",,COMPLIANT
res-00899,CloudWatch,"business_unit,product,environment,cost_centre,team,service",,COMPLIANT
res-00900,SageMaker,"business_unit,product,environment,cost_centre,team,service",,COMPLIANT
res-00901,EC2,"business_unit,product,environment,cost_centre,team,service",,COMPLIANT
res-00902,RDS,"business_unit,product,environment,cost_centre,team,service",,COMPLIANT
res-00903,S3,"business_unit,product,environment,cost_centre,team,service",,COMPLIANT
res-00904,EBS,"business_unit,product,environment,cost_centre,team,service",,COMPLIANT
res-00905,EFS,"business_unit,product,environment,cost_centre,team,service",,COMPLIANT
res-00906,ALB,"business_unit,product,environment,cost_centre,team,service",,COMPLIANT
res-00907,NAT Gateway,"business_unit,product,environment,cost_centre,team,service",,COMPLIANT
res-00908,Lambda,"business_unit,product,environment,cost_centre,team,service",,COMPLIANT
res-00909,EKS,"business_unit,product,environment,cost_centre,team,service",,COMPLIANT
res-00910,SQS,"business_unit,product,environment,cost_centre,team,service",,COMPLIANT
res-00911,CloudWatch,"business_unit,product,environment,cost_centre,team,service",business_unit,NON_COMPLIANT
res-00912,SageMaker,"business_unit,product,environment,cost_centre,team,service",,COMPLIANT
res-00913,EC2,"business_unit,product,environment,cost_centre,team,service",service,NON_COMPLIANT
res-00914,RDS,"business_unit,product,environment,cost_centre,team,service",,COMPLIANT
res-00915,S3,"business_unit,product,environment,cost_centre,team,service",,COMPLIANT
res-00916,EBS,"business_unit,product,environment,cost_centre,team,service",,COMPLIANT
res-00917,EFS,"business_unit,product,environment,cost_centre,team,service",,COMPLIANT
res-00918,ALB,"business_unit,product,environment,cost_centre,team,service",,COMPLIANT
res-00919,NAT Gateway,"business_unit,product,environment,cost_centre,team,service",,COMPLIANT
res-00920,Lambda,"business_unit,product,environment,cost_centre,team,service",,COMPLIANT
res-00921,EKS,"business_unit,product,environment,cost_centre,team,service",cost_centre,NON_COMPLIANT
res-00922,SQS,"business_unit,product,environment,cost_centre,team,service","environment,service",NON_COMPLIANT
res-00923,CloudWatch,"business_unit,product,environment,cost_centre,team,service",service,NON_COMPLIANT
res-00924,SageMaker,"business_unit,product,environment,cost_centre,team,service",,COMPLIANT
res-00925,EC2,"business_unit,product,environment,cost_centre,team,service",,COMPLIANT
res-00926,RDS,"business_unit,product,environment,cost_centre,team,service",,COMPLIANT
res-00927,S3,"business_unit,product,environment,cost_centre,team,service",,COMPLIANT
res-00928,EBS,"business_unit,product,environment,cost_centre,team,service",,COMPLIANT
res-00929,EFS,"business_unit,product,environment,cost_centre,team,service",,COMPLIANT
res-00930,ALB,"business_unit,product,environment,cost_centre,team,service",,COMPLIANT
res-00931,NAT Gateway,"business_unit,product,environment,cost_centre,team,service",team,NON_COMPLIANT
res-00932,Lambda,"business_unit,product,environment,cost_centre,team,service",,COMPLIANT
res-00933,EKS,"business_unit,product,environment,cost_centre,team,service",,COMPLIANT
res-00934,SQS,"business_unit,product,environment,cost_centre,team,service",,COMPLIANT
res-00935,CloudWatch,"business_unit,product,environment,cost_centre,team,service",,COMPLIANT
res-00936,SageMaker,"business_unit,product,environment,cost_centre,team,service",,COMPLIANT
res-00937,EC2,"business_unit,product,environment,cost_centre,team,service",,COMPLIANT
res-00938,RDS,"business_unit,product,environment,cost_centre,team,service",,COMPLIANT
res-00939,S3,"business_unit,product,environment,cost_centre,team,service",environment,NON_COMPLIANT
res-00940,EBS,"business_unit,product,environment,cost_centre,team,service",,COMPLIANT
res-00941,EFS,"business_unit,product,environment,cost_centre,team,service",,COMPLIANT
res-00942,ALB,"business_unit,product,environment,cost_centre,team,service","business_unit,environment",NON_COMPLIANT
res-00943,NAT Gateway,"business_unit,product,environment,cost_centre,team,service",,COMPLIANT
res-00944,Lambda,"business_unit,product,environment,cost_centre,team,service",,COMPLIANT
res-00945,EKS,"business_unit,product,environment,cost_centre,team,service",,COMPLIANT
res-00946,SQS,"business_unit,product,environment,cost_centre,team,service",,COMPLIANT
res-00947,CloudWatch,"business_unit,product,environment,cost_centre,team,service",,COMPLIANT
res-00948,SageMaker,"business_unit,product,environment,cost_centre,team,service",,COMPLIANT
res-00949,EC2,"business_unit,product,environment,cost_centre,team,service",,COMPLIANT
res-00950,RDS,"business_unit,product,environment,cost_centre,team,service",,COMPLIANT
res-00951,S3,"business_unit,product,environment,cost_centre,team,service",,COMPLIANT
res-00952,EBS,"business_unit,product,environment,cost_centre,team,service",,COMPLIANT
res-00953,EFS,"business_unit,product,environment,cost_centre,team,service",,COMPLIANT
res-00954,ALB,"business_unit,product,environment,cost_centre,team,service","cost_centre,team",NON_COMPLIANT
res-00955,NAT Gateway,"business_unit,product,environment,cost_centre,team,service",,COMPLIANT
res-00956,Lambda,"business_unit,product,environment,cost_centre,team,service",,COMPLIANT
res-00957,EKS,"business_unit,product,environment,cost_centre,team,service",cost_centre,NON_COMPLIANT
res-00958,SQS,"business_unit,product,environment,cost_centre,team,service",,COMPLIANT
res-00959,CloudWatch,"business_unit,product,environment,cost_centre,team,service",,COMPLIANT
res-00960,SageMaker,"business_unit,product,environment,cost_centre,team,service",,COMPLIANT
res-00961,EC2,"business_unit,product,environment,cost_centre,team,service",service,NON_COMPLIANT
res-00962,RDS,"business_unit,product,environment,cost_centre,team,service",,COMPLIANT
res-00963,S3,"business_unit,product,environment,cost_centre,team,service",,COMPLIANT
res-00964,EBS,"business_unit,product,environment,cost_centre,team,service",,COMPLIANT
res-00965,EFS,"business_unit,product,environment,cost_centre,team,service",,COMPLIANT
res-00966,ALB,"business_unit,product,environment,cost_centre,team,service",,COMPLIANT
res-00967,NAT Gateway,"business_unit,product,environment,cost_centre,team,service",,COMPLIANT
res-00968,Lambda,"business_unit,product,environment,cost_centre,team,service",,COMPLIANT
res-00969,EKS,"business_unit,product,environment,cost_centre,team,service",,COMPLIANT
res-00970,SQS,"business_unit,product,environment,cost_centre,team,service",,COMPLIANT
res-00971,CloudWatch,"business_unit,product,environment,cost_centre,team,service",,COMPLIANT
res-00972,SageMaker,"business_unit,product,environment,cost_centre,team,service",,COMPLIANT
res-00973,EC2,"business_unit,product,environment,cost_centre,team,service",cost_centre,NON_COMPLIANT
res-00974,RDS,"business_unit,product,environment,cost_centre,team,service",,COMPLIANT
res-00975,S3,"business_unit,product,environment,cost_centre,team,service",business_unit,NON_COMPLIANT
res-00976,EBS,"business_unit,product,environment,cost_centre,team,service",,COMPLIANT
res-00977,EFS,"business_unit,product,environment,cost_centre,team,service",,COMPLIANT
res-00978,ALB,"business_unit,product,environment,cost_centre,team,service",,COMPLIANT
res-00979,NAT Gateway,"business_unit,product,environment,cost_centre,team,service",team,NON_COMPLIANT
res-00980,Lambda,"business_unit,product,environment,cost_centre,team,service",,COMPLIANT
res-00981,EKS,"business_unit,product,environment,cost_centre,team,service",,COMPLIANT
res-00982,SQS,"business_unit,product,environment,cost_centre,team,service",,COMPLIANT
res-00983,CloudWatch,"business_unit,product,environment,cost_centre,team,service",,COMPLIANT
res-00984,SageMaker,"business_unit,product,environment,cost_centre,team,service",,COMPLIANT
res-00985,EC2,"business_unit,product,environment,cost_centre,team,service",,COMPLIANT
res-00986,RDS,"business_unit,product,environment,cost_centre,team,service",,COMPLIANT
res-00987,S3,"business_unit,product,environment,cost_centre,team,service",,COMPLIANT
res-00988,EBS,"business_unit,product,environment,cost_centre,team,service",,COMPLIANT
res-00989,EFS,"business_unit,product,environment,cost_centre,team,service",,COMPLIANT
res-00990,ALB,"business_unit,product,environment,cost_centre,team,service",,COMPLIANT
res-00991,NAT Gateway,"business_unit,product,environment,cost_centre,team,service",,COMPLIANT
res-00992,Lambda,"business_unit,product,environment,cost_centre,team,service",,COMPLIANT
res-00993,EKS,"business_unit,product,environment,cost_centre,team,service",,COMPLIANT
res-00994,SQS,"business_unit,product,environment,cost_centre,team,service",,COMPLIANT
res-00995,CloudWatch,"business_unit,product,environment,cost_centre,team,service",,COMPLIANT
res-00996,SageMaker,"business_unit,product,environment,cost_centre,team,service",,COMPLIANT
res-00997,EC2,"business_unit,product,environment,cost_centre,team,service",,COMPLIANT
res-00998,RDS,"business_unit,product,environment,cost_centre,team,service",,COMPLIANT
res-00999,S3,"business_unit,product,environment,cost_centre,team,service",,COMPLIANT
res-01000,EBS,"business_unit,product,environment,cost_centre,team,service",,COMPLIANT
res-01001,EFS,"business_unit,product,environment,cost_centre,team,service",,COMPLIANT
res-01002,ALB,"business_unit,product,environment,cost_centre,team,service",,COMPLIANT
res-01003,NAT Gateway,"business_unit,product,environment,cost_centre,team,service",,COMPLIANT
res-01004,Lambda,"business_unit,product,environment,cost_centre,team,service",cost_centre,NON_COMPLIANT
res-01005,EKS,"business_unit,product,environment,cost_centre,team,service",,COMPLIANT
res-01006,SQS,"business_unit,product,environment,cost_centre,team,service",,COMPLIANT
res-01007,CloudWatch,"business_unit,product,environment,cost_centre,team,service",,COMPLIANT
res-01008,SageMaker,"business_unit,product,environment,cost_centre,team,service",,COMPLIANT
res-01009,EC2,"business_unit,product,environment,cost_centre,team,service",,COMPLIANT
res-01010,RDS,"business_unit,product,environment,cost_centre,team,service",,COMPLIANT
res-01011,S3,"business_unit,product,environment,cost_centre,team,service",,COMPLIANT
res-01012,EBS,"business_unit,product,environment,cost_centre,team,service",,COMPLIANT
res-01013,EFS,"business_unit,product,environment,cost_centre,team,service",,COMPLIANT
res-01014,ALB,"business_unit,product,environment,cost_centre,team,service",,COMPLIANT
res-01015,NAT Gateway,"business_unit,product,environment,cost_centre,team,service",,COMPLIANT
res-01016,Lambda,"business_unit,product,environment,cost_centre,team,service",environment,NON_COMPLIANT
res-01017,EKS,"business_unit,product,environment,cost_centre,team,service",,COMPLIANT
res-01018,SQS,"business_unit,product,environment,cost_centre,team,service",,COMPLIANT
res-01019,CloudWatch,"business_unit,product,environment,cost_centre,team,service",cost_centre,NON_COMPLIANT
res-01020,SageMaker,"business_unit,product,environment,cost_centre,team,service",,COMPLIANT
res-01021,EC2,"business_unit,product,environment,cost_centre,team,service",,COMPLIANT
res-01022,RDS,"business_unit,product,environment,cost_centre,team,service",service,NON_COMPLIANT
res-01023,S3,"business_unit,product,environment,cost_centre,team,service",,COMPLIANT
res-01024,EBS,"business_unit,product,environment,cost_centre,team,service",,COMPLIANT
res-01025,EFS,"business_unit,product,environment,cost_centre,team,service",,COMPLIANT
res-01026,ALB,"business_unit,product,environment,cost_centre,team,service",,COMPLIANT
res-01027,NAT Gateway,"business_unit,product,environment,cost_centre,team,service",,COMPLIANT
res-01028,Lambda,"business_unit,product,environment,cost_centre,team,service",,COMPLIANT
res-01029,EKS,"business_unit,product,environment,cost_centre,team,service",product,NON_COMPLIANT
res-01030,SQS,"business_unit,product,environment,cost_centre,team,service",,COMPLIANT
res-01031,CloudWatch,"business_unit,product,environment,cost_centre,team,service",,COMPLIANT
res-01032,SageMaker,"business_unit,product,environment,cost_centre,team,service",,COMPLIANT
res-01033,EC2,"business_unit,product,environment,cost_centre,team,service",,COMPLIANT
res-01034,RDS,"business_unit,product,environment,cost_centre,team,service",,COMPLIANT
res-01035,S3,"business_unit,product,environment,cost_centre,team,service",,COMPLIANT
res-01036,EBS,"business_unit,product,environment,cost_centre,team,service",,COMPLIANT
res-01037,EFS,"business_unit,product,environment,cost_centre,team,service",,COMPLIANT
res-01038,ALB,"business_unit,product,environment,cost_centre,team,service",business_unit,NON_COMPLIANT
res-01039,NAT Gateway,"business_unit,product,environment,cost_centre,team,service",,COMPLIANT
res-01040,Lambda,"business_unit,product,environment,cost_centre,team,service",,COMPLIANT
res-01041,EKS,"business_unit,product,environment,cost_centre,team,service",,COMPLIANT
res-01042,SQS,"business_unit,product,environment,cost_centre,team,service",,COMPLIANT
res-01043,CloudWatch,"business_unit,product,environment,cost_centre,team,service",,COMPLIANT
res-01044,SageMaker,"business_unit,product,environment,cost_centre,team,service",,COMPLIANT
res-01045,EC2,"business_unit,product,environment,cost_centre,team,service",,COMPLIANT
res-01046,RDS,"business_unit,product,environment,cost_centre,team,service",,COMPLIANT
res-01047,S3,"business_unit,product,environment,cost_centre,team,service",,COMPLIANT
res-01048,EBS,"business_unit,product,environment,cost_centre,team,service",,COMPLIANT
res-01049,EFS,"business_unit,product,environment,cost_centre,team,service",,COMPLIANT
res-01050,ALB,"business_unit,product,environment,cost_centre,team,service","environment,service",NON_COMPLIANT
res-01051,NAT Gateway,"business_unit,product,environment,cost_centre,team,service",,COMPLIANT
res-01052,Lambda,"business_unit,product,environment,cost_centre,team,service",,COMPLIANT
res-01053,EKS,"business_unit,product,environment,cost_centre,team,service","cost_centre,environment",NON_COMPLIANT
res-01054,SQS,"business_unit,product,environment,cost_centre,team,service",business_unit,NON_COMPLIANT
res-01055,CloudWatch,"business_unit,product,environment,cost_centre,team,service",,COMPLIANT
res-01056,SageMaker,"business_unit,product,environment,cost_centre,team,service",,COMPLIANT
res-01057,EC2,"business_unit,product,environment,cost_centre,team,service",,COMPLIANT
res-01058,RDS,"business_unit,product,environment,cost_centre,team,service",,COMPLIANT
res-01059,S3,"business_unit,product,environment,cost_centre,team,service",,COMPLIANT
res-01060,EBS,"business_unit,product,environment,cost_centre,team,service",,COMPLIANT
res-01061,EFS,"business_unit,product,environment,cost_centre,team,service","business_unit,product",NON_COMPLIANT
res-01062,ALB,"business_unit,product,environment,cost_centre,team,service",service,NON_COMPLIANT
res-01063,NAT Gateway,"business_unit,product,environment,cost_centre,team,service",,COMPLIANT
res-01064,Lambda,"business_unit,product,environment,cost_centre,team,service",,COMPLIANT
res-01065,EKS,"business_unit,product,environment,cost_centre,team,service",,COMPLIANT
res-01066,SQS,"business_unit,product,environment,cost_centre,team,service",,COMPLIANT
res-01067,CloudWatch,"business_unit,product,environment,cost_centre,team,service",,COMPLIANT
res-01068,SageMaker,"business_unit,product,environment,cost_centre,team,service",,COMPLIANT
res-01069,EC2,"business_unit,product,environment,cost_centre,team,service",,COMPLIANT
res-01070,RDS,"business_unit,product,environment,cost_centre,team,service",,COMPLIANT
res-01071,S3,"business_unit,product,environment,cost_centre,team,service",,COMPLIANT
res-01072,EBS,"business_unit,product,environment,cost_centre,team,service","business_unit,team",NON_COMPLIANT
res-01073,EFS,"business_unit,product,environment,cost_centre,team,service",,COMPLIANT
res-01074,ALB,"business_unit,product,environment,cost_centre,team,service",,COMPLIANT
res-01075,NAT Gateway,"business_unit,product,environment,cost_centre,team,service",product,NON_COMPLIANT
res-01076,Lambda,"business_unit,product,environment,cost_centre,team,service",,COMPLIANT
res-01077,EKS,"business_unit,product,environment,cost_centre,team,service",,COMPLIANT
res-01078,SQS,"business_unit,product,environment,cost_centre,team,service",,COMPLIANT
res-01079,CloudWatch,"business_unit,product,environment,cost_centre,team,service",,COMPLIANT
res-01080,SageMaker,"business_unit,product,environment,cost_centre,team,service",,COMPLIANT
res-01081,EC2,"business_unit,product,environment,cost_centre,team,service",business_unit,NON_COMPLIANT
res-01082,RDS,"business_unit,product,environment,cost_centre,team,service",,COMPLIANT
res-01083,S3,"business_unit,product,environment,cost_centre,team,service",,COMPLIANT
res-01084,EBS,"business_unit,product,environment,cost_centre,team,service",,COMPLIANT
res-01085,EFS,"business_unit,product,environment,cost_centre,team,service",,COMPLIANT
res-01086,ALB,"business_unit,product,environment,cost_centre,team,service",,COMPLIANT
res-01087,NAT Gateway,"business_unit,product,environment,cost_centre,team,service",,COMPLIANT
res-01088,Lambda,"business_unit,product,environment,cost_centre,team,service",,COMPLIANT
res-01089,EKS,"business_unit,product,environment,cost_centre,team,service","business_unit,product",NON_COMPLIANT
res-01090,SQS,"business_unit,product,environment,cost_centre,team,service",,COMPLIANT
res-01091,CloudWatch,"business_unit,product,environment,cost_centre,team,service",,COMPLIANT
res-01092,SageMaker,"business_unit,product,environment,cost_centre,team,service",,COMPLIANT
res-01093,EC2,"business_unit,product,environment,cost_centre,team,service",,COMPLIANT
res-01094,RDS,"business_unit,product,environment,cost_centre,team,service",,COMPLIANT
res-01095,S3,"business_unit,product,environment,cost_centre,team,service",,COMPLIANT
res-01096,EBS,"business_unit,product,environment,cost_centre,team,service",,COMPLIANT
res-01097,EFS,"business_unit,product,environment,cost_centre,team,service",,COMPLIANT
res-01098,ALB,"business_unit,product,environment,cost_centre,team,service",environment,NON_COMPLIANT
res-01099,NAT Gateway,"business_unit,product,environment,cost_centre,team,service",,COMPLIANT
res-01100,Lambda,"business_unit,product,environment,cost_centre,team,service",product,NON_COMPLIANT
res-01101,EKS,"business_unit,product,environment,cost_centre,team,service",,COMPLIANT
res-01102,SQS,"business_unit,product,environment,cost_centre,team,service",,COMPLIANT
res-01103,CloudWatch,"business_unit,product,environment,cost_centre,team,service",,COMPLIANT
res-01104,SageMaker,"business_unit,product,environment,cost_centre,team,service",,COMPLIANT
res-01105,EC2,"business_unit,product,environment,cost_centre,team,service",,COMPLIANT
res-01106,RDS,"business_unit,product,environment,cost_centre,team,service",,COMPLIANT
res-01107,S3,"business_unit,product,environment,cost_centre,team,service",business_unit,NON_COMPLIANT
res-01108,EBS,"business_unit,product,environment,cost_centre,team,service",,COMPLIANT
res-01109,EFS,"business_unit,product,environment,cost_centre,team,service",,COMPLIANT
res-01110,ALB,"business_unit,product,environment,cost_centre,team,service",,COMPLIANT
res-01111,NAT Gateway,"business_unit,product,environment,cost_centre,team,service",,COMPLIANT
res-01112,Lambda,"business_unit,product,environment,cost_centre,team,service",,COMPLIANT
res-01113,EKS,"business_unit,product,environment,cost_centre,team,service",,COMPLIANT
res-01114,SQS,"business_unit,product,environment,cost_centre,team,service",,COMPLIANT
res-01115,CloudWatch,"business_unit,product,environment,cost_centre,team,service",business_unit,NON_COMPLIANT
res-01116,SageMaker,"business_unit,product,environment,cost_centre,team,service",,COMPLIANT
res-01117,EC2,"business_unit,product,environment,cost_centre,team,service",,COMPLIANT
res-01118,RDS,"business_unit,product,environment,cost_centre,team,service",team,NON_COMPLIANT
res-01119,S3,"business_unit,product,environment,cost_centre,team,service",,COMPLIANT
res-01120,EBS,"business_unit,product,environment,cost_centre,team,service",,COMPLIANT
res-01121,EFS,"business_unit,product,environment,cost_centre,team,service",,COMPLIANT
res-01122,ALB,"business_unit,product,environment,cost_centre,team,service",,COMPLIANT
res-01123,NAT Gateway,"business_unit,product,environment,cost_centre,team,service",,COMPLIANT
res-01124,Lambda,"business_unit,product,environment,cost_centre,team,service",,COMPLIANT
res-01125,EKS,"business_unit,product,environment,cost_centre,team,service",,COMPLIANT
res-01126,SQS,"business_unit,product,environment,cost_centre,team,service",,COMPLIANT
res-01127,CloudWatch,"business_unit,product,environment,cost_centre,team,service",,COMPLIANT
res-01128,SageMaker,"business_unit,product,environment,cost_centre,team,service",,COMPLIANT
res-01129,EC2,"business_unit,product,environment,cost_centre,team,service",,COMPLIANT
res-01130,RDS,"business_unit,product,environment,cost_centre,team,service",,COMPLIANT
res-01131,S3,"business_unit,product,environment,cost_centre,team,service",product,NON_COMPLIANT
res-01132,EBS,"business_unit,product,environment,cost_centre,team,service",,COMPLIANT
res-01133,EFS,"business_unit,product,environment,cost_centre,team,service",,COMPLIANT
res-01134,ALB,"business_unit,product,environment,cost_centre,team,service",,COMPLIANT
res-01135,NAT Gateway,"business_unit,product,environment,cost_centre,team,service",,COMPLIANT
res-01136,Lambda,"business_unit,product,environment,cost_centre,team,service",,COMPLIANT
res-01137,EKS,"business_unit,product,environment,cost_centre,team,service",,COMPLIANT
res-01138,SQS,"business_unit,product,environment,cost_centre,team,service",,COMPLIANT
res-01139,CloudWatch,"business_unit,product,environment,cost_centre,team,service",,COMPLIANT
res-01140,SageMaker,"business_unit,product,environment,cost_centre,team,service",team,NON_COMPLIANT
res-01141,EC2,"business_unit,product,environment,cost_centre,team,service",,COMPLIANT
res-01142,RDS,"business_unit,product,environment,cost_centre,team,service","environment,product",NON_COMPLIANT
res-01143,S3,"business_unit,product,environment,cost_centre,team,service",,COMPLIANT
res-01144,EBS,"business_unit,product,environment,cost_centre,team,service",cost_centre,NON_COMPLIANT
res-01145,EFS,"business_unit,product,environment,cost_centre,team,service","business_unit,product",NON_COMPLIANT
res-01146,ALB,"business_unit,product,environment,cost_centre,team,service","business_unit,environment",NON_COMPLIANT
res-01147,NAT Gateway,"business_unit,product,environment,cost_centre,team,service",,COMPLIANT
res-01148,Lambda,"business_unit,product,environment,cost_centre,team,service",,COMPLIANT
res-01149,EKS,"business_unit,product,environment,cost_centre,team,service","cost_centre,service",NON_COMPLIANT
res-01150,SQS,"business_unit,product,environment,cost_centre,team,service",,COMPLIANT
res-01151,CloudWatch,"business_unit,product,environment,cost_centre,team,service",,COMPLIANT
res-01152,SageMaker,"business_unit,product,environment,cost_centre,team,service",,COMPLIANT
res-01153,EC2,"business_unit,product,environment,cost_centre,team,service",,COMPLIANT
res-01154,RDS,"business_unit,product,environment,cost_centre,team,service",,COMPLIANT
res-01155,S3,"business_unit,product,environment,cost_centre,team,service",,COMPLIANT
res-01156,EBS,"business_unit,product,environment,cost_centre,team,service",,COMPLIANT
res-01157,EFS,"business_unit,product,environment,cost_centre,team,service",,COMPLIANT
res-01158,ALB,"business_unit,product,environment,cost_centre,team,service",,COMPLIANT
res-01159,NAT Gateway,"business_unit,product,environment,cost_centre,team,service",,COMPLIANT
res-01160,Lambda,"business_unit,product,environment,cost_centre,team,service",,COMPLIANT
res-01161,EKS,"business_unit,product,environment,cost_centre,team,service",,COMPLIANT
res-01162,SQS,"business_unit,product,environment,cost_centre,team,service",,COMPLIANT
res-01163,CloudWatch,"business_unit,product,environment,cost_centre,team,service",,COMPLIANT
res-01164,SageMaker,"business_unit,product,environment,cost_centre,team,service",,COMPLIANT
res-01165,EC2,"business_unit,product,environment,cost_centre,team,service",,COMPLIANT
res-01166,RDS,"business_unit,product,environment,cost_centre,team,service",,COMPLIANT
res-01167,S3,"business_unit,product,environment,cost_centre,team,service",,COMPLIANT
res-01168,EBS,"business_unit,product,environment,cost_centre,team,service",,COMPLIANT
res-01169,EFS,"business_unit,product,environment,cost_centre,team,service",,COMPLIANT
res-01170,ALB,"business_unit,product,environment,cost_centre,team,service",,COMPLIANT
res-01171,NAT Gateway,"business_unit,product,environment,cost_centre,team,service",,COMPLIANT
res-01172,Lambda,"business_unit,product,environment,cost_centre,team,service",,COMPLIANT
res-01173,EKS,"business_unit,product,environment,cost_centre,team,service",,COMPLIANT
res-01174,SQS,"business_unit,product,environment,cost_centre,team,service",,COMPLIANT
res-01175,CloudWatch,"business_unit,product,environment,cost_centre,team,service",,COMPLIANT
res-01176,SageMaker,"business_unit,product,environment,cost_centre,team,service",,COMPLIANT
res-01177,EC2,"business_unit,product,environment,cost_centre,team,service",,COMPLIANT
res-01178,RDS,"business_unit,product,environment,cost_centre,team,service",,COMPLIANT
res-01179,S3,"business_unit,product,environment,cost_centre,team,service",,COMPLIANT
res-01180,EBS,"business_unit,product,environment,cost_centre,team,service",,COMPLIANT
res-01181,EFS,"business_unit,product,environment,cost_centre,team,service","cost_centre,service",NON_COMPLIANT
res-01182,ALB,"business_unit,product,environment,cost_centre,team,service",,COMPLIANT
res-01183,NAT Gateway,"business_unit,product,environment,cost_centre,team,service",business_unit,NON_COMPLIANT
res-01184,Lambda,"business_unit,product,environment,cost_centre,team,service",,COMPLIANT
res-01185,EKS,"business_unit,product,environment,cost_centre,team,service",,COMPLIANT
res-01186,SQS,"business_unit,product,environment,cost_centre,team,service","environment,product",NON_COMPLIANT
res-01187,CloudWatch,"business_unit,product,environment,cost_centre,team,service",environment,NON_COMPLIANT
res-01188,SageMaker,"business_unit,product,environment,cost_centre,team,service",,COMPLIANT
res-01189,EC2,"business_unit,product,environment,cost_centre,team,service",,COMPLIANT
res-01190,RDS,"business_unit,product,environment,cost_centre,team,service",,COMPLIANT
res-01191,S3,"business_unit,product,environment,cost_centre,team,service",,COMPLIANT
res-01192,EBS,"business_unit,product,environment,cost_centre,team,service",,COMPLIANT
res-01193,EFS,"business_unit,product,environment,cost_centre,team,service",,COMPLIANT
res-01194,ALB,"business_unit,product,environment,cost_centre,team,service",,COMPLIANT
res-01195,NAT Gateway,"business_unit,product,environment,cost_centre,team,service",,COMPLIANT
res-01196,Lambda,"business_unit,product,environment,cost_centre,team,service",,COMPLIANT
res-01197,EKS,"business_unit,product,environment,cost_centre,team,service",,COMPLIANT
res-01198,SQS,"business_unit,product,environment,cost_centre,team,service",,COMPLIANT
res-01199,CloudWatch,"business_unit,product,environment,cost_centre,team,service",,COMPLIANT
res-01200,SageMaker,"business_unit,product,environment,cost_centre,team,service",,COMPLIANT
res-01201,EC2,"business_unit,product,environment,cost_centre,team,service",,COMPLIANT
res-01202,RDS,"business_unit,product,environment,cost_centre,team,service",,COMPLIANT
res-01203,S3,"business_unit,product,environment,cost_centre,team,service",,COMPLIANT
res-01204,EBS,"business_unit,product,environment,cost_centre,team,service",,COMPLIANT
res-01205,EFS,"business_unit,product,environment,cost_centre,team,service",team,NON_COMPLIANT
res-01206,ALB,"business_unit,product,environment,cost_centre,team,service",,COMPLIANT
res-01207,NAT Gateway,"business_unit,product,environment,cost_centre,team,service",,COMPLIANT
res-01208,Lambda,"business_unit,product,environment,cost_centre,team,service",business_unit,NON_COMPLIANT
res-01209,EKS,"business_unit,product,environment,cost_centre,team,service",,COMPLIANT
res-01210,SQS,"business_unit,product,environment,cost_centre,team,service",,COMPLIANT
res-01211,CloudWatch,"business_unit,product,environment,cost_centre,team,service",,COMPLIANT
res-01212,SageMaker,"business_unit,product,environment,cost_centre,team,service",,COMPLIANT
res-01213,EC2,"business_unit,product,environment,cost_centre,team,service",,COMPLIANT
res-01214,RDS,"business_unit,product,environment,cost_centre,team,service",,COMPLIANT
res-01215,S3,"business_unit,product,environment,cost_centre,team,service",,COMPLIANT
res-01216,EBS,"business_unit,product,environment,cost_centre,team,service",,COMPLIANT
res-01217,EFS,"business_unit,product,environment,cost_centre,team,service",,COMPLIANT
res-01218,ALB,"business_unit,product,environment,cost_centre,team,service",,COMPLIANT
res-01219,NAT Gateway,"business_unit,product,environment,cost_centre,team,service",,COMPLIANT
res-01220,Lambda,"business_unit,product,environment,cost_centre,team,service",service,NON_COMPLIANT
res-01221,EKS,"business_unit,product,environment,cost_centre,team,service",,COMPLIANT
res-01222,SQS,"business_unit,product,environment,cost_centre,team,service",,COMPLIANT
res-01223,CloudWatch,"business_unit,product,environment,cost_centre,team,service",,COMPLIANT
res-01224,SageMaker,"business_unit,product,environment,cost_centre,team,service",,COMPLIANT
res-01225,EC2,"business_unit,product,environment,cost_centre,team,service",,COMPLIANT
res-01226,RDS,"business_unit,product,environment,cost_centre,team,service",,COMPLIANT
res-01227,S3,"business_unit,product,environment,cost_centre,team,service",,COMPLIANT
res-01228,EBS,"business_unit,product,environment,cost_centre,team,service",,COMPLIANT
res-01229,EFS,"business_unit,product,environment,cost_centre,team,service","service,team",NON_COMPLIANT
res-01230,ALB,"business_unit,product,environment,cost_centre,team,service",,COMPLIANT
res-01231,NAT Gateway,"business_unit,product,environment,cost_centre,team,service",cost_centre,NON_COMPLIANT
res-01232,Lambda,"business_unit,product,environment,cost_centre,team,service",,COMPLIANT
res-01233,EKS,"business_unit,product,environment,cost_centre,team,service",,COMPLIANT
res-01234,SQS,"business_unit,product,environment,cost_centre,team,service",,COMPLIANT
res-01235,CloudWatch,"business_unit,product,environment,cost_centre,team,service",,COMPLIANT
res-01236,SageMaker,"business_unit,product,environment,cost_centre,team,service",,COMPLIANT
res-01237,EC2,"business_unit,product,environment,cost_centre,team,service",,COMPLIANT
res-01238,RDS,"business_unit,product,environment,cost_centre,team,service",,COMPLIANT
res-01239,S3,"business_unit,product,environment,cost_centre,team,service",,COMPLIANT
res-01240,EBS,"business_unit,product,environment,cost_centre,team,service",,COMPLIANT
res-01241,EFS,"business_unit,product,environment,cost_centre,team,service",,COMPLIANT
res-01242,ALB,"business_unit,product,environment,cost_centre,team,service",,COMPLIANT
res-01243,NAT Gateway,"business_unit,product,environment,cost_centre,team,service","service,team",NON_COMPLIANT
res-01244,Lambda,"business_unit,product,environment,cost_centre,team,service",environment,NON_COMPLIANT
res-01245,EKS,"business_unit,product,environment,cost_centre,team,service",,COMPLIANT
res-01246,SQS,"business_unit,product,environment,cost_centre,team,service",,COMPLIANT
res-01247,CloudWatch,"business_unit,product,environment,cost_centre,team,service",,COMPLIANT
res-01248,SageMaker,"business_unit,product,environment,cost_centre,team,service","business_unit,cost_centre",NON_COMPLIANT
res-01249,EC2,"business_unit,product,environment,cost_centre,team,service",,COMPLIANT
res-01250,RDS,"business_unit,product,environment,cost_centre,team,service","cost_centre,service",NON_COMPLIANT
res-01251,S3,"business_unit,product,environment,cost_centre,team,service",cost_centre,NON_COMPLIANT
res-01252,EBS,"business_unit,product,environment,cost_centre,team,service",,COMPLIANT
res-01253,EFS,"business_unit,product,environment,cost_centre,team,service",,COMPLIANT
res-01254,ALB,"business_unit,product,environment,cost_centre,team,service",,COMPLIANT
res-01255,NAT Gateway,"business_unit,product,environment,cost_centre,team,service",product,NON_COMPLIANT
res-01256,Lambda,"business_unit,product,environment,cost_centre,team,service",,COMPLIANT
res-01257,EKS,"business_unit,product,environment,cost_centre,team,service",,COMPLIANT
res-01258,SQS,"business_unit,product,environment,cost_centre,team,service",,COMPLIANT
res-01259,CloudWatch,"business_unit,product,environment,cost_centre,team,service",,COMPLIANT
res-01260,SageMaker,"business_unit,product,environment,cost_centre,team,service",,COMPLIANT
res-01261,EC2,"business_unit,product,environment,cost_centre,team,service",,COMPLIANT
res-01262,RDS,"business_unit,product,environment,cost_centre,team,service",,COMPLIANT
res-01263,S3,"business_unit,product,environment,cost_centre,team,service","cost_centre,environment",NON_COMPLIANT
res-01264,EBS,"business_unit,product,environment,cost_centre,team,service",,COMPLIANT
res-01265,EFS,"business_unit,product,environment,cost_centre,team,service",,COMPLIANT
res-01266,ALB,"business_unit,product,environment,cost_centre,team,service",,COMPLIANT
res-01267,NAT Gateway,"business_unit,product,environment,cost_centre,team,service",,COMPLIANT
res-01268,Lambda,"business_unit,product,environment,cost_centre,team,service",,COMPLIANT
res-01269,EKS,"business_unit,product,environment,cost_centre,team,service",,COMPLIANT
res-01270,SQS,"business_unit,product,environment,cost_centre,team,service",,COMPLIANT
res-01271,CloudWatch,"business_unit,product,environment,cost_centre,team,service",,COMPLIANT
res-01272,SageMaker,"business_unit,product,environment,cost_centre,team,service",,COMPLIANT
res-01273,EC2,"business_unit,product,environment,cost_centre,team,service",,COMPLIANT
res-01274,RDS,"business_unit,product,environment,cost_centre,team,service",,COMPLIANT
res-01275,S3,"business_unit,product,environment,cost_centre,team,service",,COMPLIANT
res-01276,EBS,"business_unit,product,environment,cost_centre,team,service",,COMPLIANT
res-01277,EFS,"business_unit,product,environment,cost_centre,team,service",,COMPLIANT
res-01278,ALB,"business_unit,product,environment,cost_centre,team,service",,COMPLIANT
res-01279,NAT Gateway,"business_unit,product,environment,cost_centre,team,service",,COMPLIANT
res-01280,Lambda,"business_unit,product,environment,cost_centre,team,service",,COMPLIANT
res-01281,EKS,"business_unit,product,environment,cost_centre,team,service",business_unit,NON_COMPLIANT
res-01282,SQS,"business_unit,product,environment,cost_centre,team,service",,COMPLIANT
res-01283,CloudWatch,"business_unit,product,environment,cost_centre,team,service",,COMPLIANT
res-01284,SageMaker,"business_unit,product,environment,cost_centre,team,service",,COMPLIANT
res-01285,EC2,"business_unit,product,environment,cost_centre,team,service",,COMPLIANT
res-01286,RDS,"business_unit,product,environment,cost_centre,team,service",,COMPLIANT
res-01287,S3,"business_unit,product,environment,cost_centre,team,service",environment,NON_COMPLIANT
res-01288,EBS,"business_unit,product,environment,cost_centre,team,service",,COMPLIANT
res-01289,EFS,"business_unit,product,environment,cost_centre,team,service",,COMPLIANT
res-01290,ALB,"business_unit,product,environment,cost_centre,team,service",,COMPLIANT
res-01291,NAT Gateway,"business_unit,product,environment,cost_centre,team,service",cost_centre,NON_COMPLIANT
res-01292,Lambda,"business_unit,product,environment,cost_centre,team,service",,COMPLIANT
res-01293,EKS,"business_unit,product,environment,cost_centre,team,service",,COMPLIANT
res-01294,SQS,"business_unit,product,environment,cost_centre,team,service",,COMPLIANT
res-01295,CloudWatch,"business_unit,product,environment,cost_centre,team,service",,COMPLIANT
res-01296,SageMaker,"business_unit,product,environment,cost_centre,team,service",,COMPLIANT
res-01297,EC2,"business_unit,product,environment,cost_centre,team,service",,COMPLIANT
res-01298,RDS,"business_unit,product,environment,cost_centre,team,service",team,NON_COMPLIANT
res-01299,S3,"business_unit,product,environment,cost_centre,team,service",,COMPLIANT
res-01300,EBS,"business_unit,product,environment,cost_centre,team,service",,COMPLIANT
res-01301,EFS,"business_unit,product,environment,cost_centre,team,service",team,NON_COMPLIANT
res-01302,ALB,"business_unit,product,environment,cost_centre,team,service",,COMPLIANT
res-01303,NAT Gateway,"business_unit,product,environment,cost_centre,team,service",,COMPLIANT
res-01304,Lambda,"business_unit,product,environment,cost_centre,team,service",,COMPLIANT
res-01305,EKS,"business_unit,product,environment,cost_centre,team,service",,COMPLIANT
res-01306,SQS,"business_unit,product,environment,cost_centre,team,service",,COMPLIANT
res-01307,CloudWatch,"business_unit,product,environment,cost_centre,team,service",,COMPLIANT
res-01308,SageMaker,"business_unit,product,environment,cost_centre,team,service",,COMPLIANT
res-01309,EC2,"business_unit,product,environment,cost_centre,team,service",,COMPLIANT
res-01310,RDS,"business_unit,product,environment,cost_centre,team,service",,COMPLIANT
res-01311,S3,"business_unit,product,environment,cost_centre,team,service",,COMPLIANT
res-01312,EBS,"business_unit,product,environment,cost_centre,team,service",,COMPLIANT
res-01313,EFS,"business_unit,product,environment,cost_centre,team,service",,COMPLIANT
res-01314,ALB,"business_unit,product,environment,cost_centre,team,service",,COMPLIANT
res-01315,NAT Gateway,"business_unit,product,environment,cost_centre,team,service",,COMPLIANT
res-01316,Lambda,"business_unit,product,environment,cost_centre,team,service",,COMPLIANT
res-01317,EKS,"business_unit,product,environment,cost_centre,team,service",,COMPLIANT
res-01318,SQS,"business_unit,product,environment,cost_centre,team,service","environment,product",NON_COMPLIANT
res-01319,CloudWatch,"business_unit,product,environment,cost_centre,team,service",,COMPLIANT
res-01320,SageMaker,"business_unit,product,environment,cost_centre,team,service",,COMPLIANT
res-01321,EC2,"business_unit,product,environment,cost_centre,team,service",,COMPLIANT
res-01322,RDS,"business_unit,product,environment,cost_centre,team,service",,COMPLIANT
res-01323,S3,"business_unit,product,environment,cost_centre,team,service",,COMPLIANT
res-01324,EBS,"business_unit,product,environment,cost_centre,team,service",,COMPLIANT
res-01325,EFS,"business_unit,product,environment,cost_centre,team,service",,COMPLIANT
res-01326,ALB,"business_unit,product,environment,cost_centre,team,service",,COMPLIANT
res-01327,NAT Gateway,"business_unit,product,environment,cost_centre,team,service",,COMPLIANT
res-01328,Lambda,"business_unit,product,environment,cost_centre,team,service",,COMPLIANT
res-01329,EKS,"business_unit,product,environment,cost_centre,team,service",,COMPLIANT
res-01330,SQS,"business_unit,product,environment,cost_centre,team,service",cost_centre,NON_COMPLIANT
res-01331,CloudWatch,"business_unit,product,environment,cost_centre,team,service",,COMPLIANT
res-01332,SageMaker,"business_unit,product,environment,cost_centre,team,service",business_unit,NON_COMPLIANT
res-01333,EC2,"business_unit,product,environment,cost_centre,team,service","business_unit,team",NON_COMPLIANT
res-01334,RDS,"business_unit,product,environment,cost_centre,team,service",,COMPLIANT
res-01335,S3,"business_unit,product,environment,cost_centre,team,service",,COMPLIANT
res-01336,EBS,"business_unit,product,environment,cost_centre,team,service",,COMPLIANT
res-01337,EFS,"business_unit,product,environment,cost_centre,team,service",,COMPLIANT
res-01338,ALB,"business_unit,product,environment,cost_centre,team,service",environment,NON_COMPLIANT
res-01339,NAT Gateway,"business_unit,product,environment,cost_centre,team,service",,COMPLIANT
res-01340,Lambda,"business_unit,product,environment,cost_centre,team,service",,COMPLIANT
res-01341,EKS,"business_unit,product,environment,cost_centre,team,service",,COMPLIANT
res-01342,SQS,"business_unit,product,environment,cost_centre,team,service",,COMPLIANT
res-01343,CloudWatch,"business_unit,product,environment,cost_centre,team,service",,COMPLIANT
res-01344,SageMaker,"business_unit,product,environment,cost_centre,team,service",,COMPLIANT
res-01345,EC2,"business_unit,product,environment,cost_centre,team,service",,COMPLIANT
res-01346,RDS,"business_unit,product,environment,cost_centre,team,service",,COMPLIANT
res-01347,S3,"business_unit,product,environment,cost_centre,team,service",,COMPLIANT
res-01348,EBS,"business_unit,product,environment,cost_centre,team,service",product,NON_COMPLIANT
res-01349,EFS,"business_unit,product,environment,cost_centre,team,service",,COMPLIANT
res-01350,ALB,"business_unit,product,environment,cost_centre,team,service",,COMPLIANT
res-01351,NAT Gateway,"business_unit,product,environment,cost_centre,team,service",team,NON_COMPLIANT
res-01352,Lambda,"business_unit,product,environment,cost_centre,team,service",,COMPLIANT
res-01353,EKS,"business_unit,product,environment,cost_centre,team,service",business_unit,NON_COMPLIANT
res-01354,SQS,"business_unit,product,environment,cost_centre,team,service",,COMPLIANT
res-01355,CloudWatch,"business_unit,product,environment,cost_centre,team,service",,COMPLIANT
res-01356,SageMaker,"business_unit,product,environment,cost_centre,team,service",,COMPLIANT
res-01357,EC2,"business_unit,product,environment,cost_centre,team,service",,COMPLIANT
res-01358,RDS,"business_unit,product,environment,cost_centre,team,service",,COMPLIANT
res-01359,S3,"business_unit,product,environment,cost_centre,team,service",,COMPLIANT
res-01360,EBS,"business_unit,product,environment,cost_centre,team,service",,COMPLIANT
res-01361,EFS,"business_unit,product,environment,cost_centre,team,service",,COMPLIANT
res-01362,ALB,"business_unit,product,environment,cost_centre,team,service",,COMPLIANT
res-01363,NAT Gateway,"business_unit,product,environment,cost_centre,team,service",,COMPLIANT
res-01364,Lambda,"business_unit,product,environment,cost_centre,team,service",,COMPLIANT
res-01365,EKS,"business_unit,product,environment,cost_centre,team,service",,COMPLIANT
res-01366,SQS,"business_unit,product,environment,cost_centre,team,service",,COMPLIANT
res-01367,CloudWatch,"business_unit,product,environment,cost_centre,team,service","service,team",NON_COMPLIANT
res-01368,SageMaker,"business_unit,product,environment,cost_centre,team,service",business_unit,NON_COMPLIANT
res-01369,EC2,"business_unit,product,environment,cost_centre,team,service",,COMPLIANT
res-01370,RDS,"business_unit,product,environment,cost_centre,team,service",,COMPLIANT
res-01371,S3,"business_unit,product,environment,cost_centre,team,service",,COMPLIANT
res-01372,EBS,"business_unit,product,environment,cost_centre,team,service",,COMPLIANT
res-01373,EFS,"business_unit,product,environment,cost_centre,team,service",,COMPLIANT
res-01374,ALB,"business_unit,product,environment,cost_centre,team,service",product,NON_COMPLIANT
res-01375,NAT Gateway,"business_unit,product,environment,cost_centre,team,service",,COMPLIANT
res-01376,Lambda,"business_unit,product,environment,cost_centre,team,service",service,NON_COMPLIANT
res-01377,EKS,"business_unit,product,environment,cost_centre,team,service",,COMPLIANT
res-01378,SQS,"business_unit,product,environment,cost_centre,team,service",,COMPLIANT
res-01379,CloudWatch,"business_unit,product,environment,cost_centre,team,service",,COMPLIANT
res-01380,SageMaker,"business_unit,product,environment,cost_centre,team,service",business_unit,NON_COMPLIANT
res-01381,EC2,"business_unit,product,environment,cost_centre,team,service",service,NON_COMPLIANT
res-01382,RDS,"business_unit,product,environment,cost_centre,team,service",,COMPLIANT
res-01383,S3,"business_unit,product,environment,cost_centre,team,service",,COMPLIANT
res-01384,EBS,"business_unit,product,environment,cost_centre,team,service","product,service",NON_COMPLIANT
res-01385,EFS,"business_unit,product,environment,cost_centre,team,service",,COMPLIANT
res-01386,ALB,"business_unit,product,environment,cost_centre,team,service",,COMPLIANT
res-01387,NAT Gateway,"business_unit,product,environment,cost_centre,team,service",,COMPLIANT
res-01388,Lambda,"business_unit,product,environment,cost_centre,team,service",,COMPLIANT
res-01389,EKS,"business_unit,product,environment,cost_centre,team,service",,COMPLIANT
res-01390,SQS,"business_unit,product,environment,cost_centre,team,service",,COMPLIANT
res-01391,CloudWatch,"business_unit,product,environment,cost_centre,team,service",,COMPLIANT
res-01392,SageMaker,"business_unit,product,environment,cost_centre,team,service",,COMPLIANT
res-01393,EC2,"business_unit,product,environment,cost_centre,team,service",business_unit,NON_COMPLIANT
res-01394,RDS,"business_unit,product,environment,cost_centre,team,service",,COMPLIANT
res-01395,S3,"business_unit,product,environment,cost_centre,team,service",,COMPLIANT
res-01396,EBS,"business_unit,product,environment,cost_centre,team,service",,COMPLIANT
res-01397,EFS,"business_unit,product,environment,cost_centre,team,service",business_unit,NON_COMPLIANT
res-01398,ALB,"business_unit,product,environment,cost_centre,team,service",,COMPLIANT
res-01399,NAT Gateway,"business_unit,product,environment,cost_centre,team,service",,COMPLIANT
res-01400,Lambda,"business_unit,product,environment,cost_centre,team,service",,COMPLIANT
res-01401,EKS,"business_unit,product,environment,cost_centre,team,service",,COMPLIANT
res-01402,SQS,"business_unit,product,environment,cost_centre,team,service",,COMPLIANT
res-01403,CloudWatch,"business_unit,product,environment,cost_centre,team,service",,COMPLIANT
res-01404,SageMaker,"business_unit,product,environment,cost_centre,team,service",,COMPLIANT
res-01405,EC2,"business_unit,product,environment,cost_centre,team,service",,COMPLIANT
res-01406,RDS,"business_unit,product,environment,cost_centre,team,service",,COMPLIANT
res-01407,S3,"business_unit,product,environment,cost_centre,team,service",,COMPLIANT
res-01408,EBS,"business_unit,product,environment,cost_centre,team,service",,COMPLIANT
res-01409,EFS,"business_unit,product,environment,cost_centre,team,service",,COMPLIANT
res-01410,ALB,"business_unit,product,environment,cost_centre,team,service",business_unit,NON_COMPLIANT
res-01411,NAT Gateway,"business_unit,product,environment,cost_centre,team,service",,COMPLIANT
res-01412,Lambda,"business_unit,product,environment,cost_centre,team,service",,COMPLIANT
res-01413,EKS,"business_unit,product,environment,cost_centre,team,service",cost_centre,NON_COMPLIANT
res-01414,SQS,"business_unit,product,environment,cost_centre,team,service",,COMPLIANT
res-01415,CloudWatch,"business_unit,product,environment,cost_centre,team,service",cost_centre,NON_COMPLIANT
res-01416,SageMaker,"business_unit,product,environment,cost_centre,team,service",,COMPLIANT
res-01417,EC2,"business_unit,product,environment,cost_centre,team,service",,COMPLIANT
res-01418,RDS,"business_unit,product,environment,cost_centre,team,service",service,NON_COMPLIANT
res-01419,S3,"business_unit,product,environment,cost_centre,team,service",,COMPLIANT
res-01420,EBS,"business_unit,product,environment,cost_centre,team,service",,COMPLIANT
res-01421,EFS,"business_unit,product,environment,cost_centre,team,service",,COMPLIANT
res-01422,ALB,"business_unit,product,environment,cost_centre,team,service",environment,NON_COMPLIANT
res-01423,NAT Gateway,"business_unit,product,environment,cost_centre,team,service",environment,NON_COMPLIANT
res-01424,Lambda,"business_unit,product,environment,cost_centre,team,service",,COMPLIANT
res-01425,EKS,"business_unit,product,environment,cost_centre,team,service",,COMPLIANT
res-01426,SQS,"business_unit,product,environment,cost_centre,team,service",,COMPLIANT
res-01427,CloudWatch,"business_unit,product,environment,cost_centre,team,service",,COMPLIANT
res-01428,SageMaker,"business_unit,product,environment,cost_centre,team,service",,COMPLIANT
res-01429,EC2,"business_unit,product,environment,cost_centre,team,service",,COMPLIANT
res-01430,RDS,"business_unit,product,environment,cost_centre,team,service",,COMPLIANT
res-01431,S3,"business_unit,product,environment,cost_centre,team,service","cost_centre,team",NON_COMPLIANT
res-01432,EBS,"business_unit,product,environment,cost_centre,team,service",,COMPLIANT
res-01433,EFS,"business_unit,product,environment,cost_centre,team,service",,COMPLIANT
res-01434,ALB,"business_unit,product,environment,cost_centre,team,service",service,NON_COMPLIANT
res-01435,NAT Gateway,"business_unit,product,environment,cost_centre,team,service",,COMPLIANT
res-01436,Lambda,"business_unit,product,environment,cost_centre,team,service",,COMPLIANT
res-01437,EKS,"business_unit,product,environment,cost_centre,team,service",,COMPLIANT
res-01438,SQS,"business_unit,product,environment,cost_centre,team,service",,COMPLIANT
res-01439,CloudWatch,"business_unit,product,environment,cost_centre,team,service",,COMPLIANT
res-01440,SageMaker,"business_unit,product,environment,cost_centre,team,service",,COMPLIANT
res-01441,EC2,"business_unit,product,environment,cost_centre,team,service",,COMPLIANT
res-01442,RDS,"business_unit,product,environment,cost_centre,team,service",,COMPLIANT
res-01443,S3,"business_unit,product,environment,cost_centre,team,service",,COMPLIANT
res-01444,EBS,"business_unit,product,environment,cost_centre,team,service",,COMPLIANT
res-01445,EFS,"business_unit,product,environment,cost_centre,team,service",,COMPLIANT
res-01446,ALB,"business_unit,product,environment,cost_centre,team,service",,COMPLIANT
res-01447,NAT Gateway,"business_unit,product,environment,cost_centre,team,service",team,NON_COMPLIANT
res-01448,Lambda,"business_unit,product,environment,cost_centre,team,service",,COMPLIANT
res-01449,EKS,"business_unit,product,environment,cost_centre,team,service",,COMPLIANT
res-01450,SQS,"business_unit,product,environment,cost_centre,team,service",,COMPLIANT
res-01451,CloudWatch,"business_unit,product,environment,cost_centre,team,service",,COMPLIANT
res-01452,SageMaker,"business_unit,product,environment,cost_centre,team,service",,COMPLIANT
res-01453,EC2,"business_unit,product,environment,cost_centre,team,service",,COMPLIANT
res-01454,RDS,"business_unit,product,environment,cost_centre,team,service",,COMPLIANT
res-01455,S3,"business_unit,product,environment,cost_centre,team,service",,COMPLIANT
res-01456,EBS,"business_unit,product,environment,cost_centre,team,service",,COMPLIANT
res-01457,EFS,"business_unit,product,environment,cost_centre,team,service",,COMPLIANT
res-01458,ALB,"business_unit,product,environment,cost_centre,team,service",,COMPLIANT
res-01459,NAT Gateway,"business_unit,product,environment,cost_centre,team,service",service,NON_COMPLIANT
res-01460,Lambda,"business_unit,product,environment,cost_centre,team,service",,COMPLIANT
res-01461,EKS,"business_unit,product,environment,cost_centre,team,service",,COMPLIANT
res-01462,SQS,"business_unit,product,environment,cost_centre,team,service",,COMPLIANT
res-01463,CloudWatch,"business_unit,product,environment,cost_centre,team,service",,COMPLIANT
res-01464,SageMaker,"business_unit,product,environment,cost_centre,team,service",,COMPLIANT
res-01465,EC2,"business_unit,product,environment,cost_centre,team,service",,COMPLIANT
res-01466,RDS,"business_unit,product,environment,cost_centre,team,service",,COMPLIANT
res-01467,S3,"business_unit,product,environment,cost_centre,team,service",,COMPLIANT
res-01468,EBS,"business_unit,product,environment,cost_centre,team,service",,COMPLIANT
res-01469,EFS,"business_unit,product,environment,cost_centre,team,service",,COMPLIANT
res-01470,ALB,"business_unit,product,environment,cost_centre,team,service",,COMPLIANT
res-01471,NAT Gateway,"business_unit,product,environment,cost_centre,team,service",,COMPLIANT
res-01472,Lambda,"business_unit,product,environment,cost_centre,team,service","service,team",NON_COMPLIANT
res-01473,EKS,"business_unit,product,environment,cost_centre,team,service",,COMPLIANT
res-01474,SQS,"business_unit,product,environment,cost_centre,team,service",,COMPLIANT
res-01475,CloudWatch,"business_unit,product,environment,cost_centre,team,service",,COMPLIANT
res-01476,SageMaker,"business_unit,product,environment,cost_centre,team,service",,COMPLIANT
res-01477,EC2,"business_unit,product,environment,cost_centre,team,service",,COMPLIANT
res-01478,RDS,"business_unit,product,environment,cost_centre,team,service",,COMPLIANT
res-01479,S3,"business_unit,product,environment,cost_centre,team,service",,COMPLIANT
res-01480,EBS,"business_unit,product,environment,cost_centre,team,service",,COMPLIANT
res-01481,EFS,"business_unit,product,environment,cost_centre,team,service",,COMPLIANT
res-01482,ALB,"business_unit,product,environment,cost_centre,team,service",,COMPLIANT
res-01483,NAT Gateway,"business_unit,product,environment,cost_centre,team,service",,COMPLIANT
res-01484,Lambda,"business_unit,product,environment,cost_centre,team,service","business_unit,team",NON_COMPLIANT
res-01485,EKS,"business_unit,product,environment,cost_centre,team,service",,COMPLIANT
res-01486,SQS,"business_unit,product,environment,cost_centre,team,service",,COMPLIANT
res-01487,CloudWatch,"business_unit,product,environment,cost_centre,team,service","environment,product",NON_COMPLIANT
res-01488,SageMaker,"business_unit,product,environment,cost_centre,team,service",,COMPLIANT
res-01489,EC2,"business_unit,product,environment,cost_centre,team,service",,COMPLIANT
res-01490,RDS,"business_unit,product,environment,cost_centre,team,service",,COMPLIANT
res-01491,S3,"business_unit,product,environment,cost_centre,team,service",,COMPLIANT
res-01492,EBS,"business_unit,product,environment,cost_centre,team,service",,COMPLIANT
res-01493,EFS,"business_unit,product,environment,cost_centre,team,service","cost_centre,team",NON_COMPLIANT
res-01494,ALB,"business_unit,product,environment,cost_centre,team,service",,COMPLIANT
res-01495,NAT Gateway,"business_unit,product,environment,cost_centre,team,service",,COMPLIANT
res-01496,Lambda,"business_unit,product,environment,cost_centre,team,service",,COMPLIANT
res-01497,EKS,"business_unit,product,environment,cost_centre,team,service",,COMPLIANT
res-01498,SQS,"business_unit,product,environment,cost_centre,team,service",,COMPLIANT
res-01499,CloudWatch,"business_unit,product,environment,cost_centre,team,service",,COMPLIANT
res-01500,SageMaker,"business_unit,product,environment,cost_centre,team,service",,COMPLIANT
